B_PDB	IU_DELG	IB_DELG	IU_AVG_DELG	IB_AVG_DELG	I_SUM_DELTAE	I_AVG_DELTAE	ICOUNT	U_PDB	NU_DELG	NB_DELG	NU_AVG_DELG	NB_AVG_DELG	N_SUM_DELTAE	N_AVG_DELTAE	NCOUNT
1ASY	58.20649989540833	46.39261879167069	0.9542049163181693	0.7605347342896834	11.813881103737636	0.19367018202848582	61	1ASY	365.7328567996564	357.35159149280366	1.0820498721883327	1.0572532292686498	8.381265306852756	0.02479664291968271	338
1B23	46.25555986120085	48.14661509294011	1.0279013302489077	1.0699247798431135	-1.8910552317392555	-0.042023449594205675	45	1B23	231.71702704491622	241.1693992414907	0.9195120120830009	0.9570214255614711	-9.452372196574471	-0.03750941347847012	252
1C0A	46.88575280323558	42.055936118188335	0.9975692085794805	0.8948071514508157	4.829816685047248	0.10276205712866486	47	1C0A	451.05368276124693	426.75363318681593	1.1304603577976113	1.0695579779118194	24.300049574431053	0.06090237988579211	399
1QTQ	77.36021401889829	73.45317746702892	1.1211625220130188	1.0645388038699843	3.9070365518693553	0.05662371814303414	69	1QTQ	367.981677779209	383.18154787475	1.0604659301994497	1.104269590417147	-15.199870095540962	-0.0438036602176973	347
2BTE	9.80681370152146	13.511729473785826	0.75437028473242	1.0393638056758328	-3.7049157722643624	-0.2849935209434125	13	2BTE	663.2647281687439	690.9955481231384	1.0908959344880655	1.136505835728846	-27.73081995439454	-0.045609901240780494	608
2DRB	48.63650813362656	47.52235136959622	0.99258179864544	0.9698439055019638	1.1141567640303487	0.022737893143476504	49	2DRB	359.35539643536566	346.2142995347689	1.17436404063845	1.1314192795253886	13.141096900596754	0.04294476111306129	306
2FMT	29.07986791672609	30.852920779176323	0.9693289305575363	1.0284306926392108	-1.7730528624502344	-0.05910176208167448	30	2FMT	175.48807846277305	170.04219263739276	0.8999388639116567	0.8720112442943219	5.4458858253803	0.02792761961733487	195
2ZZM	67.98375740304638	63.219081430012885	1.1144878262794489	1.0363783840985719	4.7646759730334765	0.07810944218087666	61	2ZZM	212.51803553681168	206.2894633654389	1.011990645413389	0.9823307779306615	6.228572171372713	0.029659867482727205	210
3HL2	18.15364860009336	19.803365249527353	0.75640202500389	0.8251402187303064	-1.6497166494339948	-0.06873819372641644	24	3HL2	1302.4365835819472	1391.3754271240914	0.9719675996880203	1.038339870988128	-88.93884354214445	-0.0663722713001078	1340
3VJR	7.428988932347204	4.994208427768216	0.9286236165434005	0.624276053471027	2.434780504578989	0.30434756307237365	8	3VJR	127.59315908986719	133.9712573655974	0.9968215553895874	1.0466504481687298	-6.378098275730238	-0.049828892779142486	128
1DFU	14.031995639131143	19.82141756140929	0.7385260862700601	1.043232503232068	-5.78942192227815	-0.3047064169620079	19	1DFU	50.338773310798835	50.578393834704485	0.9870347707999771	0.991733212445186	-0.2396205239056528	-0.004698441645208879	51
1FEU	21.44748523526435	30.510758378757057	0.857899409410574	1.2204303351502823	-9.063273143492703	-0.36253092573970813	25	1FEU	110.9399250382447	113.32712954409446	0.9168588846135926	0.9365878474718551	-2.3872045058497804	-0.019728962858262648	121
1MMS	23.73744272965521	27.61151296409945	0.7417950853017253	0.8628597801281078	-3.8740702344442397	-0.12106469482638249	32	1MMS	74.67229229401077	68.98484686611309	1.0517224266762082	0.9716175614945506	5.687445427897685	0.08010486518165753	71
1OOA	22.04283356346456	25.483698265766748	0.91845139847769	1.0618207610736146	-3.440864702302192	-0.14336936259592467	24	1OOA	219.09231044306864	242.6402940106548	0.9780906716208422	1.0832155982618519	-23.54798356758622	-0.1051249266410099	224
1R3E	50.02489674018616	45.967751146142234	1.1910689700044323	1.094470265384339	4.057145594043912	0.09659870462009315	42	1R3E	199.42100441625985	202.313050169508	0.9727853873963895	0.9868929276561366	-2.8920457532481656	-0.01410754025974715	205
2R8S	34.38199571045543	38.27551345714814	1.3223844504021318	1.4721351329672363	-3.8935177466927193	-0.1497506825651046	26	2R8S	306.0731670523817	319.8087494837025	1.0270911646053076	1.0731837230996728	-13.735582431320744	-0.04609255849436491	298
3SNP	42.48070983476179	46.59348633206114	0.9440157741058175	1.0354108073791364	-4.112776497299343	-0.09139503327331874	45	3SNP	713.139882771645	706.4316394263635	1.1108097862486683	1.1003608090753325	6.7082433452815025	0.010448977173335674	642
1JBS	21.570379537680488	26.921409424808296	0.8628151815072195	1.0768563769923318	-5.351029887127805	-0.2140411954851122	25	1JBS	106.35430216251933	94.4085538819537	1.1949921591294308	1.0607702683365583	11.945748280565649	0.13422189079287247	89
1WSU	10.270908740349519	9.38778119788909	0.9337189763954108	0.8534346543535537	0.8831275424604265	0.08028432204185695	11	1WSU	118.03989990484652	96.3133326665082	1.2971417571961157	1.0583882710605297	21.726567238338315	0.2387534861355859	91
1ZBH	8.023377891111558	7.748281213475959	0.7293979901010507	0.7043892012250872	0.275096677635601	0.025008788875963726	11	1ZBH	401.979351045647	402.9535640647182	1.1013132905360192	1.1039823673005977	-0.97421301907118	-0.002669076764578575	365
2BH2	71.5143488315067	62.2722369937645	1.0835507398713136	0.9435187423297652	9.24211183774218	0.14003199754154816	66	2BH2	243.1221274739436	239.29434634945872	0.9763940862407374	0.9610214712829668	3.827781124484883	0.015372614957770614	249
1F7U	97.18796545215852	85.77015697843484	1.1044086983199832	0.9746608747549413	11.417808473723683	0.12974782356504186	88	1F7U	436.77930441166836	443.7485795677329	1.0784674183004157	1.0956755051055134	-6.96927515606454	-0.01720808680509763	405
1H3E	51.65101048783239	53.65473163529864	0.9391092815969525	0.975540575187248	-2.0037211474662473	-0.036431293590295406	55	1H3E	606.5014634247815	567.268678238682	1.0621741916370955	0.9934652858821051	39.232785186099434	0.06870890575499025	571
1H4S	39.4852765898693	42.217949869482275	1.1281507597105513	1.206227139128065	-2.7326732796129747	-0.07807637941751357	35	1H4S	752.8246154513703	762.252064219091	1.1169504680287392	1.1309377807404912	-9.42744876772088	-0.013987312711752048	674
1J1U	15.965118886330819	15.03236945023735	0.840269415070043	0.7911773394861763	0.9327494360934694	0.04909207558386681	19	1J1U	464.7718882694652	484.33489828111135	1.0611230325786876	1.1057874389979712	-19.563010011646114	-0.04466440641928336	438
1N78	75.71620274205951	81.29839013181301	0.9962658255534146	1.0697156596291186	-5.582187389753492	-0.07344983407570384	76	1N78	335.15796978351705	328.46852870613776	1.1677978041237527	1.1444896470597135	6.689441077379249	0.023308157064039197	287
1QF6	47.516866396491025	45.56675945775618	1.0109971573721495	0.969505520377791	1.95010693873484	0.041491636994358295	47	1QF6	306.9407516676216	316.25201183609556	1.0884423818000766	1.1214610348797716	-9.311260168473996	-0.03301865307969502	282
1SER	26.325303622616453	27.664276959549078	0.7742736359593074	0.81365520469262	-1.3389733369326229	-0.03938156873331244	34	1SER	601.5612484077697	629.5981110564571	1.0498451106592839	1.0987750629257542	-28.036862648687627	-0.04892995226647055	573
1U0B	52.85302721594029	48.386998762473574	1.0363338669792213	0.9487646816171289	4.466028453466734	0.08756918536209282	51	1U0B	244.04376487331513	252.97754274785768	1.0656932963900223	1.1047054268465402	-8.933777874542567	-0.03901213045651776	229
1VFG	29.28475495354131	27.816787896984	0.9151485922981659	0.86927462178075	1.4679670565573133	0.04587397051741604	32	1VFG	302.5632689082198	268.83158882281873	1.2102530756328793	1.0753263552912748	33.73168008540102	0.13492672034160408	250
2AZX	28.793655398256647	32.89932694780437	0.8226758685216184	0.9399807699372676	-4.105671549547713	-0.11730490141564895	35	2AZX	655.9836577339789	658.5159058659028	1.1329596852054904	1.1373331707528547	-2.532248131923952	-0.004373485547364339	579
2FK6	8.914256058643451	13.34201916001839	0.5942837372428967	0.889467944001226	-4.427763101374938	-0.29518420675832924	15	2FK6	184.7449251885992	212.95048983517552	0.982685772279783	1.1327153714636995	-28.20556464657632	-0.1500295991839166	188
3ADB	41.82328579296782	40.97798389330684	1.0455821448241955	1.024449597332671	0.845301899660988	0.0211325474915247	40	3ADB	171.5742593898486	175.3280522433289	1.0398439963021127	1.062594256020175	-3.7537928534802827	-0.02275025971806232	165
3AMT	39.04721247190488	33.38286824097044	0.9296955350453542	0.7948301962135819	5.664344230934444	0.13486533883177249	42	3AMT	280.9721404568053	266.39464623685615	1.156263952497141	1.0962742643492023	14.577494219949171	0.05998968814793898	243
4YCP	40.69607424883223	34.70825305418061	1.2717523202760073	1.084632907943144	5.987821194651618	0.18711941233286306	32	4YCP	169.84567683838026	189.3087710057165	0.8710034709660526	0.9708142102857256	-19.463094167336187	-0.09981073931967276	195
4YVJ	38.29401115336708	48.03988554033824	1.1966878485427213	1.50124642313557	-9.745874386971158	-0.3045585745928487	32	4YVJ	325.2877851133329	308.3680379841745	0.9652456531552905	0.9150386883803399	16.919747129158452	0.050206964774950895	337
5HR7	47.5471997194353	52.61255953033541	0.9509439943887059	1.0522511906067082	-5.0653598109001035	-0.10130719621800206	50	5HR7	218.68017583755483	218.57972943988943	1.0218699805493217	1.0214006048592965	0.10044639766544117	0.000469375690025426	214
1SDS	10.714193690018487	8.809270713608818	0.8928494741682073	0.7341058928007348	1.9049229764096716	0.15874358136747263	12	1SDS	68.22198544238971	58.550840436595905	0.9745997920341387	0.8364405776656558	9.671145005793798	0.13815921436848283	70
2HW8	23.91114620934204	34.27701014884374	0.9564458483736815	1.3710804059537498	-10.365863939501699	-0.41463455758006795	25	2HW8	126.24353795147283	138.2425285610343	0.9148082460251654	1.0017574533408282	-11.998990609561474	-0.08694920731566286	138
1MSW	34.7500186060654	31.821044029465554	1.1982765036574277	1.0972773803263984	2.9289745765998414	0.10099912333102902	29	1MSW	613.0762397062206	613.2884198149494	1.053395600869795	1.0537601715033496	-0.21218010872884374	-0.0003645706335547143	582
1N35	59.37676743458162	53.00667615037595	0.9896127905763604	0.8834446025062659	6.370091284205682	0.10616818807009469	60	1N35	1052.3989891750748	1058.1063047011685	1.1231579393544022	1.1292489911431893	-5.7073155260935735	-0.006091051788787165	937
1Q2R	31.7735980509085	28.872277147874083	1.024954775835758	0.9313637789636801	2.901320903034421	0.0935909968720781	31	1Q2R	503.2341558399477	467.69151212261806	1.115818527361303	1.0370100047064703	35.542643717329625	0.07880852265483287	451
1WNE	46.12118133691817	42.89062508742631	0.9224236267383634	0.8578125017485262	3.230556249491862	0.06461112498983723	50	1WNE	390.9421171147583	358.1930600643936	1.1882739122029127	1.0887327053628983	32.7490570503647	0.09954120684001427	329
1YVP	42.474479588267734	54.85701499121276	0.7865644368197728	1.0158706479854214	-12.382535402945011	-0.22930621116564837	54	1YVP	349.8748780520084	357.53154224234265	0.9507469512282837	0.9715531039194094	-7.656664190334179	-0.020806152691125485	368
1ZBI	12.137026168827717	13.279084220897769	0.7139427158133951	0.7811226012292805	-1.1420580520700516	-0.06717988541588539	17	1ZBI	92.12062027318902	104.19389334841124	0.9905443040127851	1.1203644446065724	-12.073273075222223	-0.12982014059378735	93
2AZ0	23.318732994819587	21.313919199368552	0.8328118926721281	0.7612113999774482	2.0048137954510357	0.07160049269467984	28	2AZ0	75.48592406074646	78.1932093280773	0.8481564501207467	0.8785753857087337	-2.7072852673308376	-0.030418935587986938	89
2BGG	50.0262262898126	51.03855003027381	1.5633195715566437	1.5949546884460566	-1.0123237404612069	-0.031635116889412715	32	2BGG	335.06384316606164	323.8971483371779	1.105821264574461	1.0689674862613132	11.16669482888383	0.036853778313147956	303
2EZ6	28.640127523137206	35.111807857364624	0.8423566918569767	1.0327002310989595	-6.471680334227423	-0.19034353924198302	34	2EZ6	225.26591537865085	214.5892767541472	1.217653596641356	1.1599420365089037	10.67663862450368	0.05771156013245232	185
2F8S	19.880856517028146	19.684598238847727	1.0463608693172708	1.0360314862551434	0.19625827818042285	0.010329383062127518	19	2F8S	633.9851064138609	624.3742141426471	1.1402609827587427	1.1229752052925308	9.610892271213853	0.017285777466211967	556
2GJW	76.38771915492931	72.14736396837225	1.4145873917579503	1.3360622957105972	4.240355186557035	0.0785250960473525	54	2GJW	387.32046466727286	407.59578202583776	1.0669985252541951	1.1228533940105723	-20.27531735856489	-0.05585486875637711	363
2GXB	14.680321885171573	15.945140956388046	1.4680321885171572	1.5945140956388046	-1.2648190712164733	-0.12648190712164734	10	2GXB	31.952787100954527	29.878367390959884	0.8635888405663386	0.8075234429989158	2.0744197099946344	0.05606539756742255	37
2QUX	27.09432004564675	29.52754488515631	0.9031440015215584	0.984251496171877	-2.4332248395095615	-0.08110749465031872	30	2QUX	140.16471179786132	137.25478028077075	0.8652142703571686	0.8472517301282145	2.9099315170905777	0.017962540228954185	162
2Y8W	35.988598830778706	34.86235865544042	1.1996199610259568	1.162078621848014	1.126240175338289	0.037541339177942966	30	2Y8W	99.24371206034759	102.29918873867841	0.8705588777223473	0.8973613047252492	-3.0554766783308205	-0.026802427002901932	114
2ZKO	23.273040051977127	20.768955040826416	0.8311800018563259	0.7417483943152291	2.5040850111507065	0.08943160754109666	28	2ZKO	94.05941732141886	88.39208099461243	1.0336199705650424	0.9713415493913453	5.6673363268064225	0.06227842117369695	91
3BSN	52.188873891937455	57.263166585998114	0.8417560305151203	0.9235994610644858	-5.074292694060677	-0.08184343054936576	62	3BSN	323.60371076412764	347.9689816160575	0.965981226161575	1.0387133779583806	-24.36527085192981	-0.07273215179680541	335
3DD2	23.708692580731196	24.35172099938472	1.0308127209013562	1.0587704782341183	-0.6430284186535261	-0.027957757332762005	23	3DD2	203.90343858512023	194.8780249111992	1.102180749108758	1.0533947292497254	9.025413673921053	0.04878601985903272	185
3EQT	40.790971766015204	45.24471305660309	1.1024586963787892	1.2228300826108942	-4.453741290587881	-0.12037138623210489	37	3EQT	180.62401922674997	182.76850408377157	1.0440694752991329	1.0564653415246912	-2.144484857021628	-0.012395866225558544	173
3FTE	6.435758955013963	5.014333147622403	0.9193941364305661	0.7163333068032004	1.4214258073915602	0.20306082962736574	7	3FTE	197.06990665645955	208.54241099148337	1.0158242611157708	1.0749608813993987	-11.472504335023771	-0.059136620283627685	194
3KS8	23.526968421211564	27.686072382323495	0.8402488721861273	0.9887882993686963	-4.1591039611119305	-0.14853942718256893	28	3KS8	143.989327640561	172.13901880159395	0.8570793311938154	1.0246370166761545	-28.14969116103297	-0.1675576854823391	168
3MOJ	12.503783783581287	12.332890861912214	0.7355166931518404	0.7254641683477773	0.17089292166907477	0.010052524804063222	17	3MOJ	33.0695690444633	43.90098609495076	0.9448448298418086	1.2543138884271645	-10.83141705048745	-0.3094690585853557	35
3O3I	44.82601991909088	39.227115756334534	2.6368247011229933	2.3074773974314433	5.598904162756349	0.32934730369154996	17	3O3I	73.35996281582177	81.72057368319415	0.9527267898158672	1.0613061517297941	-8.360610867372353	-0.10857936191392666	77
3OIJ	21.97438870950462	21.258011831725774	0.8138662485001711	0.7873337715453991	0.7163768777788498	0.026532476954772215	27	3OIJ	299.43720832272777	293.98135820589505	0.9357412760085243	0.918691744393422	5.455850116832657	0.017049531615102052	320
3OL6	57.92741731792964	65.72775570066824	0.8776881411807521	0.9958750863737612	-7.8003383827386	-0.1181869451930091	66	3OL6	339.9739195782464	357.5302701425835	1.0966900631556336	1.15332345207285	-17.556350564337116	-0.056633388917216504	310
3RW6	37.35336188571261	40.970786344969206	0.9110576069686002	0.9992874718285172	-3.6174244592565947	-0.08822986485991695	41	3RW6	163.41070663456694	167.11103266029286	0.9556181674536078	0.9772575009373852	-3.7003260257259143	-0.021639333483777275	171
4ERD	53.385310744268125	64.70553683262179	1.668290960758379	2.022048026019431	-11.320226088353664	-0.353757065261052	32	4ERD	121.10789031490629	133.17516236526902	0.8650563593921877	0.9512511597519215	-12.06727205036276	-0.086194800359734	140
4FVU	21.145094478745197	17.91173117545305	1.0069092608926284	0.8529395797834786	3.233363303292141	0.15396968110914958	21	4FVU	148.64305620537817	150.34213185145893	0.9589874593895366	0.9699492377513479	-1.6990756460807273	-0.010961778361811144	155
4IG8	37.91189287679754	34.9659901068391	0.9246803140682326	0.8528290269960757	2.9459027699584404	0.07185128707215709	41	4IG8	266.28856183436824	247.5907087572702	1.199498026280938	1.1152734628705865	18.69785307709796	0.08422456341035117	222
4ILL	93.00275714432486	104.79049359314047	0.8773845013615553	0.9885895621994384	-11.787736448815618	-0.11120506083788319	106	4ILL	345.72602446179394	391.17103847221006	1.0050175129703312	1.1371251118378198	-45.4450140104161	-0.13210759886748866	344
4ZT0	125.8618740219279	122.74608499951306	1.1986845144945515	1.1690103333286959	3.115789022414837	0.02967418116585559	105	4ZT0	879.1311527084929	891.1318175241321	1.0210582493710718	1.0349963037446366	-12.000664815639212	-0.013938054373564705	861
5ED1	24.191153891486962	22.428949663834587	0.9304289958264216	0.8626519101474841	1.762204227652373	0.06777708567893742	26	5ED1	259.5439556899909	277.63197283622264	0.9577267737638041	1.0244722244879065	-18.088017146231767	-0.06674545072410246	271
5F5H	25.61106425571662	23.130103643111305	1.0244425702286648	0.9252041457244522	2.4809606126053154	0.09923842450421262	25	5F5H	94.46879767609356	86.5334003238042	1.0858482491505006	0.9946367853310828	7.935397352289331	0.0912114638194176	87
1AV6	16.351644676404685	14.116169016125815	0.9618614515532168	0.8303628833015185	2.235475660278872	0.13149856825169837	17	1AV6	289.95300136339085	280.01495578369145	1.2338425589931525	1.1915530033348571	9.938045579699482	0.04228955565829567	235
1C9S	19.240274808597434	17.252372051567765	1.1317808710939667	1.0148454147981039	1.9879027570296723	0.11693545629586308	17	1C9S	26.78449433772019	25.445949956716394	0.8640159463780707	0.8208370953779481	1.338544381003803	0.04317885100012268	31
1CVJ	34.52125020072896	18.527214839735	1.816907905301524	0.9751165705123683	15.994035360993957	0.8417913347891556	19	1CVJ	45.88063316535042	47.350544327003945	0.9558465242781337	0.9864696734792489	-1.4699111616535254	-0.030623149201115113	48
1G2E	57.99334823987115	50.98470491568485	1.4144719082895403	1.2435293881874354	7.008643324186306	0.17094252010210503	41	1G2E	90.90886664440858	99.48566360742844	0.9569354383621955	1.0472175116571414	-8.576796963019856	-0.09028207329494585	95
1K8W	30.61478329084363	28.557800274259904	0.9567119778388634	0.892431258570622	2.0569830165837284	0.06428071926824151	32	1K8W	168.3069287493858	179.77509717943252	0.9247633447768451	0.9877752592276512	-11.468168430046696	-0.06301191445080602	182
1KQ2	65.22365232330391	58.84766497921149	1.4823557346205434	1.3374469313457156	6.375987344092426	0.14490880327482786	44	1KQ2	299.03347967164154	297.90973630719066	1.1241860138031636	1.1199614146886867	1.1237433644509363	0.004224599114477204	266
1M5O	23.69197453407677	26.994412936434806	0.9476789813630708	1.0797765174573923	-3.3024384023580335	-0.13209753609432134	25	1M5O	47.66751409438939	45.09883741824072	1.0142024275401997	0.959549732302994	2.568676676148672	0.05465269523720579	47
1M8V	18.918938918354076	19.85991114979354	0.9459469459177038	0.9929955574896769	-0.9409722314394608	-0.04704861157197304	20	1M8V	88.18431854921349	93.26518969414461	0.8907506924162979	0.9420726231731779	-5.080871144931107	-0.05132193075687987	99
1M8W	60.73758083736392	52.215457248856154	1.5983573904569452	1.3740909802330568	8.522123588507771	0.2242664102238887	38	1M8W	222.00923351768841	209.39295200970986	0.9407170911766458	0.8872582712275842	12.616281507978595	0.05345881994906184	236
1UVI	45.37423150118134	48.9394709358372	1.1940587237152984	1.287880814100979	-3.565239434655851	-0.09382209038568029	38	1UVI	490.597194113226	496.2365325760354	1.0285056480361132	1.0403281605367618	-5.639338462809365	-0.011822512500648563	477
1WPU	17.262252153381176	19.582983423147887	0.9085395870200619	1.030683338060415	-2.3207312697667124	-0.12214375104035329	19	1WPU	84.9237854175637	92.83902893172238	0.913158982984556	0.9982691282980901	-7.915243514158691	-0.08511014531353431	93
2A8V	26.318715922361555	18.08228152175656	2.0245166094124274	1.3909447324428124	8.236434400604995	0.633571876969615	13	2A8V	77.11731682775724	73.50348629218243	0.976168567439965	0.9304238771162333	3.6138305355748024	0.04574469032373168	79
2ASB	32.54631725290162	28.091306394849692	0.9862520379667159	0.8512517089348391	4.455010858051929	0.13500032903187664	33	2ASB	111.94713147491002	96.3523362287225	0.9027994473783066	0.7770349695864718	15.594795246187527	0.1257644777918349	124
2GIC	30.829759426936015	26.71783104321927	0.9634299820917505	0.8349322201006022	4.111928383716737	0.12849776199114804	32	2GIC	343.95391131680356	325.11890611289084	1.1131194540996878	1.052164744701912	18.835005203912747	0.06095470939777588	309
2IX1	87.37997339047264	95.87893235916549	1.1348048492269174	1.245180939729422	-8.49895896869286	-0.11037609050250466	77	2IX1	396.649173664913	416.38727155596405	0.9466567390570716	0.9937643712552842	-19.738097891051055	-0.04710763219821254	419
2JEA	19.112777302650578	25.176356169426956	0.7351068193327145	0.968321391131806	-6.063578866776371	-0.2332145717990912	26	2JEA	336.4515041048699	352.786406598582	0.9371908192336209	0.9826919403860223	-16.334902493712086	-0.045501121152401354	359
2JLU	29.928303561358618	39.86127588532349	0.8088730692259086	1.0773317806844185	-9.93297232396487	-0.26845871145851	37	2JLU	321.00992511810466	325.3432588889309	1.0000309193710426	1.0135304015231492	-4.333333770826277	-0.013499482152106782	321
2PY9	10.41977959086787	10.803117207652042	0.7442699707762764	0.771651229118003	-0.38333761678417255	-0.02738125834172661	14	2PY9	29.44434612297747	35.86122630546064	0.7361086530744367	0.896530657636516	-6.416880182483168	-0.1604220045620792	40
2Q66	32.89686268714618	41.445264204698084	0.9399103624898909	1.1841504058485166	-8.548401517551891	-0.24424004335862545	35	2Q66	408.6334457744231	387.94888162080457	1.0725287290667271	1.0182385344378073	20.68456415361856	0.0542901946289201	381
2R7R	42.63699880459343	40.662202343165184	1.2181999658455267	1.1617772098047194	1.9747964614282445	0.05642275604080699	35	2R7R	993.7332034057844	963.9556533323116	1.1228623767297	1.0892154274941375	29.7775500734727	0.03364694923556237	885
2XGJ	23.713335900919233	26.263962603872443	0.8469048536042584	0.9379986644240158	-2.5506267029532017	-0.0910938108197572	28	2XGJ	755.4546537821709	731.3392697499035	1.0434456543952637	1.0101371129142314	24.115384032267386	0.0333085414810323	724
2XNR	19.423357817377696	18.016062396217404	1.387382701241264	1.2868615997298145	1.407295421160292	0.10052110151144943	14	2XNR	49.96110084494483	52.14412925800692	1.0630021456371241	1.1094495586809983	-2.1830284130620834	-0.04644741304387411	47
2XZO	45.22927926208707	43.88884983821536	1.1597251092842837	1.125355124056804	1.3404294238717105	0.034369985227479756	39	2XZO	450.02136380586944	465.62711723687147	1.0135616301933996	1.0487097235064673	-15.605753431001997	-0.03514809331306756	444
3AEV	22.989327733880177	26.348346999514572	0.7184164916837555	0.8233858437348304	-3.3590192656343945	-0.10496935205107483	32	3AEV	92.33446098644914	100.00935799024398	0.9519016596541149	1.031024309177773	-7.674897003794837	-0.0791226495236581	97
3BX2	51.67550268349175	52.17208337599805	1.2017558763602734	1.2133042645580943	-0.4965806925063051	-0.01154838819782105	43	3BX2	193.9283840592989	194.85234500618418	0.9019924839967391	0.9062899767729496	-0.9239609468852628	-0.004297492776210525	215
3D2S	9.507728788391223	13.811316450831917	0.7923107323659352	1.1509430375693264	-4.303587662440694	-0.3586323052033911	12	3D2S	45.529811654036976	47.48133247773834	1.0117735923119329	1.0551407217275186	-1.9515208237013717	-0.043367129415586035	45
3MDG	22.507243609398174	20.92500720962823	1.1845917689156933	1.1013161689278015	1.5822363997699418	0.08327559998789168	19	3MDG	323.5831038153681	372.9564568919423	1.0239971639726837	1.1802419521896907	-49.37335307657422	-0.15624478821700702	316
3NMR	16.402749659848205	15.875273890592837	0.9648676270498944	0.9338396406231081	0.5274757692553651	0.031027986426786183	17	3NMR	112.46514910782525	100.38834673969984	0.9612405906651731	0.8580200576042721	12.076802368125403	0.10322053306090088	117
3O8C	19.53345639221687	27.607404559281054	0.697623442579174	0.9859787342600377	-8.073948167064179	-0.28835529168086355	28	3O8C	447.21503078792216	432.7342718750066	1.0095147421849258	0.9768267988149133	14.480758912915526	0.032687943370012476	443
3PF4	21.55303357364779	15.430240231114666	1.6579256595113685	1.1869415562395897	6.122793342533128	0.4709841032717791	13	3PF4	31.513361597131098	29.470894313204717	0.9268635763862088	0.8667910092119034	2.0424672839263764	0.06007256717430519	34
3QJJ	57.1188153432784	52.26093213978962	1.2417133770277913	1.136107220430209	4.857883203488783	0.10560615659758224	46	3QJJ	163.7157254715218	156.95716188431663	1.0630891264384532	1.01920234989816	6.758563587205201	0.04388677654029351	154
3RC8	28.877551547146208	24.36633962607661	1.0695389461906002	0.9024570231880226	4.511211921069591	0.16708192300257743	27	3RC8	473.36701462062325	473.5782233905521	1.0495942674514929	1.050062579579938	-0.21120876992891624	-0.00046831212844549054	451
4E+078	46.89031828105189	50.567244358636394	1.2023158533603049	1.2965960091958049	-3.6769260775845085	-0.09428015583550022	39	4E+078	374.0275301148063	396.38001562670433	0.9615103601923042	1.018971762536515	-22.352485511898006	-0.057461402344210814	389
4H5P	72.49883827054707	71.56283742598467	1.2083139711757844	1.1927139570997445	0.9360008445623927	0.01560001407603988	60	4H5P	311.92651336355743	311.9484860675607	1.036300708849028	1.03637370786565	-0.02197270400327689	-7.299901662218236e-05	301
4HOR	51.96035905657516	50.68407369457498	1.2990089764143788	1.2671018423643745	1.2762853620001797	0.03190713405000449	40	4HOR	358.5705805183257	378.5360498992247	1.0215686054653155	1.0784502846131758	-19.965469380898906	-0.05688167914786013	351
4J7M	24.243044148443047	22.555050678593304	0.9324247749401172	0.8675019491766656	1.687993469849744	0.0649228257634517	26	4J7M	308.31674381912603	282.56858916186104	1.181290206203548	1.0826382726508086	25.74815465726505	0.09865193355273966	261
4M59	120.63062170919805	102.8623195629861	0.9138683462818035	0.7792599966892887	17.768302146211976	0.13460834959251497	132	4M59	991.8071046803809	988.4130508085982	1.1283357277364972	1.1244744605331038	3.3940538717827957	0.0038612672033933966	879
4MDX	35.08893395837269	38.736083416541305	0.974692609954797	1.0760023171261475	-3.6471494581686064	-0.10130970717135018	36	4MDX	110.67899291050715	125.27790016050042	0.8138161243419644	0.9211610305919149	-14.598907249993264	-0.10734490624995047	136
4N2Q	8.93609880474973	13.333878743632106	0.8936098804749729	1.3333878743632106	-4.397779938882378	-0.4397779938882378	10	4N2Q	116.20220401713445	117.35775212317459	0.9847644408231733	0.9945572213828355	-1.155548106040158	-0.009792780559662356	118
4QU6	14.41096346075067	9.603792848254935	1.441096346075067	0.9603792848254935	4.807170612495734	0.4807170612495734	10	4QU6	59.12094473625397	68.02619498426763	0.8445849248036281	0.9718027854895376	-8.905250248013651	-0.1272178606859093	70
5BUD	26.56760304433387	27.9378542460588	1.0218308863205334	1.074532855617646	-1.3702512017249313	-0.052701969297112745	26	5BUD	353.2467986614176	326.4328114803093	1.1249898046541962	1.0395949410200933	26.81398718110827	0.08539486363410277	314
5DET	38.645204258281574	47.46389443736443	1.0444649799535561	1.2828079577666063	-8.818690179082868	-0.23834297781305047	37	5DET	119.71495195399243	127.63001167792403	1.1293863391886079	1.2040567139426794	-7.915059723931617	-0.07467037475407186	106
5EIM	25.66782418510975	29.54047959537985	1.1667192811413523	1.342749072517266	-3.8726554102701014	-0.1760297913759137	22	5EIM	96.19012339260215	98.10967885622182	0.9160964132628776	0.9343778938687792	-1.9195554636196912	-0.01828148060590182	105
5ELS	4.1163540565820655	4.137320630344154	0.6860590094303443	0.6895534383906923	-0.020966573762088325	-0.003494428960348054	6	5ELS	102.37842690461099	77.68759708494595	1.2334750229471203	0.9359951456017584	24.69082981966505	0.2974798773453621	83
5EX7	32.20552513079283	24.186422230016586	1.2882210052317131	0.9674568892006634	8.01910290077624	0.3207641160310496	25	5EX7	188.30918877327196	194.0634555562292	1.0884924206547513	1.1217540783597064	-5.754266782957227	-0.033261657704955074	173
1G1X	20.422329742732895	19.087479124492	1.2013135142784055	1.122792889676	1.3348506182408995	0.07852062460240584	17	1G1X	75.41905065211388	55.22307042104109	1.1091036860604984	0.8121039767800161	20.195980231072788	0.2969997092804822	68
2OZB	12.715096577667204	14.899381312420267	0.7946935361042002	0.9312113320262667	-2.184284734753063	-0.13651779592206645	16	2OZB	74.51224689419027	71.98985739835919	0.9314030861773783	0.8998732174794899	2.5223894958310673	0.03152986869788834	80
3A6P	46.257793821558664	50.17847369891614	0.8410507967556121	0.912335885434839	-3.920679877357483	-0.07128508867922696	55	3A6P	773.4134875624079	774.6368443896736	1.0243887252482224	1.0260090654167862	-1.22335682726575	-0.0016203401685639073	755
3IEV	30.76694289581046	29.816577327490958	0.9924820288971116	0.9618250750803534	0.9503655683195107	0.030656953816758408	31	3IEV	187.84017796366876	179.41185885396936	0.9207851860964155	0.8794698963429871	8.428319109699364	0.041315289753428255	204
3ZC0	42.211144254492616	40.30716047418468	0.9176335707498395	0.8762426190040147	1.9039837803079498	0.041390951745824994	46	3ZC0	1193.002900690683	1285.2493799702258	1.0364925288363884	1.11663716765441	-92.24647927954268	-0.08014463881802145	1151
5WTK	121.15818695860861	119.03712094353678	1.2363080301898837	1.2146644994238447	2.1210660150718406	0.021643530766039188	98	5WTK	827.4548329358681	771.2790319278002	1.0887563591261422	1.0148408314839477	56.17580100806793	0.07391552764219464	760
5LTA	49.83517883456143	45.88207643970015	1.060322953926839	0.9762143923340457	3.9531023948612827	0.08410856159279324	47	5LTA	563.3700039126236	565.6939853322469	1.0875868801402	1.0920733307572335	-2.3239814196235127	-0.004486450617033808	518
5WTY	64.51099643859004	57.791887915549445	1.2405960853575009	1.1113824599144124	6.719108523040601	0.12921362544308848	52	5WTY	403.38475309260366	417.80674648993386	1.0059470151935253	1.0419120860098101	-14.421993397330212	-0.03596507081628482	401
5GXH	42.35866136316128	46.86969152648042	1.2458429812694494	1.37852033901413	-4.511030163319135	-0.13267735774468045	34	5GXH	509.48822824416277	497.20857909136066	1.0149167893310016	0.9904553368353798	12.279649152802186	0.024461452495621885	502
5T8Y	9.499603865695281	11.698149425043889	0.730738758899637	0.8998576480802991	-2.1985455593486045	-0.1691188891806619	13	5T8Y	299.9872422586027	307.67171578066586	1.0203647695870839	1.046502434628115	-7.68447352206312	-0.026137665041031023	294
5B63	47.98224479281888	51.112142610701554	0.9996300998503934	1.0648363043896156	-3.1298978178826697	-0.06520620453922228	48	5B63	404.2063768862495	437.28798870403733	1.015593911774496	1.0987135394573802	-33.08161181778777	-0.08311962768288383	398
5SZE	10.13482626558947	9.434848077586219	1.126091807287719	1.0483164530651354	0.6999781880032508	0.07777535422258343	9	5SZE	58.46745403297775	54.21669384628956	1.103159510056184	1.0229564876658408	4.250760186688183	0.08020302239034308	53
5V7C	24.953241664473005	23.961983205981404	1.4678377449690003	1.409528423881259	0.9912584584915971	0.058309321087741006	17	5V7C	129.92835729922464	136.2213985241802	1.2992835729922465	1.3622139852418018	-6.293041224955571	-0.06293041224955571	100
5W0M	25.281315930485995	27.934455472111175	0.9029041403744998	0.9976591240039705	-2.653139541625184	-0.09475498362947087	28	5W0M	250.58579097926486	262.10312132280103	1.0397750663040035	1.0875648187668092	-11.517330343536187	-0.04778975246280576	241
5WT1	87.82736072188827	79.71006781640149	1.3511901649521272	1.226308735636946	8.11729290548676	0.12488142931518093	65	5WT1	195.8025699313896	201.4371293492644	0.9235970279782528	0.9501751384399265	-5.634559417874861	-0.026578110461673875	212
5WWX	16.783868282569724	15.082843751878652	0.9324371268094291	0.8379357639932584	1.7010245306910723	0.09450136281617068	18	5WWX	42.97274143200489	39.134457934721205	0.8769947231021405	0.798662406831045	3.8382834972836877	0.07833231627109567	49
5X6B	20.169152098320428	17.303201385130702	1.1864207116659076	1.0178353755959237	2.865950713189727	0.16858533606998394	17	5X6B	689.6040474972089	676.6489250553691	1.0928748771746575	1.0723437798024866	12.955122441839745	0.02053109737217075	631
5ZQ8	39.87126053517843	44.82612254489218	1.1726841333876008	1.318415368967417	-4.954862009713759	-0.14573123557981643	34	5ZQ8	351.5426098271941	343.6552011189549	1.0369988490477702	1.0137321566930824	7.887408708239258	0.023266692354688076	339
5ZSC	30.53841229556265	20.348390507998484	1.3277570563288108	0.8847126307825428	10.190021787564163	0.44304442554626794	23	5ZSC	688.1365331087601	671.3133402540103	1.0652268314377091	1.03918473723531	16.823192854749774	0.02604209420239903	646
5ZW4	5.9118498131351425	7.382356829906666	0.8445499733050204	1.0546224042723809	-1.4705070167715237	-0.21007243096736053	7	5ZW4	169.38223527613985	160.31842798204542	1.0652970772084267	1.008291999887078	9.06380729409442	0.05700507732134856	159
6A4E	15.224833620380927	13.111916923427444	1.014988908025395	0.8741277948951629	2.112916696953481	0.14086111313023206	15	6A4E	132.1328436143511	113.33335929164824	1.0242856094135744	0.8785531728034747	18.799484322702856	0.14573243661009966	129
6A6J	22.977921474472595	18.560180821484117	1.5318614316315062	1.2373453880989411	4.417740652988479	0.2945160435325652	15	6A6J	50.054503953230586	42.57896865902415	1.0010900790646118	0.8515793731804829	7.475535294206441	0.14951070588412882	50
6DCB	6.507520702742168	6.504094097990416	0.9296458146774526	0.9291562997129166	0.0034266047517533815	0.0004895149645361974	7	6DCB	172.1317499173153	172.276614110588	1.08258962212148	1.0835007176766542	-0.14486419327266997	-0.000911095555174025	159
6FQ3	20.599123292677138	24.38732127864336	1.0299561646338569	1.219366063932168	-3.7881979859662165	-0.1894098992983108	20	6FQ3	293.24790076382385	299.63396397468125	1.16831832973635	1.1937608126481325	-6.3860632108574755	-0.02544248291178277	251
6GC5	30.862555341282505	35.99434149330092	1.4696454924420241	1.7140162615857581	-5.131786152018416	-0.24437076914373407	21	6GC5	43.663782553729575	46.63394097751233	1.0915945638432394	1.1658485244378083	-2.9701584237827454	-0.07425396059456864	40
6HAU	19.709928514856067	28.72993252145576	1.3139952343237378	1.9153288347637172	-9.020004006599688	-0.6013336004399792	15	6HAU	436.214122815727	433.3500823043963	0.9846819928120248	0.9782168900776441	2.8640405113307263	0.0064651027343808724	443
6I0V	26.502258060417486	21.738271779894042	0.9465092164434816	0.7763668492819301	4.763986280523444	0.17014236716155157	28	6I0V	258.176392802276	294.8035113418982	1.0757349700094834	1.2283479639245758	-36.627118539622195	-0.15261299391509248	240
6L1W	34.198096455248184	31.425088679084592	1.3679238582099273	1.2570035471633836	2.773007776163591	0.11092031104654364	25	6L1W	143.80971823538425	144.19220108136528	0.9338293391908068	0.9363129940348395	-0.3824828459810359	-0.0024836548440327006	154
6L5N	24.322062813237327	21.32156794373509	1.280108569117754	1.122187786512373	3.0004948695022415	0.15792078260538114	19	6L5N	263.5361304411132	244.90603854534837	1.0136005016965892	0.9419463020974937	18.63009189576483	0.07165419959909551	260
6LLB	44.83116639852892	42.558214710853946	0.9538546042240196	0.905493930018169	2.2729516876749845	0.04836067420585073	47	6LLB	282.4621080624562	289.3740650027818	0.9640344985066764	0.9876247952313372	-6.911956940325631	-0.023590296724660856	293
6LT7	55.18835065467262	47.16275589585661	0.9047270599126659	0.7731599327189609	8.025594758816005	0.131567127193705	61	6LT7	91.33054565332155	95.03700892572955	0.9716015495034207	1.0110320098481866	-3.7064632724079845	-0.03943046034476579	94
6LVR	19.976547018992562	20.573635794917497	1.1750910011172095	1.2102138702892644	-0.5970887759249364	-0.03512286917205508	17	6LVR	137.60568932019459	137.51755319459375	1.0118065391190778	1.0111584793720128	0.0881361256008164	0.0006480597470648265	136
6PZQ	11.921588453983286	13.882151508804668	1.1921588453983287	1.3882151508804668	-1.9605630548213817	-0.19605630548213818	10	6PZQ	251.96170844490845	229.38245309513124	0.9195682789960162	0.8371622375734716	22.579255349777206	0.08240604142254455	274
6R9P	27.330690809674024	22.713556369983998	1.6076876946867074	1.3360915511755294	4.617134439690028	0.2715961435111781	17	6R9P	546.9032509053268	574.5604070194158	1.0619480600103433	1.115651275765856	-27.65715611408896	-0.05370321575551254	515
6RTI	30.299676278727596	28.188695027185297	0.9774089122170192	0.9093127428124289	2.110981251542297	0.06809616940459022	31	6RTI	597.149543657362	560.6270005351595	1.2287027647270823	1.153553499043538	36.522543122202364	0.07514926568354396	486
6SY4	25.079318096142675	22.65053873292747	1.003172723845707	0.9060215493170988	2.428779363215206	0.09715117452860823	25	6SY4	249.69209484605233	262.8734963341062	0.967798817232761	1.0188895206748303	-13.181401488053893	-0.051090703442069355	258
6U6Y	79.66607081495145	69.63573537505367	1.6258381798969683	1.4211374566337485	10.030335439897776	0.20470072326321992	49	6U6Y	700.7310439837817	682.4300033957556	1.0847229783030676	1.056393194111077	18.301040588026094	0.028329784191990857	646
6U9X	42.250274671267285	46.42450967705669	1.0833403761863407	1.1903720430014535	-4.174235005789389	-0.10703166681511253	39	6U9X	192.45325242903164	199.73384852867525	1.0934843888013162	1.1348514120947457	-7.280596099643626	-0.04136702329342969	176
6ZOT	3.168726243942222	2.9966847219223887	0.7921815609855555	0.7491711804805972	0.17204152201983358	0.043010380504958395	4	6ZOT	131.1098488889408	127.50997614439136	1.0659337308043968	1.036666472718629	3.5998727445494496	0.029267258085767883	123
6WXY	44.19666247723284	50.9996669554709	1.077967377493484	1.2438943159870952	-6.8030044782380585	-0.16592693849361118	41	6WXY	682.6522058161028	665.0097855830674	1.1209395826208584	1.0919700912694046	17.642420233035438	0.02896949135145392	609
6ZDP	23.43087759155389	31.576651025947104	0.9011875996751496	1.2144865779210425	-8.14577343439321	-0.3132989782458927	26	6ZDP	584.8091664851204	610.8705506746859	1.0691209624956497	1.116765174908018	-26.0613841895655	-0.047644212412368374	547
7C45	52.3231293249663	53.1530190687404	1.1891620301128705	1.2080231606531908	-0.8298897437741038	-0.018861130540320542	44	7C45	156.6430521390892	169.46713200670206	0.8606761106543362	0.9311380879489124	-12.824079867612838	-0.07046197729457603	182
7DOL	40.386250795834776	37.210793606848746	0.9850305072154824	0.9075803318743597	3.175457188986032	0.07745017534112272	41	7DOL	471.8089026547352	455.1781043157237	1.0602447250668208	1.0228721445297162	16.630798339011527	0.03737258053710456	445
7E8O	12.568882044776203	8.92503548125128	0.8977772889125859	0.6375025343750914	3.64384656352492	0.26027475453749427	14	7E8O	329.8609572911372	325.09860626779516	1.02124135384253	1.0064972330272297	4.762351023342012	0.014744120815300346	323
7EIU	34.24519437260847	38.32329294789311	1.6307235415527845	1.8249187118044337	-4.078098575284623	-0.19419517025164873	21	7EIU	95.92490401849572	99.82918982879106	0.9404402354754483	0.9787175473410888	-3.904285810295328	-0.03827731186564047	102
7K5L	11.704180232674299	12.616603728122193	1.4630225290842873	1.5770754660152742	-0.9124234954478951	-0.11405293693098689	8	7K5L	94.68980931186879	91.74842973269708	1.0405473550754811	1.0082245025571108	2.941379579171711	0.03232285251837045	91
7K98	130.45247637859487	141.89036760670294	1.1149784305862809	1.2127381846726746	-11.437891228108102	-0.09775975408639404	117	7K98	1369.1426049873885	1403.5362855088672	0.9109398569443703	0.9338232105847419	-34.393680521478615	-0.022883353640371668	1503
7KFN	28.25833885427546	23.804153862910663	0.831127613361043	0.7001221724385489	4.454184991364806	0.1310054409224943	34	7KFN	527.7733170010097	546.0716004592714	1.0033713250969765	1.0381589362343562	-18.298283458261785	-0.03478761113737982	526
7KKV	13.147144705557857	16.406423205295788	0.821696544097366	1.0254014503309867	-3.259278499737931	-0.2037049062336207	16	7KKV	53.91049434425747	54.44571022939603	0.945798146390482	0.9551878987613338	-0.5352158851385703	-0.00938975237085211	57
7KL3	23.801004893649097	23.80366434314533	1.1900502446824548	1.1901832171572664	-0.002659449496230315	-0.00013297247481151576	20	7KL3	136.0358352903589	138.37357296288133	1.07964948643142	1.0982029600228678	-2.337737672522437	-0.018553473591447912	126
7L6T	16.392125234114808	27.04960544660173	0.7127010971354264	1.1760698020261622	-10.657480212486924	-0.46336870489073584	23	7L6T	232.600924959849	233.94064349926626	1.0430534751562737	1.0490611816110595	-1.3397185394172197	-0.006007706454785738	223
7MJW	36.6813921389246	32.052703570671476	0.9913889767276919	0.8662892856938237	4.628688568253129	0.12509969103386837	37	7MJW	299.20828027767016	322.77347567609877	0.9178168106676998	0.9901026861230023	-23.56519539842862	-0.07228587545530252	326
7OG0	14.45059007721684	11.6907182944377	1.60562111969076	1.2989686993819667	2.7598717827791397	0.3066524203087933	9	7OG0	409.70321035010136	429.34954564159284	1.0559361091497457	1.106570993921631	-19.64633529149144	-0.05063488477188515	388
7OM6	59.693591442447115	56.1498700756201	1.0853380262263113	1.020906728647638	3.543721366827009	0.06443129757867289	55	7OM6	432.1079733836199	442.9504125456408	0.9843006227417309	1.0089986618351727	-10.842439162020897	-0.02469803909344168	439
7P0V	10.63366183722511	12.859237426412752	0.8861384864354259	1.0716031188677293	-2.2255755891876396	-0.1854646324323033	12	7P0V	49.30470095922705	64.58609859635742	0.8649947536706499	1.133089449058902	-15.281397637130366	-0.26809469538825204	57
7V4G	29.099598031070354	35.40897906666627	1.3227090014122889	1.6094990484848304	-6.309381035595917	-0.2867900470725417	22	7V4G	150.37445947113667	161.90843173894564	1.0370652377319771	1.116609874061694	-11.533972267808943	-0.07954463632971685	145
7XD8	66.20931412791056	59.93390841848941	1.1823091808555457	1.0702483646158822	6.275405709421147	0.11206081623966334	56	7XD8	459.4514626673646	459.9766343370127	1.0371364845764437	1.038321973672715	-0.5251716696480839	-0.0011854890962710697	443
7VSJ	19.73971258071183	24.523554011622785	1.409979470050845	1.7516824294016275	-4.783841430910952	-0.34170295935078226	14	7VSJ	114.23490111451576	104.6462911408148	1.0020605360922437	0.9179499222878491	9.588609973700978	0.08411061380439454	114
7VKI	16.69728284663542	16.066759561767526	1.8552536496261578	1.7851955068630585	0.6305232848678946	0.07005814276309939	9	7VKI	79.25465292709775	77.0920324503363	1.116262717283067	1.0858032739483987	2.1626204767615005	0.03045944333466902	71
7VKL	13.07771233317753	12.038849450792341	0.8173570208235956	0.7524280906745213	1.0388628823851882	0.06492893014907426	16	7VKL	106.27777940359587	110.2217101747338	0.9161877534792747	0.9501871566787397	-3.9439307711379334	-0.03399940319946494	116
7Y7Q	54.28680460606053	57.09696472493091	0.8482313219696958	0.8921400738270455	-2.8101601188703818	-0.043908751857349715	64	7Y7Q	1568.1809231862526	1551.0419171527294	1.1233387701907254	1.1110615452383448	17.139006033523184	0.012277224952380504	1396
8AF0	15.51616109327039	13.916106439471788	0.8620089496261328	0.7731170244150993	1.6000546537986042	0.08889192521103356	18	8AF0	194.69567841553445	186.8376976213333	1.1520454344114464	1.1055485066351083	7.857980794201146	0.04649692777633814	169
8DZK	23.01134618965996	29.07709619112996	1.150567309482998	1.453854809556498	-6.065750001470001	-0.3032875000735001	20	8DZK	313.1605678661285	318.2781164336697	1.1772953679177762	1.196534272307029	-5.117548567541293	-0.01923890438925298	266
8EDJ	45.01197549919942	38.29223454975033	1.8754989791333092	1.595509772906264	6.719740949449086	0.27998920622704526	24	8EDJ	291.2235698859244	318.3802712438767	1.0438120784441736	1.1411479256052928	-27.156701357952358	-0.09733584716111957	279
8H1B	23.417246851364126	21.82706147309461	1.1151069929221014	1.0393838796711719	1.5901853782695166	0.07572311325092936	21	8H1B	116.00207570324272	115.34239413867607	0.9431063065304287	0.9377430417778543	0.6596815645666745	0.005363264752574589	123
7YSE	44.068195844088585	36.831196478814256	1.129953739592015	0.9443896533029297	7.236999365274348	0.18556408628908583	39	7YSE	653.6867423560604	631.7404959556004	1.0912967318131226	1.0546585909108521	21.946246400460083	0.03663814090227059	599
7XWZ	14.2757497567229	15.766701841385546	1.42757497567229	1.5766701841385546	-1.4909520846626438	-0.1490952084662644	10	7XWZ	77.7967769833727	76.76271671098463	1.0236418024127987	1.0100357461971663	1.0340602723880834	0.013606056215632677	76
8AXF	201.1623510912464	185.71614673083744	1.0369193355218886	0.9572997254166878	15.446204360408938	0.07961961010520072	194	8AXF	720.624289717623	663.7267501228448	1.082018453029464	0.9965867118961633	56.89753959477815	0.08543174113330053	666
8JOZ	30.628950251295144	30.18732577954119	1.276206260470631	1.2578052408142162	0.4416244717539528	0.0184010196564147	24	8JOZ	151.2993825751096	158.95316672470722	0.9824635232149974	1.0321634202903065	-7.653784149597606	-0.049699897075309134	154
7ZLQ	12.499305127340739	8.853303250148942	1.0416087606117281	0.7377752708457451	3.6460018771917926	0.30383348976598273	12	7ZLQ	59.47229663161184	49.213745911624876	1.2928760137306923	1.0698640415570626	10.25855071998695	0.22301197217362934	46
8TG4	15.74321226512745	19.561859682460085	0.9839507665704657	1.2226162301537553	-3.8186474173326346	-0.23866546358328966	16	8TG4	109.64383961050258	113.37115753051307	0.8914133301666877	0.9217167278903502	-3.7273179200104956	-0.030303397723662567	123
