Residue	SASA_group	AA_COUNT	SUM_Eu	SUM_Eb	AVG_Eu	AVG_Eb	SUM_DeltaE	AVG_DeltaE
ARG	I	868	659.7652384921907	677.9497773432944	0.7600982010278695	0.7810481305798322	-18.184538851103685	-0.02094992955196277
ARG	N	3687	2818.921374400478	2844.3534508439793	0.7645569228100021	0.7714546923905559	-25.43207644350175	-0.00689776958055377
ASN	I	388	296.2796831606806	301.85833925724	0.7636074308264963	0.7779854104568041	-5.578656096559419	-0.01437797963030778
ASN	N	2654	2041.0900113129646	2005.8289360944518	0.7690617977818254	0.7557757860190097	35.26107521851291	0.013286011762815715
ASP	I	360	221.33977101012044	222.33648433858957	0.6148326972503345	0.617601345384971	-0.996713328469109	-0.002768648134636414
ASP	N	3771	2364.080463443351	2359.2840203372107	0.6269107566808144	0.6256388279865316	4.796443106140348	0.0012719286942827759
CYS	I	71	47.3656507896325	52.45939415515583	0.6671218421074999	0.7388647064106455	-5.093743365523332	-0.07174286430314553
CYS	N	796	573.833978412854	571.4353890441542	0.7208969578050929	0.7178836545780832	2.398589368699723	0.0030133032270097024
GLN	I	299	243.83287356855345	242.5602599713439	0.8154945604299446	0.8112383276633575	1.2726135972095718	0.004256232766587197
GLN	N	2355	1898.6735711536962	1927.9635814307196	0.8062308157765165	0.8186681874440424	-29.290010277023335	-0.012437371667525832
GLU	I	360	350.1966305874827	351.41233121525096	0.972768418298563	0.9761453644868082	-1.215700627768281	-0.0033769461882452246
GLU	N	5115	4934.525240930045	4927.250196263164	0.9647165671417487	0.9632942710191914	7.275044666880521	0.0014222961225572866
HIS	I	247	196.2045173491107	190.55416091509284	0.7943502726684644	0.771474335688635	5.650356434017841	0.022875936979829314
HIS	N	1466	1136.3149234806613	1136.9488171419575	0.7751124989636161	0.7755448957312125	-0.6338936612963104	-0.0004323967675963918
ILE	I	289	207.83900370120807	198.84422077291453	0.7191661027723463	0.6880422864114689	8.994782928293526	0.031123816360877254
ILE	N	3760	2699.2229676536804	2648.199249438243	0.7178784488440639	0.7043083110208093	51.02371821543758	0.013570137823254676
LEU	I	363	258.95782358634375	278.8569649683533	0.7133824341221591	0.7682010054224608	-19.899141382009525	-0.05481857130030172
LEU	N	6236	4685.8227042239205	4737.750828546183	0.7514148018319308	0.7597419545455714	-51.928124322262114	-0.008327152713640493
LYS	I	719	556.4386657960254	554.2115235123377	0.7739063502030951	0.7708087948711234	2.2271422836876713	0.0030975553319717263
LYS	N	4488	3521.298246412459	3537.798038864177	0.7846029960812074	0.7882794204242819	-16.499792451718488	-0.0036764243430745295
MET	I	132	90.25644432987342	91.74473714357516	0.6837609418929804	0.695035887451327	-1.4882928137017442	-0.011274945558346546
MET	N	1305	921.178947031367	932.1223762143674	0.7058842505987486	0.7142700200876378	-10.943429183000374	-0.008385769488889175
PHE	I	289	993.1866244658806	1006.6897892823123	3.436631918567061	3.483355672257136	-13.503164816431624	-0.046723753690074823
PHE	N	2649	9333.04843166538	9346.131986619223	3.5232345910401586	3.52817364538287	-13.083554953842842	-0.00493905434271153
PRO	I	307	286.8634068240362	280.35050160255776	0.9344084912835054	0.9131938162949764	6.512905221478428	0.021214674988529084
PRO	N	3059	2793.113050829424	2857.4047320594304	0.9130804350537509	0.9340976567700001	-64.29168123000608	-0.021017221716249125
SER	I	483	395.76473897542434	395.37568369625006	0.8193886935308993	0.8185831960584887	0.38905527917426175	0.0008054974724104798
SER	N	3476	2796.3569495551333	2790.8515628295963	0.8044755320929612	0.8028917039210577	5.505386725536492	0.0015838281719034787
THR	I	381	302.15047452532923	287.1325013130016	0.7930458648958773	0.753628612370083	15.017973212327611	0.039417252525794255
THR	N	3155	2421.707444241292	2426.247235498823	0.7675776368435157	0.7690165564180105	-4.539791257531147	-0.0014389195744948168
TRP	I	69	160.19309226877118	157.42562162816367	2.3216390183879883	2.281530748234256	2.767470640607516	0.04010827015373211
TRP	N	784	1860.8595442928402	1829.8788644683095	2.3735453371082147	2.3340291638626396	30.980679824530448	0.03951617324557455
TYR	I	333	1207.1014801902334	1178.6406489281608	3.6249293699406406	3.539461408192675	28.460831262072546	0.0854679617479656
TYR	N	2351	8042.442580973154	8227.765012688933	3.42086030666659	3.4996873724750883	-185.32243171577878	-0.07882706580849799
VAL	I	298	208.59191417674606	191.0501847345725	0.6999728663649196	0.6411080024650084	17.54172944217355	0.058864863899911246
VAL	N	4085	2765.254622363979	2754.7784947087334	0.676928916123373	0.6743643805896532	10.476127655245428	0.002564535533719811
