AA,PHI,PSI,_Count,Count,Prob,U_CHI1,U_CHI2,U_CHI3,U_CHI4,U_CHI1Sig,U_CHI2Sig,U_CHI3Sig,U_CHI4Sig
ARG,-180,-180,2,2,1.0,72.86,174.3,-84.01,166.31,12.12,10.54,16.54,10.61
ARG,-180,150,2,6,0.33333333,67.71,149.86,-167.31,168.66,0.02,0.01,0.0,0.03
ARG,-150,120,2,15,0.13333333,-170.0,-156.79,73.23,-176.14,4.51,22.98,6.6,12.59
ARG,-150,120,4,15,0.26666667,-161.51,146.51,-174.04,-177.78,10.78,21.89,16.73,6.24
ARG,-150,150,2,32,0.0625,70.89,-177.94,85.47,107.53,2.49,2.54,20.98,3.6
ARG,-150,150,2,32,0.0625,64.76,-179.95,72.67,-116.5,3.77,10.69,9.2,2.32
ARG,-150,150,5,32,0.15625,52.88,179.46,-169.98,89.45,2.41,3.65,12.95,2.4
ARG,-150,150,2,32,0.0625,57.54,-172.42,-170.4,-91.98,4.18,7.08,2.3,2.33
ARG,-150,150,3,32,0.09375,64.48,176.01,-100.6,-160.6,0.21,5.88,9.4,5.22
ARG,-150,150,2,32,0.0625,-64.62,-177.93,73.07,94.62,0.0,0.0,0.0,0.0
ARG,-150,150,2,32,0.0625,-42.73,179.95,-177.09,175.59,30.23,2.02,1.6,31.74
ARG,-150,150,2,32,0.0625,-49.11,-73.77,-176.42,-94.0,16.73,8.42,5.5,20.84
ARG,-120,-30,2,6,0.33333333,-73.35,178.71,-176.93,164.74,4.14,5.09,1.91,3.77
ARG,-120,-30,2,6,0.33333333,-64.63,-54.92,-48.5,-84.73,4.38,5.54,3.22,1.08
ARG,-120,0,2,16,0.125,-53.52,177.5,63.21,76.29,7.8,2.38,4.76,1.07
ARG,-120,0,2,16,0.125,-56.26,-78.06,-70.3,169.52,0.79,8.52,16.76,1.27
ARG,-120,60,3,4,0.75,-67.56,-62.41,-57.9,-74.22,1.11,3.8,1.03,2.97
ARG,-120,120,2,32,0.0625,62.69,169.38,73.08,-153.49,0.02,0.0,0.02,0.01
ARG,-120,120,2,32,0.0625,167.27,170.6,62.8,98.61,2.63,4.14,0.69,2.9
ARG,-120,120,2,32,0.0625,-166.28,-177.67,-163.81,77.28,5.57,9.53,1.64,9.16
ARG,-120,120,2,32,0.0625,-175.7,174.46,153.42,158.15,1.82,26.53,15.94,0.98
ARG,-120,120,4,32,0.125,174.41,175.68,-66.82,-156.67,3.86,5.97,13.84,19.29
ARG,-120,120,2,32,0.0625,-154.23,169.22,-60.08,-80.37,20.29,2.63,0.94,9.46
ARG,-120,120,3,32,0.09375,-65.4,-175.02,-177.3,175.17,0.69,14.27,5.61,5.95
ARG,-120,150,3,36,0.08333333,58.96,-177.87,-151.92,-85.68,1.42,5.65,10.42,7.64
ARG,-120,150,2,36,0.05555556,175.61,179.08,-81.33,144.76,14.71,12.95,8.08,21.12
ARG,-120,150,3,36,0.08333333,-71.9,175.07,168.84,87.71,7.7,8.86,5.71,4.49
ARG,-120,150,4,36,0.11111111,-79.57,-176.37,169.25,-174.85,7.62,11.02,7.28,8.99
ARG,-120,150,2,36,0.05555556,-65.18,-176.85,175.75,-88.27,4.05,11.22,0.34,3.77
ARG,-120,150,7,36,0.19444444,-62.11,-151.73,-61.16,150.94,8.34,12.01,8.93,12.01
ARG,-120,150,2,36,0.05555556,-49.92,-63.85,-160.65,90.38,8.4,1.3,16.58,15.25
ARG,-120,150,3,36,0.08333333,-53.79,-83.74,-176.78,171.44,9.79,16.29,3.98,12.33
ARG,-120,150,3,36,0.08333333,-49.55,-78.85,176.22,-74.03,4.8,9.37,7.05,19.08
ARG,-90,-180,2,7,0.28571429,-73.72,171.09,-175.73,-102.13,1.67,11.09,5.84,6.9
ARG,-90,-60,2,6,0.33333333,-165.84,153.21,-143.22,-95.49,0.0,0.0,0.0,0.0
ARG,-90,-30,2,40,0.05,62.23,174.69,171.4,171.52,13.3,2.97,2.04,15.85
ARG,-90,-30,2,40,0.05,-175.55,-170.64,63.52,-147.26,8.72,5.76,4.6,24.36
ARG,-90,-30,2,40,0.05,-147.35,-177.13,-79.05,109.35,19.47,1.58,2.21,9.0
ARG,-90,-30,3,40,0.075,-164.39,173.39,-75.88,178.94,5.47,22.29,9.61,1.44
ARG,-90,-30,2,40,0.05,-158.18,162.04,-79.51,-90.16,5.82,15.55,1.12,17.59
ARG,-90,-30,2,40,0.05,-73.79,175.71,56.89,176.45,10.14,19.56,0.26,12.35
ARG,-90,-30,2,40,0.05,-72.26,172.9,44.0,-117.24,2.54,5.98,12.43,1.91
ARG,-90,-30,2,40,0.05,-62.51,-169.43,-170.03,68.57,3.89,13.65,14.96,9.02
ARG,-90,-30,3,40,0.075,-68.4,-172.37,-177.3,168.6,2.91,1.72,6.29,22.32
ARG,-90,-30,2,40,0.05,-75.58,-177.72,-64.16,-91.82,0.81,1.91,7.28,8.65
ARG,-90,-30,4,40,0.1,-65.5,-57.57,176.52,84.45,1.16,4.23,4.49,4.81
ARG,-90,-30,3,40,0.075,-69.2,-57.36,172.87,-172.15,11.88,8.81,19.75,8.37
ARG,-90,0,2,29,0.06896552,-158.22,160.47,-64.77,97.74,0.0,0.0,0.01,0.01
ARG,-90,0,6,29,0.20689655,-65.71,-178.67,174.72,172.18,13.2,10.12,16.53,7.68
ARG,-90,0,2,29,0.06896552,-77.65,-166.28,-178.41,-75.47,1.94,10.76,1.43,9.5
ARG,-90,0,2,29,0.06896552,-52.11,174.95,-72.29,100.46,0.01,0.01,0.0,0.02
ARG,-90,0,2,29,0.06896552,-61.94,-167.18,-63.48,-162.01,11.19,44.17,27.51,25.65
ARG,-90,0,2,29,0.06896552,-59.44,-177.51,-63.03,-92.34,6.17,28.1,3.64,7.7
ARG,-90,0,3,29,0.10344828,-69.45,-82.53,-74.29,177.52,7.36,13.18,15.32,3.25
ARG,-90,30,2,8,0.25,-61.08,171.42,173.9,75.84,6.55,13.82,0.17,3.52
ARG,-90,30,3,8,0.375,-53.28,167.42,160.62,-170.16,8.17,0.23,12.39,11.57
ARG,-90,60,2,8,0.25,36.85,-92.49,144.16,173.29,4.06,3.72,10.85,21.79
ARG,-90,120,3,40,0.075,176.08,68.75,76.63,174.71,10.49,6.29,10.18,6.37
ARG,-90,120,4,40,0.1,177.07,67.88,161.89,91.49,2.27,8.56,6.13,10.49
ARG,-90,120,4,40,0.1,-173.2,156.16,62.55,-159.93,2.96,16.18,6.38,8.94
ARG,-90,120,3,40,0.075,-174.84,148.8,-174.17,64.98,15.7,4.97,16.04,15.02
ARG,-90,120,2,40,0.05,-167.54,155.98,-170.18,174.88,11.87,21.45,2.49,5.54
ARG,-90,120,2,40,0.05,179.47,174.47,-54.98,179.38,2.26,20.21,1.54,1.7
ARG,-90,120,2,40,0.05,-69.96,-174.02,79.6,94.87,0.55,8.03,25.42,10.19
ARG,-90,120,2,40,0.05,-77.68,-160.32,146.19,-169.69,0.16,8.81,25.77,18.43
ARG,-90,120,3,40,0.075,-71.36,179.16,176.57,-82.22,7.68,12.72,3.02,9.06
ARG,-90,120,3,40,0.075,-59.87,178.43,-62.19,175.24,6.48,8.89,2.17,4.82
ARG,-90,120,2,40,0.05,-64.49,-79.43,-73.67,170.75,0.02,0.01,0.0,0.01
ARG,-90,150,2,33,0.06060606,67.93,-179.0,-171.13,-98.07,0.58,13.12,12.88,2.56
ARG,-90,150,4,33,0.12121212,-68.66,179.9,166.33,82.74,12.97,14.93,4.23,12.28
ARG,-90,150,4,33,0.12121212,-62.48,177.51,-174.71,172.65,8.63,8.95,12.31,3.15
ARG,-90,150,6,33,0.18181818,-65.56,-165.0,-56.24,-172.91,4.73,12.09,6.58,9.31
ARG,-90,150,2,33,0.06060606,-59.27,-65.9,-172.49,-169.24,5.15,1.41,2.09,6.21
ARG,-90,150,2,33,0.06060606,-68.69,-89.13,-85.84,155.14,7.55,9.02,16.5,13.12
ARG,-60,-60,3,82,0.03658537,169.77,56.1,78.77,165.35,9.39,23.93,12.42,24.18
ARG,-60,-60,7,82,0.08536585,-178.91,173.42,62.97,80.92,7.69,11.05,15.19,9.19
ARG,-60,-60,5,82,0.06097561,-175.99,170.52,67.16,178.51,10.49,19.88,5.34,24.28
ARG,-60,-60,7,82,0.08536585,-174.23,-176.13,66.74,-105.75,5.77,12.5,17.9,8.53
ARG,-60,-60,8,82,0.09756098,-175.91,-179.8,158.28,80.23,6.63,12.0,11.39,11.54
ARG,-60,-60,4,82,0.04878049,-166.65,-161.83,169.88,-161.05,16.59,18.28,4.1,18.55
ARG,-60,-60,8,82,0.09756098,-179.34,-177.91,174.41,-87.65,5.99,9.81,14.89,15.68
ARG,-60,-60,5,82,0.06097561,-175.13,178.66,-88.98,103.25,10.35,6.66,17.14,11.01
ARG,-60,-60,6,82,0.07317073,-160.69,-178.37,-54.61,150.68,15.41,10.54,7.13,17.95
ARG,-60,-60,2,82,0.02439024,-137.26,-168.93,-75.74,-70.83,10.06,15.33,27.03,8.58
ARG,-60,-60,2,82,0.02439024,-178.84,-87.88,155.55,80.18,14.41,7.78,24.92,12.35
ARG,-60,-60,2,82,0.02439024,-97.87,-169.08,77.62,-156.39,9.0,10.75,7.69,23.55
ARG,-60,-60,2,82,0.02439024,-82.27,-173.69,-172.68,82.17,14.75,19.04,1.44,4.79
ARG,-60,-60,4,82,0.04878049,-99.46,178.92,-153.76,176.72,14.94,29.64,19.7,6.54
ARG,-60,-60,2,82,0.02439024,-71.57,-176.97,-84.58,-165.88,1.86,11.94,19.64,12.36
ARG,-60,-60,5,82,0.06097561,-71.44,-159.5,-63.14,-83.84,9.8,4.24,9.63,13.03
ARG,-60,-60,3,82,0.03658537,-115.74,-102.87,72.68,167.01,4.31,4.85,8.7,11.67
ARG,-60,-30,2,245,0.00816327,76.01,104.69,51.49,-165.88,21.64,14.57,12.19,23.56
ARG,-60,-30,2,245,0.00816327,52.62,-171.11,85.98,-100.54,18.16,5.96,17.2,11.49
ARG,-60,-30,4,245,0.01632653,61.71,165.42,168.47,76.99,8.62,14.25,14.29,12.96
ARG,-60,-30,2,245,0.00816327,83.37,-174.1,-178.17,179.33,5.06,4.07,0.47,5.23
ARG,-60,-30,4,245,0.01632653,66.62,-174.12,-171.22,-79.47,7.04,13.1,5.72,2.67
ARG,-60,-30,4,245,0.01632653,72.98,-172.32,-65.69,157.68,14.13,7.77,8.92,15.89
ARG,-60,-30,2,245,0.00816327,70.35,176.71,-42.65,-83.65,1.19,10.15,0.23,12.16
ARG,-60,-30,2,245,0.00816327,-168.58,76.91,63.43,81.1,7.84,29.86,15.5,16.9
ARG,-60,-30,2,245,0.00816327,165.73,41.4,61.19,-172.4,4.76,12.51,25.04,20.73
ARG,-60,-30,3,245,0.0122449,176.71,66.51,175.5,100.77,13.45,7.86,18.98,4.08
ARG,-60,-30,3,245,0.0122449,179.7,93.51,146.82,176.56,21.95,21.29,15.22,13.99
ARG,-60,-30,10,245,0.04081633,178.36,179.03,64.02,79.55,7.85,5.55,9.42,6.94
ARG,-60,-30,4,245,0.01632653,-177.7,170.87,64.84,-171.89,15.88,19.96,6.52,17.1
ARG,-60,-30,3,245,0.0122449,-170.07,172.36,179.02,73.12,6.66,6.84,9.2,2.65
ARG,-60,-30,10,245,0.04081633,174.41,175.17,-179.37,176.23,16.91,8.57,3.88,9.75
ARG,-60,-30,9,245,0.03673469,-172.77,-174.48,176.95,-87.66,14.38,8.48,7.76,8.0
ARG,-60,-30,2,245,0.00816327,176.12,170.81,-50.69,111.68,9.26,7.63,5.63,4.61
ARG,-60,-30,5,245,0.02040816,-176.73,174.88,-75.79,174.48,9.13,4.99,14.51,14.74
ARG,-60,-30,7,245,0.02857143,-172.46,-169.61,-60.84,-82.66,8.44,8.54,5.02,8.27
ARG,-60,-30,2,245,0.00816327,174.41,-101.81,-55.85,-64.22,6.72,13.73,0.59,11.78
ARG,-60,-30,3,245,0.0122449,-97.65,93.57,-171.51,-165.83,14.54,10.89,12.99,3.0
ARG,-60,-30,13,245,0.05306122,-71.01,177.78,61.22,84.1,6.86,9.06,8.36,7.71
ARG,-60,-30,15,245,0.06122449,-69.29,172.54,63.33,-154.21,5.11,11.23,4.82,20.93
ARG,-60,-30,12,245,0.04897959,-71.89,-178.92,-173.67,98.68,9.94,12.96,6.79,10.4
ARG,-60,-30,31,245,0.12653061,-72.42,179.97,-175.69,179.55,9.19,10.06,16.03,19.58
ARG,-60,-30,12,245,0.04897959,-70.36,177.96,-171.2,-80.66,9.6,6.42,12.18,9.11
ARG,-60,-30,8,245,0.03265306,-71.03,-169.0,-84.96,104.62,10.85,5.23,7.09,5.41
ARG,-60,-30,18,245,0.07346939,-73.21,171.97,-68.01,171.38,10.53,13.92,9.42,12.19
ARG,-60,-30,19,245,0.07755102,-72.77,-166.04,-64.28,-85.55,9.23,3.97,6.76,8.59
ARG,-60,-30,3,245,0.0122449,-57.61,-67.53,82.1,72.12,0.57,1.69,3.72,0.93
ARG,-60,-30,2,245,0.00816327,-64.35,-61.22,94.59,-165.25,4.85,0.64,7.19,8.57
ARG,-60,-30,2,245,0.00816327,-72.74,-60.49,-143.65,65.76,7.01,16.05,20.33,5.92
ARG,-60,-30,7,245,0.02857143,-70.18,-62.72,-174.51,-163.6,13.83,6.0,9.34,13.2
ARG,-60,-30,2,245,0.00816327,-66.96,-89.94,-151.4,-82.06,5.68,17.76,11.69,3.43
ARG,-60,-30,4,245,0.01632653,-51.85,-71.57,-64.2,177.92,9.54,7.91,13.8,12.86
ARG,-60,-30,2,245,0.00816327,-60.95,-61.93,-57.01,-81.12,0.48,1.98,23.64,8.77
ARG,-60,0,3,21,0.14285714,-66.65,-159.3,-177.65,74.01,6.6,10.97,12.68,4.1
ARG,-60,0,2,21,0.0952381,-65.88,-170.13,166.57,172.44,2.78,6.55,12.57,2.6
ARG,-60,0,5,21,0.23809524,-68.65,-179.77,172.27,-86.15,3.5,11.96,6.68,7.53
ARG,-60,0,2,21,0.0952381,-71.02,-178.18,-67.74,-80.53,7.85,0.66,1.12,3.2
ARG,-60,30,2,5,0.4,-50.45,-167.5,117.82,110.99,0.0,0.0,0.0,0.0
ARG,-60,120,2,27,0.07407407,-171.99,163.53,76.63,-168.1,1.18,19.32,10.4,17.33
ARG,-60,120,3,27,0.11111111,-178.45,176.41,156.21,-104.93,0.33,2.73,15.1,5.97
ARG,-60,120,2,27,0.07407407,-179.1,167.68,-61.28,141.66,4.6,33.95,10.74,12.44
ARG,-60,120,2,27,0.07407407,-65.5,178.59,61.85,76.55,9.9,9.71,6.0,14.83
ARG,-60,120,2,27,0.07407407,-66.86,167.03,76.13,-168.82,0.0,0.0,0.0,0.0
ARG,-60,120,4,27,0.14814815,-67.06,164.83,176.11,82.86,7.79,10.77,9.85,5.61
ARG,-60,120,4,27,0.14814815,-57.56,-179.52,-168.8,178.36,7.37,5.68,6.05,2.15
ARG,-60,150,2,35,0.05714286,-173.97,177.08,62.48,83.28,6.09,10.72,15.12,7.94
ARG,-60,150,2,35,0.05714286,-170.0,172.36,173.91,179.65,0.0,0.0,0.0,0.0
ARG,-60,150,2,35,0.05714286,-163.33,173.31,157.52,-74.01,12.88,2.34,37.48,2.19
ARG,-60,150,4,35,0.11428571,-176.19,177.38,-67.96,-89.3,17.07,9.4,7.65,2.44
ARG,-60,150,6,35,0.17142857,-65.97,179.8,169.73,-155.86,2.71,9.77,15.88,19.34
ARG,-60,150,4,35,0.11428571,-62.51,179.23,-61.5,-179.8,8.26,13.57,18.78,7.5
ARG,-30,-60,2,7,0.28571429,-80.56,-173.48,-68.51,157.02,29.64,12.22,30.6,19.56
ARG,-30,-30,2,3,0.66666667,-79.74,-179.89,-73.66,-100.6,0.0,0.0,0.0,0.0
ARG,60,30,2,15,0.13333333,-138.41,61.8,-175.81,-174.54,0.96,1.59,1.48,1.14
ARG,60,30,2,15,0.13333333,-58.48,-175.09,69.02,90.96,6.91,1.11,8.17,4.8
ARG,60,30,2,15,0.13333333,-50.24,-60.89,135.68,107.67,0.0,0.0,0.0,0.0
ARG,60,60,2,10,0.2,-64.25,-179.95,-60.63,-83.4,5.23,4.9,10.99,3.32
LYS,-150,-180,2,4,0.5,67.65,-179.45,64.21,160.89,2.54,14.78,2.63,3.17
LYS,-150,120,2,14,0.14285714,41.81,-154.46,165.84,-173.58,0.13,1.77,5.5,0.05
LYS,-150,120,3,14,0.21428571,-176.07,171.21,-178.24,-165.85,9.94,24.25,5.77,12.84
LYS,-150,150,2,28,0.07142857,55.76,-174.85,179.56,-176.0,4.35,8.68,2.63,6.54
LYS,-150,150,2,28,0.07142857,62.56,179.28,-66.02,-176.17,2.39,7.44,1.57,0.03
LYS,-150,150,4,28,0.14285714,-172.94,166.83,-176.53,56.52,11.95,5.56,6.33,14.06
LYS,-150,150,2,28,0.07142857,179.83,-167.02,158.77,-166.19,1.56,17.26,12.3,21.78
LYS,-150,150,2,28,0.07142857,-89.84,76.68,172.56,153.75,17.72,12.92,6.37,25.57
LYS,-150,150,2,28,0.07142857,-60.97,-169.5,71.82,171.12,0.43,8.37,11.45,8.54
LYS,-150,150,2,28,0.07142857,-65.06,-176.71,-179.73,-64.74,4.85,4.8,4.45,3.76
LYS,-150,150,2,28,0.07142857,-73.63,-61.68,178.34,175.75,2.81,2.8,2.58,2.05
LYS,-120,-180,2,13,0.15384615,-99.58,65.89,176.31,178.55,0.01,0.01,0.0,0.01
LYS,-120,-180,2,13,0.15384615,-47.86,-163.41,172.12,-177.12,2.78,28.51,12.42,4.49
LYS,-120,-180,4,13,0.30769231,-62.28,-177.79,-174.27,-60.91,2.95,3.08,4.87,0.9
LYS,-120,-120,2,2,1.0,-57.88,-73.77,174.36,-80.13,7.52,7.1,0.58,5.1
LYS,-120,-30,2,4,0.5,-69.75,-170.88,172.75,-175.9,6.45,2.73,1.18,1.14
LYS,-120,90,2,7,0.28571429,-56.05,169.8,159.42,76.82,3.17,11.77,19.76,25.5
LYS,-120,120,2,21,0.0952381,-172.97,173.61,75.1,-175.33,12.97,4.32,3.74,15.6
LYS,-120,120,5,21,0.23809524,-177.88,179.93,-176.45,-179.16,1.9,3.66,4.87,8.21
LYS,-120,120,2,21,0.0952381,-179.55,167.36,178.74,-73.81,1.91,2.79,3.9,4.5
LYS,-120,120,3,21,0.14285714,-63.83,172.8,-170.44,173.71,16.68,12.55,13.77,17.63
LYS,-120,120,2,21,0.0952381,-52.92,-53.83,-174.58,170.94,1.86,1.87,0.91,18.18
LYS,-120,150,2,32,0.0625,-158.79,-175.85,-140.43,179.31,21.95,3.28,16.14,11.34
LYS,-120,150,2,32,0.0625,-59.96,73.81,177.67,-80.25,28.19,13.09,7.24,19.87
LYS,-120,150,2,32,0.0625,-60.97,179.66,82.52,167.11,1.87,4.51,11.27,1.23
LYS,-120,150,3,32,0.09375,-53.18,-147.97,-176.93,82.21,4.78,14.33,13.51,10.6
LYS,-120,150,3,32,0.09375,-64.85,179.89,179.46,-179.55,7.67,16.81,8.78,4.15
LYS,-120,150,6,32,0.1875,-64.94,-67.21,-175.73,178.7,2.57,3.25,6.39,4.53
LYS,-90,-180,2,6,0.33333333,-62.07,178.34,-65.92,-176.17,2.93,5.64,5.31,2.02
LYS,-90,-60,2,6,0.33333333,-176.15,101.45,166.9,143.2,0.0,0.0,0.0,0.0
LYS,-90,-30,2,29,0.06896552,-175.46,160.99,60.97,178.73,1.2,0.05,4.37,0.03
LYS,-90,-30,2,29,0.06896552,-175.93,-171.58,162.88,178.56,3.71,5.8,8.06,2.94
LYS,-90,-30,2,29,0.06896552,-67.49,-179.13,172.13,66.12,8.06,3.85,2.4,4.46
LYS,-90,-30,5,29,0.17241379,-74.19,-178.43,175.1,-174.48,9.5,14.46,4.02,3.29
LYS,-90,-30,3,29,0.10344828,-56.05,-64.26,-166.58,-66.23,7.16,9.55,7.76,6.95
LYS,-90,0,2,27,0.07407407,-75.59,-171.14,179.47,65.65,4.43,3.55,6.72,8.78
LYS,-90,0,7,27,0.25925926,-67.03,-178.72,-177.65,178.28,5.4,7.66,10.05,7.42
LYS,-90,0,2,27,0.07407407,-61.9,-175.35,-165.93,-62.87,9.44,15.35,12.33,1.82
LYS,-90,0,2,27,0.07407407,-69.07,-173.5,-38.36,-172.11,0.22,4.67,22.18,13.77
LYS,-90,0,3,27,0.11111111,-53.29,-64.45,178.76,-170.43,2.47,6.99,8.01,22.11
LYS,-90,0,2,27,0.07407407,-63.0,-58.52,-168.05,-46.54,4.2,7.53,9.3,0.78
LYS,-90,30,3,8,0.375,-69.77,-174.81,178.06,-178.23,5.56,3.33,1.29,1.44
LYS,-90,120,3,27,0.11111111,-157.58,163.36,-167.06,91.47,7.13,20.52,23.58,18.04
LYS,-90,120,3,27,0.11111111,-174.83,173.7,-174.52,-177.03,12.28,1.57,9.26,4.27
LYS,-90,120,3,27,0.11111111,-169.35,-173.82,-60.37,178.07,5.04,15.7,5.1,2.99
LYS,-90,120,2,27,0.07407407,-75.2,160.92,71.56,153.71,9.02,18.68,8.17,21.27
LYS,-90,120,3,27,0.11111111,-65.54,-176.49,-179.21,-179.45,12.08,11.24,6.56,13.22
LYS,-90,120,2,27,0.07407407,-68.21,-65.94,164.88,175.39,12.54,5.78,5.64,4.71
LYS,-90,150,3,26,0.11538462,-84.12,174.19,67.04,-170.45,14.61,17.7,5.27,9.71
LYS,-90,150,3,26,0.11538462,-72.94,-178.57,154.58,54.79,4.33,9.37,4.12,10.99
LYS,-90,150,5,26,0.19230769,-67.85,179.46,179.32,178.42,13.06,3.21,4.88,5.65
LYS,-90,150,2,26,0.07692308,-59.76,-176.44,-74.75,-77.64,5.26,9.96,3.65,13.99
LYS,-90,150,3,26,0.11538462,-57.74,-101.39,-173.17,81.7,9.86,2.35,12.14,9.25
LYS,-60,-60,4,68,0.05882353,-177.53,72.55,165.23,172.95,10.46,8.98,8.17,6.79
LYS,-60,-60,7,68,0.10294118,179.62,-174.18,70.62,170.19,8.02,7.96,6.8,11.35
LYS,-60,-60,6,68,0.08823529,-175.3,-175.19,177.99,67.16,6.01,5.22,9.81,4.36
LYS,-60,-60,15,68,0.22058824,-179.73,-179.1,177.24,179.89,6.27,9.6,9.59,6.67
LYS,-60,-60,6,68,0.08823529,-179.82,-178.61,-175.17,-76.19,7.3,9.8,7.23,8.47
LYS,-60,-60,2,68,0.02941176,-157.77,154.1,-81.36,-37.48,22.99,28.7,17.58,37.48
LYS,-60,-60,6,68,0.08823529,-77.89,170.56,62.04,-177.58,6.44,16.85,10.72,9.81
LYS,-60,-60,2,68,0.02941176,-85.17,-178.56,-178.55,57.83,10.9,2.16,0.07,3.46
LYS,-60,-60,9,68,0.13235294,-70.67,176.84,-168.54,176.53,9.67,9.28,6.6,9.21
LYS,-60,-60,2,68,0.02941176,-63.22,-58.32,-170.64,63.73,3.55,2.5,1.38,1.86
LYS,-60,-60,2,68,0.02941176,-59.83,-92.8,165.17,132.25,27.25,19.36,11.47,2.44
LYS,-60,-60,2,68,0.02941176,-68.34,-68.86,-167.28,-61.16,1.09,9.86,19.22,19.82
LYS,-60,-30,2,222,0.00900901,86.28,175.86,69.87,88.84,11.65,9.69,22.59,4.5
LYS,-60,-30,2,222,0.00900901,50.7,-163.33,160.29,58.55,7.96,8.75,10.62,1.71
LYS,-60,-30,11,222,0.04954955,66.51,179.53,177.85,176.01,7.07,12.44,13.74,12.3
LYS,-60,-30,2,222,0.00900901,65.94,-171.81,-54.0,173.26,9.71,3.6,7.44,6.04
LYS,-60,-30,2,222,0.00900901,-179.57,59.24,101.39,68.73,0.0,0.0,0.0,0.0
LYS,-60,-30,3,222,0.01351351,175.54,65.79,173.4,85.69,7.71,9.56,18.64,30.55
LYS,-60,-30,8,222,0.03603604,-172.4,65.07,179.01,175.9,7.09,7.57,6.77,4.52
LYS,-60,-30,5,222,0.02252252,-179.1,66.25,172.27,-53.35,4.56,2.56,9.89,5.55
LYS,-60,-30,4,222,0.01801802,-170.16,174.85,63.13,175.84,6.87,15.05,10.54,14.12
LYS,-60,-30,4,222,0.01801802,179.75,171.53,177.72,60.15,7.7,8.43,10.75,4.81
LYS,-60,-30,24,222,0.10810811,-177.87,175.96,-178.38,-178.07,5.46,8.36,5.59,10.87
LYS,-60,-30,8,222,0.03603604,-176.91,165.15,170.51,-69.72,5.73,17.44,10.15,12.07
LYS,-60,-30,2,222,0.00900901,-177.44,169.63,-76.81,76.0,8.78,16.62,9.1,21.58
LYS,-60,-30,12,222,0.05405405,-168.16,177.71,-73.27,-177.44,9.76,13.17,10.41,10.14
LYS,-60,-30,6,222,0.02702703,-169.97,-173.17,-70.93,-76.11,11.78,12.68,16.98,13.94
LYS,-60,-30,2,222,0.00900901,-178.4,-68.25,-90.66,-66.3,41.61,12.09,19.66,6.81
LYS,-60,-30,4,222,0.01801802,-84.51,72.33,68.78,173.89,8.33,19.75,15.33,19.75
LYS,-60,-30,6,222,0.02702703,-86.2,85.11,-163.73,168.47,6.72,21.46,21.8,17.63
LYS,-60,-30,2,222,0.00900901,-57.6,82.26,-101.41,158.71,16.05,10.37,0.54,20.76
LYS,-60,-30,10,222,0.04504505,-61.23,177.35,70.24,177.39,9.56,8.11,10.38,17.48
LYS,-60,-30,7,222,0.03153153,-68.53,-177.58,177.25,63.57,3.65,5.91,6.99,4.3
LYS,-60,-30,51,222,0.22972973,-71.05,178.72,-179.23,-178.87,6.67,8.8,9.43,6.08
LYS,-60,-30,8,222,0.03603604,-64.92,-174.76,176.96,-62.99,7.61,8.92,6.28,8.99
LYS,-60,-30,5,222,0.02252252,-73.3,-167.08,-77.87,-172.75,7.79,7.29,8.4,5.36
LYS,-60,-30,4,222,0.01801802,-69.54,-165.55,-79.11,-87.86,5.1,16.13,10.54,33.59
LYS,-60,-30,2,222,0.00900901,-66.27,-60.13,-158.2,53.2,3.46,17.29,18.15,18.02
LYS,-60,-30,10,222,0.04504505,-63.53,-60.12,-175.97,179.49,9.89,16.68,9.97,12.96
LYS,-60,-30,5,222,0.02252252,-67.43,-59.23,176.79,-70.71,5.34,10.71,12.41,2.77
LYS,-60,0,3,10,0.3,65.47,-175.73,-173.09,-171.6,9.08,3.7,6.15,6.58
LYS,-60,0,2,10,0.2,-158.28,-179.78,151.04,-74.24,0.0,0.01,0.01,0.03
LYS,-60,0,2,10,0.2,-64.25,-174.8,-179.06,179.91,8.66,3.65,0.89,6.05
LYS,-60,120,8,28,0.28571429,-174.23,178.39,-178.88,-178.21,9.06,11.25,6.26,9.9
LYS,-60,120,3,28,0.10714286,-179.39,-169.77,-178.58,-61.73,10.44,5.55,3.01,3.26
LYS,-60,120,2,28,0.07142857,-165.92,-163.91,-89.88,-99.0,0.0,0.0,0.0,0.0
LYS,-60,120,3,28,0.10714286,-61.36,173.72,-161.73,-169.0,7.94,5.43,14.92,14.93
LYS,-60,120,2,28,0.07142857,-59.31,-174.21,-177.55,-1.28,5.95,0.81,1.37,1.28
LYS,-60,150,2,26,0.07692308,59.13,178.74,-179.22,176.09,0.01,0.0,0.01,0.0
LYS,-60,150,2,26,0.07692308,-164.2,-172.06,92.44,-176.55,6.96,17.57,10.21,19.78
LYS,-60,150,2,26,0.07692308,-52.84,97.07,-177.09,-179.31,0.01,0.02,0.0,0.0
LYS,-60,150,2,26,0.07692308,-74.22,-175.83,69.96,72.76,3.43,3.3,4.65,5.12
LYS,-60,150,6,26,0.23076923,-64.02,179.53,176.87,-179.43,5.39,9.37,5.95,6.94
LYS,-60,150,2,26,0.07692308,-66.52,-174.85,-77.07,-58.34,13.39,2.61,5.42,7.07
LYS,-60,150,2,26,0.07692308,-61.32,-72.95,-71.87,167.97,0.75,10.22,10.4,5.07
LYS,-30,-30,2,4,0.5,-70.45,-158.74,148.29,89.42,0.01,0.01,0.01,0.01
LYS,60,30,2,7,0.28571429,-60.96,-158.33,-170.42,168.82,6.93,14.61,16.23,16.49
LYS,120,150,2,3,0.66666667,61.02,-172.58,-174.23,-72.12,0.0,0.0,0.0,0.0
GLN,-150,150,2,11,0.18181818,-160.79,169.98,-43.66,0.0,9.83,2.67,20.48,0.0
GLN,-150,150,4,11,0.36363636,-74.95,-174.41,22.37,0.0,4.9,2.66,7.41,0.0
GLN,-150,150,2,11,0.18181818,-74.67,160.62,-89.16,0.0,10.15,1.17,14.1,0.0
GLN,-120,-90,2,2,1.0,-60.91,-72.23,-65.89,0.0,6.7,1.65,23.39,0.0
GLN,-120,-30,2,3,0.66666667,-64.25,77.25,53.52,0.0,7.21,0.42,5.34,0.0
GLN,-120,0,2,5,0.4,76.55,89.15,56.1,0.0,8.41,2.69,5.15,0.0
GLN,-120,90,2,5,0.4,-164.66,174.81,30.08,0.0,9.56,20.91,21.29,0.0
GLN,-120,120,3,10,0.3,-171.95,59.17,35.54,0.0,4.1,4.72,10.2,0.0
GLN,-120,120,2,10,0.2,-74.78,-176.61,-49.94,0.0,2.76,6.19,20.68,0.0
GLN,-120,120,3,10,0.3,-61.72,-60.13,-34.26,0.0,11.26,6.74,10.1,0.0
GLN,-120,150,3,12,0.25,-47.74,160.05,17.58,0.0,3.35,14.75,20.12,0.0
GLN,-120,150,3,12,0.25,-71.53,163.72,165.47,0.0,10.2,8.72,9.79,0.0
GLN,-120,150,4,12,0.33333333,-61.53,-71.15,-37.84,0.0,7.1,13.57,19.62,0.0
GLN,-90,-60,2,4,0.5,-62.77,-74.2,138.31,0.0,0.0,0.0,0.0,0.0
GLN,-90,-30,2,5,0.4,-58.73,-76.99,103.55,0.0,9.44,5.01,6.0,0.0
GLN,-90,0,5,13,0.38461538,-63.29,179.66,32.7,0.0,7.8,6.02,12.86,0.0
GLN,-90,0,2,13,0.15384615,-52.72,-70.47,23.49,0.0,6.25,2.53,6.56,0.0
GLN,-90,0,2,13,0.15384615,-61.49,-67.94,-33.36,0.0,1.44,2.19,3.23,0.0
GLN,-90,120,2,13,0.15384615,178.64,-174.85,84.78,0.0,1.94,11.01,18.13,0.0
GLN,-90,120,2,13,0.15384615,-176.39,-178.7,159.72,0.0,3.55,14.64,17.41,0.0
GLN,-90,120,2,13,0.15384615,179.11,169.86,-35.22,0.0,17.14,17.18,33.8,0.0
GLN,-90,120,2,13,0.15384615,-88.87,-76.47,-3.05,0.0,15.95,1.28,0.58,0.0
GLN,-90,150,2,7,0.28571429,-64.5,159.37,80.27,0.0,0.6,22.88,23.17,0.0
GLN,-90,150,2,7,0.28571429,-70.31,179.74,-29.73,0.0,7.29,9.26,18.48,0.0
GLN,-60,-60,7,39,0.17948718,-171.38,62.21,44.5,0.0,11.13,11.47,11.49,0.0
GLN,-60,-60,3,39,0.07692308,-158.88,-175.78,42.5,0.0,17.45,13.59,17.38,0.0
GLN,-60,-60,4,39,0.1025641,174.99,-176.25,-176.11,0.0,1.93,1.45,3.04,0.0
GLN,-60,-60,4,39,0.1025641,-166.1,-178.88,-46.11,0.0,12.61,21.13,27.95,0.0
GLN,-60,-60,2,39,0.05128205,-67.09,91.81,-28.86,0.0,2.47,3.4,3.28,0.0
GLN,-60,-60,5,39,0.12820513,-64.01,-178.49,19.86,0.0,6.31,6.88,19.31,0.0
GLN,-60,-60,2,39,0.05128205,-72.23,-177.26,165.52,0.0,4.38,6.26,44.69,0.0
GLN,-60,-60,7,39,0.17948718,-69.61,-168.55,-50.31,0.0,12.33,8.63,23.85,0.0
GLN,-60,-60,4,39,0.1025641,-72.04,-65.86,100.68,0.0,8.62,6.36,13.95,0.0
GLN,-60,-30,4,116,0.03448276,64.31,-177.23,70.53,0.0,1.95,4.61,2.53,0.0
GLN,-60,-30,5,116,0.04310345,65.73,170.87,-44.4,0.0,3.71,8.05,13.44,0.0
GLN,-60,-30,8,116,0.06896552,-176.46,61.43,33.87,0.0,5.94,7.24,20.55,0.0
GLN,-60,-30,2,116,0.01724138,179.18,60.18,-126.56,0.0,4.74,1.51,2.24,0.0
GLN,-60,-30,3,116,0.02586207,-177.74,77.87,-22.14,0.0,19.63,5.8,17.93,0.0
GLN,-60,-30,11,116,0.09482759,179.01,179.03,49.16,0.0,9.04,7.71,27.99,0.0
GLN,-60,-30,6,116,0.05172414,178.79,-170.34,-177.68,0.0,8.83,6.94,19.71,0.0
GLN,-60,-30,9,116,0.07758621,-166.21,-168.15,-52.77,0.0,11.26,11.12,31.31,0.0
GLN,-60,-30,2,116,0.01724138,-171.57,-81.06,-30.56,0.0,1.02,9.77,6.97,0.0
GLN,-60,-30,3,116,0.02586207,-60.58,86.16,-62.56,0.0,16.61,17.86,21.96,0.0
GLN,-60,-30,30,116,0.25862069,-70.42,-176.31,51.78,0.0,6.77,10.48,18.94,0.0
GLN,-60,-30,3,116,0.02586207,-59.53,178.14,-170.24,0.0,7.46,1.51,15.26,0.0
GLN,-60,-30,4,116,0.03448276,-64.34,177.98,-26.23,0.0,5.7,2.84,25.55,0.0
GLN,-60,-30,6,116,0.05172414,-67.99,-72.67,106.57,0.0,6.61,21.42,9.15,0.0
GLN,-60,-30,3,116,0.02586207,-62.21,-61.25,139.79,0.0,6.09,9.37,31.93,0.0
GLN,-60,-30,15,116,0.12931034,-62.03,-52.39,-46.34,0.0,6.25,8.6,7.45,0.0
GLN,-60,0,2,3,0.66666667,64.64,-80.39,-15.73,0.0,0.0,0.0,0.0,0.0
GLN,-60,120,2,4,0.5,177.57,-177.92,-40.74,0.0,2.92,5.05,16.31,0.0
GLN,-60,150,2,9,0.22222222,-61.12,-168.59,-73.61,0.0,2.58,1.41,19.37,0.0
GLU,-150,90,2,4,0.5,-163.2,176.14,-87.35,0.0,19.43,0.82,23.0,0.0
GLU,-150,120,2,6,0.33333333,-177.64,178.59,-45.3,0.0,11.36,15.5,1.86,0.0
GLU,-150,120,3,6,0.5,-102.26,166.65,-62.03,0.0,9.42,12.69,1.8,0.0
GLU,-150,150,2,13,0.15384615,58.93,177.17,21.22,0.0,2.76,9.26,1.46,0.0
GLU,-150,150,2,13,0.15384615,63.61,-175.36,-79.11,0.0,3.47,5.36,4.87,0.0
GLU,-150,150,2,13,0.15384615,175.29,56.42,69.89,0.0,7.25,0.94,31.75,0.0
GLU,-120,120,2,9,0.22222222,-156.04,69.48,71.56,0.0,28.44,9.39,11.36,0.0
GLU,-120,120,2,9,0.22222222,179.18,-168.42,155.19,0.0,2.73,6.76,25.53,0.0
GLU,-120,120,2,9,0.22222222,-72.74,176.19,26.14,0.0,9.61,3.31,4.24,0.0
GLU,-120,120,2,9,0.22222222,-60.44,-69.66,-12.69,0.0,6.56,7.16,4.44,0.0
GLU,-120,150,4,16,0.25,-169.86,-176.25,-40.02,0.0,12.55,11.3,30.74,0.0
GLU,-120,150,3,16,0.1875,-55.54,178.73,-54.32,0.0,19.17,14.93,20.82,0.0
GLU,-120,150,3,16,0.1875,-60.58,-66.19,-49.2,0.0,2.59,10.44,2.81,0.0
GLU,-90,-180,2,6,0.33333333,-57.19,177.59,-60.42,0.0,24.52,7.86,24.0,0.0
GLU,-90,-30,3,9,0.33333333,173.06,178.76,-66.98,0.0,4.15,10.07,21.23,0.0
GLU,-90,0,3,14,0.21428571,-179.87,175.6,-14.49,0.0,9.81,14.01,7.38,0.0
GLU,-90,0,3,14,0.21428571,-68.97,-177.42,-164.81,0.0,14.03,3.95,24.53,0.0
GLU,-90,0,3,14,0.21428571,-50.89,176.48,-41.23,0.0,6.25,6.97,8.75,0.0
GLU,-90,120,3,8,0.375,-65.02,-61.06,-36.29,0.0,7.98,5.02,10.72,0.0
GLU,-90,150,2,15,0.13333333,-64.85,170.79,11.81,0.0,8.12,4.05,8.79,0.0
GLU,-90,150,7,15,0.46666667,-60.23,-174.06,-19.2,0.0,7.24,10.68,10.31,0.0
GLU,-60,-60,2,36,0.05555556,174.24,81.76,34.55,0.0,7.07,6.36,7.13,0.0
GLU,-60,-60,2,36,0.05555556,176.73,65.1,-80.03,0.0,13.12,12.49,28.97,0.0
GLU,-60,-60,7,36,0.19444444,175.7,-176.29,42.4,0.0,8.92,10.91,25.85,0.0
GLU,-60,-60,3,36,0.08333333,-178.96,177.46,-19.19,0.0,6.31,4.03,18.99,0.0
GLU,-60,-60,3,36,0.08333333,-63.58,66.37,47.82,0.0,9.27,3.17,11.64,0.0
GLU,-60,-60,7,36,0.19444444,-82.54,-173.16,41.87,0.0,12.91,9.92,20.65,0.0
GLU,-60,-60,4,36,0.11111111,-65.85,168.86,-8.31,0.0,2.14,6.62,13.28,0.0
GLU,-60,-60,4,36,0.11111111,-76.18,-54.94,-60.55,0.0,7.44,4.35,12.23,0.0
GLU,-60,-30,2,115,0.0173913,51.16,174.04,39.08,0.0,11.56,12.11,15.74,0.0
GLU,-60,-30,4,115,0.03478261,68.57,173.87,-35.06,0.0,8.31,14.04,15.84,0.0
GLU,-60,-30,6,115,0.05217391,56.57,-85.84,53.12,0.0,10.83,4.2,15.4,0.0
GLU,-60,-30,8,115,0.06956522,-178.58,71.79,16.59,0.0,17.22,8.06,5.72,0.0
GLU,-60,-30,2,115,0.0173913,-164.45,65.27,-50.13,0.0,9.02,8.16,49.44,0.0
GLU,-60,-30,15,115,0.13043478,-174.38,172.33,30.51,0.0,5.95,10.97,22.13,0.0
GLU,-60,-30,2,115,0.0173913,-165.05,153.0,176.41,0.0,24.55,6.87,55.19,0.0
GLU,-60,-30,7,115,0.06086957,-179.89,-175.52,-50.92,0.0,7.62,10.36,14.78,0.0
GLU,-60,-30,2,115,0.0173913,-149.31,-102.36,-44.56,0.0,25.67,0.06,22.49,0.0
GLU,-60,-30,6,115,0.05217391,-81.54,65.09,51.1,0.0,5.94,6.56,11.93,0.0
GLU,-60,-30,10,115,0.08695652,-64.84,90.86,-24.68,0.0,6.33,5.95,16.28,0.0
GLU,-60,-30,16,115,0.13913043,-72.12,-176.87,21.07,0.0,8.82,12.55,17.83,0.0
GLU,-60,-30,12,115,0.10434783,-69.84,174.88,-23.15,0.0,6.63,5.13,16.72,0.0
GLU,-60,-30,3,115,0.02608696,-84.82,-56.99,96.34,0.0,14.42,4.9,9.97,0.0
GLU,-60,-30,16,115,0.13913043,-73.81,-58.0,-46.09,0.0,5.81,8.03,12.2,0.0
GLU,-60,0,2,5,0.4,-79.14,80.06,51.8,0.0,5.26,13.5,6.5,0.0
GLU,-60,120,3,8,0.375,179.81,-173.5,37.69,0.0,6.92,6.1,11.71,0.0
GLU,-60,120,3,8,0.375,-175.28,-176.06,-44.79,0.0,8.92,6.59,21.36,0.0
GLU,-60,150,2,25,0.08,72.16,174.07,103.4,0.0,0.0,0.0,0.0,0.0
GLU,-60,150,3,25,0.12,-171.51,177.3,-30.79,0.0,8.53,20.75,12.61,0.0
GLU,-60,150,2,25,0.08,-54.38,82.58,-72.64,0.0,10.77,1.18,4.34,0.0
GLU,-60,150,3,25,0.12,-69.65,167.02,25.23,0.0,8.95,7.48,16.81,0.0
GLU,-60,150,4,25,0.16,-64.26,-171.22,-18.77,0.0,3.43,4.62,12.37,0.0
GLU,-60,150,2,25,0.08,-80.18,-70.08,-176.21,0.0,0.0,0.0,0.0,0.0
GLU,-60,150,3,25,0.12,-70.98,-68.3,-41.53,0.0,12.28,4.22,21.18,0.0
MET,-150,150,2,7,0.28571429,60.99,-174.27,-65.75,0.0,4.94,7.42,18.0,0.0
MET,-150,150,3,7,0.42857143,-72.09,-174.0,-80.77,0.0,7.02,17.13,5.38,0.0
MET,-120,0,2,2,1.0,-73.44,176.06,70.88,0.0,0.06,1.42,15.36,0.0
MET,-120,120,3,5,0.6,-56.54,-179.72,75.12,0.0,11.26,2.53,3.09,0.0
MET,-120,150,2,8,0.25,-58.52,-178.49,79.93,0.0,0.17,1.14,16.08,0.0
MET,-120,150,2,8,0.25,-51.51,-178.7,-144.15,0.0,6.71,20.52,7.62,0.0
MET,-120,150,2,8,0.25,-62.03,-70.25,-72.49,0.0,14.97,3.07,8.27,0.0
MET,-90,0,2,5,0.4,-56.98,-164.8,-43.7,0.0,12.39,7.95,17.47,0.0
MET,-90,0,2,5,0.4,-69.62,-67.6,-70.86,0.0,10.93,1.33,3.87,0.0
MET,-90,120,3,10,0.3,176.45,-175.05,-93.06,0.0,4.24,2.59,15.21,0.0
MET,-90,120,3,10,0.3,-91.76,-167.54,79.5,0.0,4.5,5.49,5.72,0.0
MET,-90,120,2,10,0.2,-74.85,-160.94,-79.88,0.0,15.55,6.59,6.43,0.0
MET,-60,-60,2,15,0.13333333,-162.23,173.24,-58.28,0.0,19.28,3.87,20.3,0.0
MET,-60,-60,2,15,0.13333333,-80.63,172.52,-174.38,0.0,21.89,14.84,3.77,0.0
MET,-60,-60,3,15,0.2,-81.49,-164.64,-88.18,0.0,15.07,8.37,15.82,0.0
MET,-60,-60,2,15,0.13333333,-102.9,-73.27,-63.71,0.0,3.66,2.88,21.0,0.0
MET,-60,-30,2,37,0.05405405,176.36,53.62,72.83,0.0,9.29,6.34,13.78,0.0
MET,-60,-30,2,37,0.05405405,-169.17,60.25,-162.68,0.0,4.31,2.07,8.35,0.0
MET,-60,-30,2,37,0.05405405,-176.02,170.29,-76.64,0.0,5.72,7.97,5.41,0.0
MET,-60,-30,3,37,0.08108108,-69.78,70.57,72.93,0.0,9.03,5.25,4.63,0.0
MET,-60,-30,5,37,0.13513514,-72.48,169.84,70.72,0.0,1.95,8.31,3.56,0.0
MET,-60,-30,3,37,0.08108108,-76.49,-163.98,-152.4,0.0,8.18,12.23,21.18,0.0
MET,-60,-30,8,37,0.21621622,-74.92,-172.3,-65.38,0.0,5.67,5.05,19.72,0.0
MET,-60,-30,5,37,0.13513514,-69.37,-58.59,98.68,0.0,2.35,3.37,6.32,0.0
MET,-60,-30,4,37,0.10810811,-62.78,-55.8,-68.85,0.0,12.98,5.92,14.16,0.0
ASN,-180,90,2,3,0.66666667,174.3,10.19,0.0,0.0,2.17,1.97,0.0,0.0
ASN,-150,-180,2,5,0.4,54.56,31.99,0.0,0.0,0.37,11.29,0.0,0.0
ASN,-150,30,2,6,0.33333333,-165.38,35.05,0.0,0.0,1.65,5.34,0.0,0.0
ASN,-150,30,3,6,0.5,-84.15,-55.06,0.0,0.0,2.16,1.61,0.0,0.0
ASN,-150,90,4,5,0.8,-163.71,-33.94,0.0,0.0,9.37,14.59,0.0,0.0
ASN,-150,120,3,6,0.5,-163.95,61.21,0.0,0.0,14.6,19.94,0.0,0.0
ASN,-150,150,2,5,0.4,-159.34,53.22,0.0,0.0,7.78,4.76,0.0,0.0
ASN,-120,-180,2,4,0.5,67.2,6.99,0.0,0.0,1.21,6.65,0.0,0.0
ASN,-120,-180,2,4,0.5,-73.26,-47.47,0.0,0.0,2.5,12.08,0.0,0.0
ASN,-120,0,3,11,0.27272727,48.74,22.84,0.0,0.0,6.89,5.91,0.0,0.0
ASN,-120,0,2,11,0.18181818,60.17,-17.29,0.0,0.0,0.22,12.81,0.0,0.0
ASN,-120,0,3,11,0.27272727,-70.54,-37.11,0.0,0.0,7.14,20.72,0.0,0.0
ASN,-120,30,2,6,0.33333333,-158.4,36.51,0.0,0.0,0.38,4.96,0.0,0.0
ASN,-120,30,2,6,0.33333333,-68.41,-38.37,0.0,0.0,9.52,15.13,0.0,0.0
ASN,-120,90,6,13,0.46153846,-173.84,12.65,0.0,0.0,5.27,12.48,0.0,0.0
ASN,-120,90,5,13,0.38461538,-174.06,-13.99,0.0,0.0,4.31,6.71,0.0,0.0
ASN,-120,120,2,10,0.2,-162.12,9.97,0.0,0.0,11.17,1.12,0.0,0.0
ASN,-120,120,5,10,0.5,-170.91,-57.01,0.0,0.0,3.68,11.35,0.0,0.0
ASN,-120,120,2,10,0.2,-74.23,97.37,0.0,0.0,14.95,21.81,0.0,0.0
ASN,-120,150,2,5,0.4,65.05,82.25,0.0,0.0,7.05,5.78,0.0,0.0
ASN,-120,150,2,5,0.4,-69.1,-37.83,0.0,0.0,16.83,26.81,0.0,0.0
ASN,-90,-180,2,4,0.5,67.0,173.61,0.0,0.0,0.63,8.13,0.0,0.0
ASN,-90,-60,2,3,0.66666667,-168.86,18.71,0.0,0.0,3.83,10.72,0.0,0.0
ASN,-90,-30,2,15,0.13333333,-77.5,106.83,0.0,0.0,31.97,11.36,0.0,0.0
ASN,-90,-30,12,15,0.8,-71.47,-38.33,0.0,0.0,6.68,16.89,0.0,0.0
ASN,-90,0,3,24,0.125,60.77,17.81,0.0,0.0,5.14,4.52,0.0,0.0
ASN,-90,0,3,24,0.125,71.21,-21.74,0.0,0.0,14.72,19.57,0.0,0.0
ASN,-90,0,3,24,0.125,-174.34,43.63,0.0,0.0,0.2,6.98,0.0,0.0
ASN,-90,0,13,24,0.54166667,-67.27,-34.28,0.0,0.0,9.66,10.96,0.0,0.0
ASN,-90,30,3,5,0.6,-60.7,-37.68,0.0,0.0,5.21,3.07,0.0,0.0
ASN,-90,60,3,10,0.3,50.78,-31.83,0.0,0.0,6.66,16.22,0.0,0.0
ASN,-90,60,2,10,0.2,-168.6,20.25,0.0,0.0,7.91,16.32,0.0,0.0
ASN,-90,60,2,10,0.2,-54.64,-50.55,0.0,0.0,8.34,18.76,0.0,0.0
ASN,-90,90,6,15,0.4,-172.4,13.06,0.0,0.0,8.1,10.85,0.0,0.0
ASN,-90,90,2,15,0.13333333,-174.13,165.27,0.0,0.0,6.33,9.31,0.0,0.0
ASN,-90,90,5,15,0.33333333,-174.23,-29.25,0.0,0.0,2.48,16.24,0.0,0.0
ASN,-90,90,2,15,0.13333333,-50.45,-82.28,0.0,0.0,4.92,36.69,0.0,0.0
ASN,-90,120,2,29,0.06896552,106.11,57.91,0.0,0.0,0.02,0.0,0.0,0.0
ASN,-90,120,5,29,0.17241379,179.89,28.99,0.0,0.0,12.33,17.27,0.0,0.0
ASN,-90,120,11,29,0.37931034,-174.69,-25.91,0.0,0.0,3.3,17.69,0.0,0.0
ASN,-90,120,3,29,0.10344828,-80.95,91.87,0.0,0.0,7.38,34.35,0.0,0.0
ASN,-90,120,2,29,0.06896552,-61.74,138.5,0.0,0.0,2.82,9.4,0.0,0.0
ASN,-90,120,5,29,0.17241379,-69.37,-41.88,0.0,0.0,5.57,19.59,0.0,0.0
ASN,-90,150,2,11,0.18181818,66.57,56.4,0.0,0.0,7.39,4.85,0.0,0.0
ASN,-90,150,2,11,0.18181818,-78.39,20.26,0.0,0.0,0.01,0.02,0.0,0.0
ASN,-90,150,5,11,0.45454545,-68.37,-40.83,0.0,0.0,4.73,9.6,0.0,0.0
ASN,-60,-180,4,5,0.8,63.46,33.46,0.0,0.0,5.91,17.57,0.0,0.0
ASN,-60,-60,4,25,0.16,-167.17,64.7,0.0,0.0,6.25,20.59,0.0,0.0
ASN,-60,-60,5,25,0.2,-175.05,-99.89,0.0,0.0,7.36,10.97,0.0,0.0
ASN,-60,-60,3,25,0.12,-77.34,45.74,0.0,0.0,19.85,29.73,0.0,0.0
ASN,-60,-60,10,25,0.4,-72.76,-22.57,0.0,0.0,4.08,8.47,0.0,0.0
ASN,-60,-30,9,97,0.09278351,78.54,86.38,0.0,0.0,4.3,10.16,0.0,0.0
ASN,-60,-30,2,97,0.02061856,66.71,-42.63,0.0,0.0,1.1,9.66,0.0,0.0
ASN,-60,-30,14,97,0.1443299,-165.62,40.25,0.0,0.0,9.6,15.7,0.0,0.0
ASN,-60,-30,6,97,0.06185567,-167.89,-86.11,0.0,0.0,13.67,14.93,0.0,0.0
ASN,-60,-30,10,97,0.10309278,-80.3,70.9,0.0,0.0,10.57,29.65,0.0,0.0
ASN,-60,-30,6,97,0.06185567,-71.28,162.14,0.0,0.0,4.26,5.77,0.0,0.0
ASN,-60,-30,49,97,0.50515464,-72.47,-27.24,0.0,0.0,6.77,14.72,0.0,0.0
ASN,-60,60,2,3,0.66666667,-78.47,-8.19,0.0,0.0,0.0,0.0,0.0,0.0
ASN,-60,120,3,9,0.33333333,-171.31,36.65,0.0,0.0,4.14,27.06,0.0,0.0
ASN,-60,120,2,9,0.22222222,-171.89,-52.33,0.0,0.0,4.19,6.38,0.0,0.0
ASN,-60,120,3,9,0.33333333,-70.91,-30.63,0.0,0.0,8.65,20.89,0.0,0.0
ASN,-60,150,2,10,0.2,69.71,99.19,0.0,0.0,8.0,13.42,0.0,0.0
ASN,-60,150,4,10,0.4,-68.08,-19.15,0.0,0.0,0.91,5.15,0.0,0.0
ASN,60,30,9,18,0.5,-159.32,37.3,0.0,0.0,7.92,3.6,0.0,0.0
ASN,60,30,2,18,0.11111111,-84.99,62.82,0.0,0.0,24.31,47.41,0.0,0.0
ASN,60,30,6,18,0.33333333,-62.42,-35.21,0.0,0.0,8.17,10.16,0.0,0.0
ASN,60,60,2,5,0.4,-54.29,99.66,0.0,0.0,0.71,10.68,0.0,0.0
ASN,60,60,2,5,0.4,-87.05,-50.81,0.0,0.0,24.87,0.91,0.0,0.0
ASP,-150,-180,4,8,0.5,63.77,29.52,0.0,0.0,3.77,5.59,0.0,0.0
ASP,-150,-150,2,2,1.0,62.7,15.5,0.0,0.0,1.82,5.72,0.0,0.0
ASP,-150,90,2,3,0.66666667,-178.19,4.07,0.0,0.0,6.08,2.59,0.0,0.0
ASP,-150,120,2,3,0.66666667,-174.65,-32.45,0.0,0.0,3.93,27.76,0.0,0.0
ASP,-150,150,2,10,0.2,57.23,-70.0,0.0,0.0,3.15,0.15,0.0,0.0
ASP,-150,150,4,10,0.4,-170.66,58.64,0.0,0.0,8.81,15.86,0.0,0.0
ASP,-150,150,2,10,0.2,-176.34,-149.49,0.0,0.0,0.0,0.02,0.0,0.0
ASP,-120,-180,4,8,0.5,55.53,42.68,0.0,0.0,1.72,0.47,0.0,0.0
ASP,-120,-180,3,8,0.375,-77.88,-65.4,0.0,0.0,19.74,28.09,0.0,0.0
ASP,-120,-150,2,4,0.5,51.61,42.18,0.0,0.0,0.0,0.0,0.0,0.0
ASP,-120,-150,2,4,0.5,78.49,-37.31,0.0,0.0,0.0,0.0,0.0,0.0
ASP,-120,0,3,5,0.6,-55.36,-34.97,0.0,0.0,1.32,16.29,0.0,0.0
ASP,-120,30,2,5,0.4,-166.35,41.86,0.0,0.0,2.61,11.36,0.0,0.0
ASP,-120,120,2,20,0.1,-179.88,20.17,0.0,0.0,9.01,15.73,0.0,0.0
ASP,-120,120,2,20,0.1,-172.43,153.16,0.0,0.0,2.27,13.15,0.0,0.0
ASP,-120,120,2,20,0.1,-152.7,-30.48,0.0,0.0,19.45,0.47,0.0,0.0
ASP,-120,120,4,20,0.2,-69.74,33.6,0.0,0.0,7.03,33.67,0.0,0.0
ASP,-120,120,8,20,0.4,-60.57,-31.44,0.0,0.0,8.0,12.33,0.0,0.0
ASP,-120,150,4,6,0.66666667,-67.24,-35.75,0.0,0.0,8.82,5.41,0.0,0.0
ASP,-90,-180,2,8,0.25,67.71,18.2,0.0,0.0,10.04,17.99,0.0,0.0
ASP,-90,-180,3,8,0.375,74.86,-4.79,0.0,0.0,3.82,0.83,0.0,0.0
ASP,-90,-180,2,8,0.25,-67.05,-44.76,0.0,0.0,5.09,22.79,0.0,0.0
ASP,-90,-60,4,5,0.8,-67.57,-23.38,0.0,0.0,3.33,17.55,0.0,0.0
ASP,-90,-30,2,11,0.18181818,63.7,-39.09,0.0,0.0,0.17,0.4,0.0,0.0
ASP,-90,-30,6,11,0.54545455,-54.68,-40.59,0.0,0.0,11.63,18.09,0.0,0.0
ASP,-90,0,6,19,0.31578947,59.97,16.62,0.0,0.0,3.44,11.0,0.0,0.0
ASP,-90,0,6,19,0.31578947,64.45,-17.03,0.0,0.0,10.18,14.34,0.0,0.0
ASP,-90,0,3,19,0.15789474,-65.33,39.97,0.0,0.0,11.0,10.86,0.0,0.0
ASP,-90,0,2,19,0.10526316,-70.06,-165.06,0.0,0.0,19.48,40.47,0.0,0.0
ASP,-90,30,4,4,1.0,-59.41,-37.6,0.0,0.0,5.14,5.06,0.0,0.0
ASP,-90,60,3,5,0.6,-73.62,-36.33,0.0,0.0,2.53,5.38,0.0,0.0
ASP,-90,90,4,10,0.4,-177.0,19.39,0.0,0.0,2.8,3.08,0.0,0.0
ASP,-90,90,2,10,0.2,178.37,-58.0,0.0,0.0,5.57,45.58,0.0,0.0
ASP,-90,90,2,10,0.2,-63.31,-39.53,0.0,0.0,1.72,7.1,0.0,0.0
ASP,-90,120,4,12,0.33333333,-170.65,-22.94,0.0,0.0,8.49,9.86,0.0,0.0
ASP,-90,120,2,12,0.16666667,-63.41,159.38,0.0,0.0,1.81,3.54,0.0,0.0
ASP,-90,120,4,12,0.33333333,-59.48,-48.14,0.0,0.0,2.75,17.04,0.0,0.0
ASP,-90,150,3,18,0.16666667,-171.34,69.96,0.0,0.0,7.66,26.1,0.0,0.0
ASP,-90,150,3,18,0.16666667,-147.86,-9.8,0.0,0.0,9.28,4.19,0.0,0.0
ASP,-90,150,3,18,0.16666667,-70.08,20.95,0.0,0.0,2.6,23.41,0.0,0.0
ASP,-90,150,7,18,0.38888889,-74.73,-16.65,0.0,0.0,8.97,6.83,0.0,0.0
ASP,-60,-60,2,26,0.07692308,-166.04,60.59,0.0,0.0,0.6,3.5,0.0,0.0
ASP,-60,-60,5,26,0.19230769,-169.22,-94.56,0.0,0.0,14.24,17.19,0.0,0.0
ASP,-60,-60,4,26,0.15384615,-90.76,24.31,0.0,0.0,8.09,13.41,0.0,0.0
ASP,-60,-60,13,26,0.5,-70.0,-22.93,0.0,0.0,8.51,14.03,0.0,0.0
ASP,-60,-30,4,71,0.05633803,70.84,-25.55,0.0,0.0,9.53,2.81,0.0,0.0
ASP,-60,-30,11,71,0.15492958,-167.93,47.72,0.0,0.0,7.49,9.36,0.0,0.0
ASP,-60,-30,4,71,0.05633803,-82.66,15.17,0.0,0.0,8.62,16.55,0.0,0.0
ASP,-60,-30,48,71,0.67605634,-72.09,-25.91,0.0,0.0,7.02,13.93,0.0,0.0
ASP,-60,0,4,12,0.33333333,58.21,21.38,0.0,0.0,7.11,10.15,0.0,0.0
ASP,-60,0,2,12,0.16666667,54.76,-40.4,0.0,0.0,3.88,6.04,0.0,0.0
ASP,-60,0,3,12,0.25,-68.12,-42.23,0.0,0.0,4.11,0.64,0.0,0.0
ASP,-60,120,2,11,0.18181818,-176.46,83.55,0.0,0.0,1.47,3.13,0.0,0.0
ASP,-60,120,3,11,0.27272727,175.33,-176.89,0.0,0.0,7.0,24.29,0.0,0.0
ASP,-60,120,4,11,0.36363636,-175.78,-72.2,0.0,0.0,5.1,18.96,0.0,0.0
ASP,-60,120,2,11,0.18181818,-56.26,-27.19,0.0,0.0,0.01,0.01,0.0,0.0
ASP,-60,150,3,31,0.09677419,176.16,57.37,0.0,0.0,8.24,17.19,0.0,0.0
ASP,-60,150,5,31,0.16129032,-158.61,-40.58,0.0,0.0,7.64,24.35,0.0,0.0
ASP,-60,150,8,31,0.25806452,-75.88,13.53,0.0,0.0,9.17,14.79,0.0,0.0
ASP,-60,150,2,31,0.06451613,-79.04,-164.23,0.0,0.0,4.6,6.81,0.0,0.0
ASP,-60,150,12,31,0.38709677,-62.07,-19.15,0.0,0.0,4.86,8.24,0.0,0.0
HIS,-180,-180,2,4,0.5,61.55,-83.2,0.0,0.0,2.77,7.64,0.0,0.0
HIS,-180,150,2,3,0.66666667,50.45,-61.88,0.0,0.0,0.0,0.0,0.0,0.0
HIS,-150,-180,2,7,0.28571429,70.98,95.54,0.0,0.0,5.41,17.27,0.0,0.0
HIS,-150,-180,4,7,0.57142857,65.58,-65.28,0.0,0.0,3.44,19.67,0.0,0.0
HIS,-150,-150,2,2,1.0,-165.33,53.72,0.0,0.0,0.0,0.0,0.0,0.0
HIS,-150,150,2,10,0.2,62.86,-86.25,0.0,0.0,6.09,3.7,0.0,0.0
HIS,-150,150,2,10,0.2,-179.2,57.56,0.0,0.0,5.03,19.24,0.0,0.0
HIS,-150,150,4,10,0.4,-167.72,-95.01,0.0,0.0,2.26,21.96,0.0,0.0
HIS,-120,-180,2,4,0.5,-43.36,-86.61,0.0,0.0,27.79,27.02,0.0,0.0
HIS,-120,-30,2,4,0.5,58.82,69.92,0.0,0.0,1.53,9.78,0.0,0.0
HIS,-120,-30,2,4,0.5,-56.71,-64.61,0.0,0.0,2.35,3.94,0.0,0.0
HIS,-120,0,2,3,0.66666667,63.31,-53.48,0.0,0.0,11.18,9.01,0.0,0.0
HIS,-120,30,4,8,0.5,-65.75,89.76,0.0,0.0,6.85,19.64,0.0,0.0
HIS,-120,30,3,8,0.375,-59.3,-70.82,0.0,0.0,5.39,6.74,0.0,0.0
HIS,-120,90,2,3,0.66666667,-160.36,-58.63,0.0,0.0,0.84,1.58,0.0,0.0
HIS,-120,120,4,10,0.4,-171.16,45.68,0.0,0.0,4.96,21.0,0.0,0.0
HIS,-120,120,3,10,0.3,-70.29,77.75,0.0,0.0,10.32,11.76,0.0,0.0
HIS,-120,150,2,9,0.22222222,177.65,74.16,0.0,0.0,5.66,10.8,0.0,0.0
HIS,-120,150,2,9,0.22222222,-169.46,-94.23,0.0,0.0,10.69,11.59,0.0,0.0
HIS,-120,150,3,9,0.33333333,-63.58,-57.31,0.0,0.0,9.17,28.64,0.0,0.0
HIS,-90,0,3,6,0.5,-64.96,98.19,0.0,0.0,5.26,15.96,0.0,0.0
HIS,-90,0,2,6,0.33333333,-59.84,-63.02,0.0,0.0,1.28,1.93,0.0,0.0
HIS,-90,30,2,3,0.66666667,-76.04,-80.42,0.0,0.0,7.84,4.59,0.0,0.0
HIS,-90,120,5,15,0.33333333,-174.05,56.74,0.0,0.0,4.03,27.97,0.0,0.0
HIS,-90,120,2,15,0.13333333,175.62,-110.97,0.0,0.0,4.16,7.4,0.0,0.0
HIS,-90,120,2,15,0.13333333,-69.1,55.43,0.0,0.0,0.47,52.87,0.0,0.0
HIS,-90,120,5,15,0.33333333,-70.32,176.15,0.0,0.0,1.8,22.15,0.0,0.0
HIS,-90,150,4,14,0.28571429,-175.11,-83.79,0.0,0.0,1.24,2.31,0.0,0.0
HIS,-90,150,2,14,0.14285714,-71.59,91.91,0.0,0.0,6.9,4.22,0.0,0.0
HIS,-90,150,3,14,0.21428571,-82.11,173.99,0.0,0.0,7.84,15.2,0.0,0.0
HIS,-90,150,3,14,0.21428571,-57.93,-66.22,0.0,0.0,9.84,7.2,0.0,0.0
HIS,-60,-60,6,16,0.375,179.82,70.75,0.0,0.0,5.88,13.83,0.0,0.0
HIS,-60,-60,3,16,0.1875,177.23,-96.81,0.0,0.0,4.63,7.25,0.0,0.0
HIS,-60,-60,4,16,0.25,-70.21,169.01,0.0,0.0,4.83,2.22,0.0,0.0
HIS,-60,-60,2,16,0.125,-71.74,-29.52,0.0,0.0,17.61,29.52,0.0,0.0
HIS,-60,-30,5,62,0.08064516,54.86,82.48,0.0,0.0,3.82,2.65,0.0,0.0
HIS,-60,-30,6,62,0.09677419,63.89,-128.88,0.0,0.0,0.85,1.82,0.0,0.0
HIS,-60,-30,10,62,0.16129032,71.76,-77.0,0.0,0.0,8.94,4.18,0.0,0.0
HIS,-60,-30,6,62,0.09677419,-176.36,68.67,0.0,0.0,4.36,2.9,0.0,0.0
HIS,-60,-30,7,62,0.11290323,176.64,-99.45,0.0,0.0,8.97,5.26,0.0,0.0
HIS,-60,-30,3,62,0.0483871,-80.47,84.44,0.0,0.0,1.34,14.75,0.0,0.0
HIS,-60,-30,8,62,0.12903226,-68.83,171.36,0.0,0.0,4.5,12.69,0.0,0.0
HIS,-60,-30,17,62,0.27419355,-68.91,-61.85,0.0,0.0,7.58,8.69,0.0,0.0
HIS,-60,120,2,8,0.25,-177.8,92.0,0.0,0.0,1.67,16.12,0.0,0.0
HIS,-60,120,5,8,0.625,-169.83,-75.41,0.0,0.0,7.61,10.6,0.0,0.0
HIS,-60,150,4,14,0.28571429,-172.63,-93.19,0.0,0.0,3.13,3.62,0.0,0.0
HIS,-60,150,4,14,0.28571429,-73.16,-165.01,0.0,0.0,0.96,16.14,0.0,0.0
HIS,-60,150,4,14,0.28571429,-68.26,-64.23,0.0,0.0,11.83,4.48,0.0,0.0
HIS,-30,120,2,2,1.0,-164.94,96.13,0.0,0.0,14.76,15.08,0.0,0.0
HIS,60,30,4,5,0.8,-66.28,164.58,0.0,0.0,1.84,32.04,0.0,0.0
HIS,60,60,2,5,0.4,-54.9,113.24,0.0,0.0,0.0,0.0,0.0,0.0
ILE,-150,30,2,2,1.0,29.92,-99.37,0.0,0.0,0.0,0.02,0.0,0.0
ILE,-150,120,2,3,0.66666667,-53.76,175.41,0.0,0.0,1.52,4.18,0.0,0.0
ILE,-150,150,4,10,0.4,62.59,171.73,0.0,0.0,7.44,6.47,0.0,0.0
ILE,-150,150,2,10,0.2,-171.9,155.52,0.0,0.0,3.48,3.0,0.0,0.0
ILE,-150,150,3,10,0.3,-42.87,173.92,0.0,0.0,10.39,4.79,0.0,0.0
ILE,-120,-180,7,10,0.7,59.26,174.1,0.0,0.0,21.33,3.22,0.0,0.0
ILE,-120,-180,2,10,0.2,-53.14,-169.91,0.0,0.0,16.79,3.22,0.0,0.0
ILE,-120,0,4,6,0.66666667,61.41,171.9,0.0,0.0,3.99,4.04,0.0,0.0
ILE,-120,30,2,4,0.5,56.04,90.89,0.0,0.0,11.44,23.46,0.0,0.0
ILE,-120,30,2,4,0.5,73.82,124.22,0.0,0.0,0.01,0.01,0.0,0.0
ILE,-120,90,5,5,1.0,-58.91,173.92,0.0,0.0,5.11,12.51,0.0,0.0
ILE,-120,120,27,33,0.81818182,-58.32,173.95,0.0,0.0,3.79,8.54,0.0,0.0
ILE,-120,120,4,33,0.12121212,-53.76,-69.41,0.0,0.0,7.64,4.21,0.0,0.0
ILE,-120,150,7,22,0.31818182,57.37,172.66,0.0,0.0,4.48,8.73,0.0,0.0
ILE,-120,150,4,22,0.18181818,-177.87,170.71,0.0,0.0,2.33,3.12,0.0,0.0
ILE,-120,150,7,22,0.31818182,-62.32,161.75,0.0,0.0,6.64,9.2,0.0,0.0
ILE,-120,150,4,22,0.18181818,-52.46,-57.8,0.0,0.0,7.54,4.3,0.0,0.0
ILE,-90,-60,5,10,0.5,-63.59,170.06,0.0,0.0,8.6,8.49,0.0,0.0
ILE,-90,-60,3,10,0.3,-71.44,-50.56,0.0,0.0,4.31,5.44,0.0,0.0
ILE,-90,-30,5,6,0.83333333,-68.37,-176.32,0.0,0.0,7.6,12.44,0.0,0.0
ILE,-90,0,4,4,1.0,56.77,169.78,0.0,0.0,7.21,4.92,0.0,0.0
ILE,-90,120,2,30,0.06666667,-174.04,168.0,0.0,0.0,9.1,1.69,0.0,0.0
ILE,-90,120,2,30,0.06666667,-76.15,82.67,0.0,0.0,14.05,6.81,0.0,0.0
ILE,-90,120,18,30,0.6,-60.54,176.78,0.0,0.0,4.95,5.19,0.0,0.0
ILE,-90,120,8,30,0.26666667,-58.07,-61.15,0.0,0.0,3.9,7.54,0.0,0.0
ILE,-90,150,2,11,0.18181818,-169.12,62.51,0.0,0.0,0.02,0.0,0.0,0.0
ILE,-90,150,5,11,0.45454545,-62.62,168.76,0.0,0.0,1.98,6.85,0.0,0.0
ILE,-90,150,2,11,0.18181818,-61.04,-57.18,0.0,0.0,0.43,0.04,0.0,0.0
ILE,-60,-60,30,39,0.76923077,-67.13,171.82,0.0,0.0,3.82,5.14,0.0,0.0
ILE,-60,-60,8,39,0.20512821,-60.37,-57.56,0.0,0.0,8.78,9.82,0.0,0.0
ILE,-60,-30,5,76,0.06578947,68.11,175.05,0.0,0.0,6.37,9.48,0.0,0.0
ILE,-60,-30,11,76,0.14473684,-166.3,68.61,0.0,0.0,7.73,7.6,0.0,0.0
ILE,-60,-30,7,76,0.09210526,-170.96,168.39,0.0,0.0,4.63,11.22,0.0,0.0
ILE,-60,-30,5,76,0.06578947,-44.82,76.65,0.0,0.0,25.04,21.13,0.0,0.0
ILE,-60,-30,37,76,0.48684211,-70.66,172.33,0.0,0.0,4.69,6.84,0.0,0.0
ILE,-60,-30,10,76,0.13157895,-61.58,-61.17,0.0,0.0,4.42,6.85,0.0,0.0
ILE,-60,0,2,2,1.0,67.16,172.9,0.0,0.0,1.0,0.99,0.0,0.0
ILE,-60,120,3,13,0.23076923,-80.44,79.14,0.0,0.0,3.27,4.96,0.0,0.0
ILE,-60,120,6,13,0.46153846,-67.03,178.63,0.0,0.0,3.39,12.27,0.0,0.0
ILE,-60,120,4,13,0.30769231,-63.81,-67.21,0.0,0.0,3.21,9.28,0.0,0.0
LEU,-150,-180,2,3,0.66666667,56.71,74.54,0.0,0.0,1.83,11.09,0.0,0.0
LEU,-150,120,5,8,0.625,-173.98,61.78,0.0,0.0,4.18,3.99,0.0,0.0
LEU,-150,120,2,8,0.25,-116.82,54.73,0.0,0.0,1.32,1.48,0.0,0.0
LEU,-150,150,2,11,0.18181818,68.94,95.1,0.0,0.0,1.32,20.39,0.0,0.0
LEU,-150,150,2,11,0.18181818,-151.39,72.9,0.0,0.0,27.3,5.24,0.0,0.0
LEU,-150,150,6,11,0.54545455,-66.89,170.71,0.0,0.0,4.99,1.75,0.0,0.0
LEU,-120,-180,2,2,1.0,-59.86,173.57,0.0,0.0,1.5,3.95,0.0,0.0
LEU,-120,-30,2,2,1.0,-61.6,177.91,0.0,0.0,5.69,4.64,0.0,0.0
LEU,-120,0,5,6,0.83333333,-61.74,-179.42,0.0,0.0,7.76,5.23,0.0,0.0
LEU,-120,30,3,3,1.0,-60.57,176.38,0.0,0.0,3.31,3.58,0.0,0.0
LEU,-120,120,5,16,0.3125,179.21,66.18,0.0,0.0,4.75,3.58,0.0,0.0
LEU,-120,120,4,16,0.25,-84.97,60.99,0.0,0.0,7.9,1.93,0.0,0.0
LEU,-120,120,6,16,0.375,-69.72,179.83,0.0,0.0,10.82,11.91,0.0,0.0
LEU,-120,150,19,22,0.86363636,-63.68,175.99,0.0,0.0,4.93,5.42,0.0,0.0
LEU,-90,-180,4,4,1.0,-56.63,178.88,0.0,0.0,4.57,1.9,0.0,0.0
LEU,-90,-30,3,14,0.21428571,-168.07,60.44,0.0,0.0,18.1,16.7,0.0,0.0
LEU,-90,-30,2,14,0.14285714,-90.97,20.73,0.0,0.0,4.52,11.39,0.0,0.0
LEU,-90,-30,9,14,0.64285714,-63.65,172.54,0.0,0.0,4.95,3.29,0.0,0.0
LEU,-90,0,4,26,0.15384615,-87.33,50.09,0.0,0.0,22.77,13.77,0.0,0.0
LEU,-90,0,19,26,0.73076923,-61.18,178.59,0.0,0.0,6.7,7.47,0.0,0.0
LEU,-90,0,2,26,0.07692308,-72.63,-40.37,0.0,0.0,6.06,8.54,0.0,0.0
LEU,-90,30,2,2,1.0,-62.09,163.45,0.0,0.0,3.22,13.11,0.0,0.0
LEU,-90,90,2,7,0.28571429,-72.72,73.94,0.0,0.0,0.0,0.01,0.0,0.0
LEU,-90,90,5,7,0.71428571,-70.84,171.28,0.0,0.0,14.98,8.16,0.0,0.0
LEU,-90,120,6,19,0.31578947,176.7,68.22,0.0,0.0,8.95,5.8,0.0,0.0
LEU,-90,120,2,19,0.10526316,178.26,135.16,0.0,0.0,7.34,10.76,0.0,0.0
LEU,-90,120,10,19,0.52631579,-68.05,177.34,0.0,0.0,8.27,6.06,0.0,0.0
LEU,-90,150,3,33,0.09090909,-175.68,65.78,0.0,0.0,16.3,8.03,0.0,0.0
LEU,-90,150,2,33,0.06060606,-83.03,68.78,0.0,0.0,2.02,4.7,0.0,0.0
LEU,-90,150,27,33,0.81818182,-61.26,174.68,0.0,0.0,5.2,7.44,0.0,0.0
LEU,-60,-60,13,21,0.61904762,179.22,62.46,0.0,0.0,5.62,4.44,0.0,0.0
LEU,-60,-60,7,21,0.33333333,-66.94,175.82,0.0,0.0,3.3,3.85,0.0,0.0
LEU,-60,-30,3,98,0.03061224,57.5,86.31,0.0,0.0,15.62,23.67,0.0,0.0
LEU,-60,-30,31,98,0.31632653,-175.32,60.55,0.0,0.0,8.56,5.42,0.0,0.0
LEU,-60,-30,4,98,0.04081633,-148.79,162.26,0.0,0.0,6.08,23.85,0.0,0.0
LEU,-60,-30,8,98,0.08163265,-97.17,38.3,0.0,0.0,7.22,19.42,0.0,0.0
LEU,-60,-30,49,98,0.5,-64.54,176.7,0.0,0.0,5.24,6.07,0.0,0.0
LEU,-60,-30,2,98,0.02040816,-99.89,-71.45,0.0,0.0,19.84,2.93,0.0,0.0
LEU,-60,0,8,9,0.88888889,-63.32,177.23,0.0,0.0,4.58,2.81,0.0,0.0
LEU,-60,120,8,19,0.42105263,-173.63,67.53,0.0,0.0,6.08,4.88,0.0,0.0
LEU,-60,120,3,19,0.15789474,176.65,149.5,0.0,0.0,3.73,8.52,0.0,0.0
LEU,-60,120,6,19,0.31578947,-64.58,175.27,0.0,0.0,8.66,6.08,0.0,0.0
LEU,-60,150,2,18,0.11111111,-167.41,102.75,0.0,0.0,0.01,0.01,0.0,0.0
LEU,-60,150,15,18,0.83333333,-66.54,174.79,0.0,0.0,6.67,8.27,0.0,0.0
LEU,-30,-60,4,5,0.8,-165.58,43.18,0.0,0.0,9.29,13.84,0.0,0.0
LEU,60,30,4,4,1.0,-49.88,175.74,0.0,0.0,3.89,4.71,0.0,0.0
PHE,-150,-180,4,11,0.36363636,66.35,90.52,0.0,0.0,3.26,9.33,0.0,0.0
PHE,-150,-180,6,11,0.54545455,67.33,-82.68,0.0,0.0,5.01,3.55,0.0,0.0
PHE,-150,120,4,6,0.66666667,-179.35,83.7,0.0,0.0,11.08,3.33,0.0,0.0
PHE,-150,120,2,6,0.33333333,-64.17,-81.57,0.0,0.0,12.6,6.33,0.0,0.0
PHE,-150,150,4,17,0.23529412,67.97,96.76,0.0,0.0,2.28,15.8,0.0,0.0
PHE,-150,150,5,17,0.29411765,65.64,-79.78,0.0,0.0,8.61,8.81,0.0,0.0
PHE,-150,150,2,17,0.11764706,-172.18,73.95,0.0,0.0,22.1,3.14,0.0,0.0
PHE,-150,150,4,17,0.23529412,-57.57,-85.06,0.0,0.0,3.22,5.67,0.0,0.0
PHE,-120,-180,3,5,0.6,-59.65,-83.74,0.0,0.0,10.14,8.48,0.0,0.0
PHE,-120,-60,2,2,1.0,-69.58,-43.88,0.0,0.0,0.0,0.0,0.0,0.0
PHE,-120,-30,5,7,0.71428571,-60.66,-75.25,0.0,0.0,4.84,9.81,0.0,0.0
PHE,-120,0,4,5,0.8,-62.55,-74.92,0.0,0.0,3.43,3.11,0.0,0.0
PHE,-120,30,3,4,0.75,-62.54,-79.37,0.0,0.0,2.51,8.28,0.0,0.0
PHE,-120,60,2,2,1.0,-51.46,-81.83,0.0,0.0,1.94,7.67,0.0,0.0
PHE,-120,90,3,4,0.75,-54.05,-82.01,0.0,0.0,6.58,7.15,0.0,0.0
PHE,-120,120,5,20,0.25,-179.14,61.33,0.0,0.0,6.21,11.29,0.0,0.0
PHE,-120,120,8,20,0.4,-63.98,86.63,0.0,0.0,1.87,4.68,0.0,0.0
PHE,-120,120,7,20,0.35,-68.43,-76.18,0.0,0.0,10.13,8.4,0.0,0.0
PHE,-120,150,2,22,0.09090909,55.85,97.08,0.0,0.0,4.0,5.35,0.0,0.0
PHE,-120,150,7,22,0.31818182,-67.7,86.08,0.0,0.0,7.59,3.24,0.0,0.0
PHE,-120,150,12,22,0.54545455,-62.79,-74.74,0.0,0.0,5.19,11.93,0.0,0.0
PHE,-90,-90,2,2,1.0,-78.84,-4.75,0.0,0.0,0.0,0.0,0.0,0.0
PHE,-90,-30,3,4,0.75,-72.64,-71.54,0.0,0.0,9.36,5.14,0.0,0.0
PHE,-90,0,2,16,0.125,37.85,-74.94,0.0,0.0,0.0,0.0,0.0,0.0
PHE,-90,0,4,16,0.25,-63.39,88.09,0.0,0.0,4.31,20.54,0.0,0.0
PHE,-90,0,8,16,0.5,-67.09,-74.4,0.0,0.0,11.15,18.48,0.0,0.0
PHE,-90,90,2,4,0.5,-77.39,94.89,0.0,0.0,0.0,0.0,0.0,0.0
PHE,-90,120,11,18,0.61111111,179.5,77.48,0.0,0.0,5.66,7.48,0.0,0.0
PHE,-90,120,4,18,0.22222222,-71.53,78.94,0.0,0.0,3.23,12.91,0.0,0.0
PHE,-90,120,2,18,0.11111111,-63.06,-90.3,0.0,0.0,0.5,7.6,0.0,0.0
PHE,-90,150,2,13,0.15384615,168.66,-91.06,0.0,0.0,2.32,2.2,0.0,0.0
PHE,-90,150,5,13,0.38461538,-79.55,68.34,0.0,0.0,3.96,18.17,0.0,0.0
PHE,-90,150,4,13,0.30769231,-64.44,-61.56,0.0,0.0,9.03,24.62,0.0,0.0
PHE,-60,-60,13,18,0.72222222,-179.6,71.97,0.0,0.0,7.5,5.16,0.0,0.0
PHE,-60,-60,2,18,0.11111111,-169.36,-84.56,0.0,0.0,1.67,0.38,0.0,0.0
PHE,-60,-60,2,18,0.11111111,-67.92,-64.09,0.0,0.0,10.74,6.25,0.0,0.0
PHE,-60,-30,3,59,0.05084746,71.38,85.64,0.0,0.0,8.84,1.83,0.0,0.0
PHE,-60,-30,22,59,0.37288136,179.69,76.31,0.0,0.0,5.57,4.88,0.0,0.0
PHE,-60,-30,5,59,0.08474576,-78.31,87.03,0.0,0.0,14.31,10.06,0.0,0.0
PHE,-60,-30,2,59,0.03389831,-77.05,-168.84,0.0,0.0,5.99,6.17,0.0,0.0
PHE,-60,-30,25,59,0.42372881,-69.66,-70.58,0.0,0.0,7.56,15.56,0.0,0.0
PHE,-60,0,2,4,0.5,56.93,78.47,0.0,0.0,5.68,7.26,0.0,0.0
PHE,-60,120,3,8,0.375,-176.9,84.15,0.0,0.0,2.03,13.49,0.0,0.0
PHE,-60,120,3,8,0.375,-68.58,-65.17,0.0,0.0,11.3,22.93,0.0,0.0
PHE,-60,150,3,15,0.2,-179.48,72.23,0.0,0.0,6.95,18.97,0.0,0.0
PHE,-60,150,2,15,0.13333333,-146.88,-38.64,0.0,0.0,7.36,37.04,0.0,0.0
PHE,-60,150,8,15,0.53333333,-65.44,-44.78,0.0,0.0,4.35,25.17,0.0,0.0
PHE,-30,-60,2,3,0.66666667,179.71,72.47,0.0,0.0,1.04,3.21,0.0,0.0
PHE,60,30,2,2,1.0,-56.93,69.2,0.0,0.0,8.14,42.43,0.0,0.0
PRO,-90,-180,6,7,0.85714286,33.88,-38.54,0.0,0.0,1.88,2.43,0.0,0.0
PRO,-90,0,10,13,0.76923077,32.22,-38.67,0.0,0.0,2.17,3.94,0.0,0.0
PRO,-90,0,2,13,0.15384615,-19.39,36.15,0.0,0.0,1.1,2.83,0.0,0.0
PRO,-90,60,3,4,0.75,31.64,-36.21,0.0,0.0,1.16,2.02,0.0,0.0
PRO,-90,90,3,3,1.0,30.46,-33.96,0.0,0.0,3.49,4.3,0.0,0.0
PRO,-90,120,2,5,0.4,7.69,10.95,0.0,0.0,3.02,0.4,0.0,0.0
PRO,-90,120,2,5,0.4,-23.07,40.65,0.0,0.0,3.19,1.66,0.0,0.0
PRO,-90,150,12,14,0.85714286,32.55,-37.3,0.0,0.0,2.73,5.53,0.0,0.0
PRO,-90,150,2,14,0.14285714,-5.63,24.53,0.0,0.0,4.5,6.21,0.0,0.0
PRO,-60,-180,3,4,0.75,25.88,-35.64,0.0,0.0,8.73,5.49,0.0,0.0
PRO,-60,-60,10,10,1.0,-29.29,37.94,0.0,0.0,4.59,4.21,0.0,0.0
PRO,-60,-30,37,97,0.3814433,22.69,-33.16,0.0,0.0,4.89,4.5,0.0,0.0
PRO,-60,-30,60,97,0.6185567,-27.91,38.17,0.0,0.0,4.83,5.32,0.0,0.0
PRO,-60,0,9,13,0.69230769,25.9,-34.86,0.0,0.0,3.68,2.94,0.0,0.0
PRO,-60,0,4,13,0.30769231,-23.58,41.41,0.0,0.0,1.71,2.09,0.0,0.0
PRO,-60,120,9,23,0.39130435,25.65,-36.01,0.0,0.0,3.69,4.15,0.0,0.0
PRO,-60,120,13,23,0.56521739,-26.91,37.21,0.0,0.0,3.31,4.31,0.0,0.0
PRO,-60,150,2,96,0.02083333,2.51,8.17,0.0,0.0,1.92,5.91,0.0,0.0
PRO,-60,150,43,96,0.44791667,24.96,-34.23,0.0,0.0,3.96,4.46,0.0,0.0
PRO,-60,150,50,96,0.52083333,-24.11,34.81,0.0,0.0,5.05,4.95,0.0,0.0
PRO,-30,-60,4,4,1.0,-32.11,34.53,0.0,0.0,4.09,8.3,0.0,0.0
PRO,-30,-30,2,2,1.0,-36.93,44.54,0.0,0.0,1.66,0.32,0.0,0.0
TRP,-180,150,2,2,1.0,62.64,-97.53,0.0,0.0,8.43,8.28,0.0,0.0
TRP,-120,120,2,5,0.4,-168.94,-91.25,0.0,0.0,1.53,1.56,0.0,0.0
TRP,-120,120,3,5,0.6,-63.92,99.63,0.0,0.0,4.59,10.47,0.0,0.0
TRP,-90,-60,2,2,1.0,-162.03,-51.31,0.0,0.0,8.14,21.09,0.0,0.0
TRP,-90,0,2,4,0.5,-63.58,100.97,0.0,0.0,4.71,0.41,0.0,0.0
TRP,-60,-60,5,7,0.71428571,-178.08,85.75,0.0,0.0,8.8,6.98,0.0,0.0
TRP,-60,-30,3,13,0.23076923,68.71,-96.2,0.0,0.0,7.4,3.26,0.0,0.0
TRP,-60,-30,2,13,0.15384615,179.51,-104.14,0.0,0.0,7.75,5.82,0.0,0.0
TRP,-60,-30,6,13,0.46153846,-80.64,110.82,0.0,0.0,6.78,11.67,0.0,0.0
TYR,-180,-180,3,3,1.0,69.29,92.32,0.0,0.0,3.35,8.47,0.0,0.0
TYR,-180,150,2,2,1.0,56.49,76.8,0.0,0.0,2.06,18.29,0.0,0.0
TYR,-150,-180,5,8,0.625,56.75,88.0,0.0,0.0,5.77,8.29,0.0,0.0
TYR,-150,-180,3,8,0.375,69.33,-75.6,0.0,0.0,5.68,4.62,0.0,0.0
TYR,-150,-30,2,3,0.66666667,174.81,87.26,0.0,0.0,7.97,10.58,0.0,0.0
TYR,-150,90,2,5,0.4,-173.13,88.55,0.0,0.0,8.96,28.32,0.0,0.0
TYR,-150,90,2,5,0.4,-161.46,-49.86,0.0,0.0,1.34,14.75,0.0,0.0
TYR,-150,150,7,15,0.46666667,58.75,84.83,0.0,0.0,3.15,5.98,0.0,0.0
TYR,-150,150,2,15,0.13333333,64.9,-85.86,0.0,0.0,2.75,3.14,0.0,0.0
TYR,-150,150,4,15,0.26666667,178.38,78.31,0.0,0.0,4.57,3.3,0.0,0.0
TYR,-120,-60,2,3,0.66666667,-56.83,-62.63,0.0,0.0,4.75,4.88,0.0,0.0
TYR,-120,-30,7,9,0.77777778,-58.62,-65.58,0.0,0.0,3.6,6.75,0.0,0.0
TYR,-120,0,5,7,0.71428571,-67.73,-71.42,0.0,0.0,9.79,16.04,0.0,0.0
TYR,-120,30,3,6,0.5,-69.77,89.77,0.0,0.0,1.21,8.22,0.0,0.0
TYR,-120,30,3,6,0.5,-60.43,-75.91,0.0,0.0,3.93,3.69,0.0,0.0
TYR,-120,120,2,14,0.14285714,170.98,65.49,0.0,0.0,4.82,18.28,0.0,0.0
TYR,-120,120,2,14,0.14285714,169.25,-96.76,0.0,0.0,4.34,7.18,0.0,0.0
TYR,-120,120,2,14,0.14285714,-48.11,67.88,0.0,0.0,3.81,1.32,0.0,0.0
TYR,-120,120,8,14,0.57142857,-62.18,-79.31,0.0,0.0,6.57,7.23,0.0,0.0
TYR,-120,150,2,29,0.06896552,-175.9,81.39,0.0,0.0,15.62,9.0,0.0,0.0
TYR,-120,150,9,29,0.31034483,-62.48,86.08,0.0,0.0,5.57,5.49,0.0,0.0
TYR,-120,150,17,29,0.5862069,-64.36,-83.25,0.0,0.0,5.44,5.12,0.0,0.0
TYR,-90,-30,5,13,0.38461538,-62.86,88.63,0.0,0.0,8.57,19.24,0.0,0.0
TYR,-90,-30,6,13,0.46153846,-70.95,-72.39,0.0,0.0,3.4,12.73,0.0,0.0
TYR,-90,0,2,6,0.33333333,48.9,75.37,0.0,0.0,5.52,1.15,0.0,0.0
TYR,-90,0,2,6,0.33333333,-64.62,-59.21,0.0,0.0,0.35,28.66,0.0,0.0
TYR,-90,90,3,4,0.75,-66.74,-99.07,0.0,0.0,1.25,13.4,0.0,0.0
TYR,-90,120,6,20,0.3,179.48,70.78,0.0,0.0,9.08,15.43,0.0,0.0
TYR,-90,120,4,20,0.2,-68.42,89.41,0.0,0.0,6.34,5.98,0.0,0.0
TYR,-90,120,9,20,0.45,-74.3,-70.45,0.0,0.0,8.38,4.95,0.0,0.0
TYR,-90,150,2,12,0.16666667,175.31,57.35,0.0,0.0,2.01,12.42,0.0,0.0
TYR,-90,150,4,12,0.33333333,-67.67,83.98,0.0,0.0,6.04,7.08,0.0,0.0
TYR,-90,150,5,12,0.41666667,-56.53,-81.02,0.0,0.0,5.72,15.37,0.0,0.0
TYR,-60,-60,24,41,0.58536585,177.52,79.5,0.0,0.0,5.65,10.28,0.0,0.0
TYR,-60,-60,10,41,0.24390244,-179.22,-86.26,0.0,0.0,5.9,4.02,0.0,0.0
TYR,-60,-60,6,41,0.14634146,-81.17,-65.69,0.0,0.0,10.35,16.37,0.0,0.0
TYR,-60,-30,28,60,0.46666667,-179.55,65.8,0.0,0.0,5.88,14.89,0.0,0.0
TYR,-60,-30,2,60,0.03333333,-172.32,-42.07,0.0,0.0,11.84,38.59,0.0,0.0
TYR,-60,-30,9,60,0.15,-73.89,87.13,0.0,0.0,8.65,19.44,0.0,0.0
TYR,-60,-30,3,60,0.05,-67.94,145.77,0.0,0.0,8.01,9.49,0.0,0.0
TYR,-60,-30,16,60,0.26666667,-70.13,-62.27,0.0,0.0,9.32,11.34,0.0,0.0
TYR,-60,120,6,10,0.6,-179.49,62.77,0.0,0.0,6.59,9.19,0.0,0.0
TYR,-60,120,4,10,0.4,-75.57,-65.64,0.0,0.0,9.2,6.05,0.0,0.0
TYR,-60,150,5,15,0.33333333,175.89,79.1,0.0,0.0,4.95,7.92,0.0,0.0
TYR,-60,150,3,15,0.2,-82.47,57.99,0.0,0.0,10.97,30.77,0.0,0.0
TYR,-60,150,5,15,0.33333333,-70.22,-70.03,0.0,0.0,6.39,11.6,0.0,0.0
TYR,-30,-60,5,5,1.0,-169.49,68.71,0.0,0.0,6.08,12.77,0.0,0.0
TYR,60,30,2,8,0.25,-64.72,84.75,0.0,0.0,22.27,26.96,0.0,0.0
TYR,60,30,6,8,0.75,-47.59,-66.71,0.0,0.0,8.8,7.16,0.0,0.0
TYR,60,60,2,2,1.0,-67.26,-61.58,0.0,0.0,2.95,2.5,0.0,0.0
CYS,-180,-180,2,2,1.0,67.54,0.0,0.0,0.0,10.48,0.0,0.0,0.0
CYS,-150,-180,2,2,1.0,69.43,0.0,0.0,0.0,9.43,0.0,0.0,0.0
CYS,-150,150,2,3,0.66666667,62.99,0.0,0.0,0.0,4.25,0.0,0.0,0.0
CYS,-120,-180,3,3,1.0,-49.81,0.0,0.0,0.0,4.22,0.0,0.0,0.0
CYS,-120,150,2,2,1.0,167.48,0.0,0.0,0.0,0.73,0.0,0.0,0.0
CYS,-90,-180,5,5,1.0,68.15,0.0,0.0,0.0,11.83,0.0,0.0,0.0
CYS,-90,-30,2,2,1.0,-61.62,0.0,0.0,0.0,10.65,0.0,0.0,0.0
CYS,-90,120,10,11,0.90909091,-175.81,0.0,0.0,0.0,3.79,0.0,0.0,0.0
CYS,-60,-180,2,2,1.0,72.32,0.0,0.0,0.0,11.61,0.0,0.0,0.0
CYS,-60,-60,3,3,1.0,-62.82,0.0,0.0,0.0,25.54,0.0,0.0,0.0
CYS,-60,-30,3,13,0.23076923,70.65,0.0,0.0,0.0,10.51,0.0,0.0,0.0
CYS,-60,-30,4,13,0.30769231,-174.45,0.0,0.0,0.0,6.22,0.0,0.0,0.0
CYS,-60,-30,6,13,0.46153846,-65.58,0.0,0.0,0.0,11.67,0.0,0.0,0.0
CYS,-60,120,5,6,0.83333333,-177.55,0.0,0.0,0.0,2.72,0.0,0.0,0.0
CYS,-60,150,3,7,0.42857143,71.9,0.0,0.0,0.0,1.87,0.0,0.0,0.0
CYS,-60,150,2,7,0.28571429,-178.2,0.0,0.0,0.0,0.64,0.0,0.0,0.0
CYS,-60,150,2,7,0.28571429,-61.22,0.0,0.0,0.0,3.12,0.0,0.0,0.0
CYS,60,60,2,2,1.0,-54.85,0.0,0.0,0.0,5.84,0.0,0.0,0.0
SER,-180,-180,2,2,1.0,84.03,0.0,0.0,0.0,21.22,0.0,0.0,0.0
SER,-180,150,2,2,1.0,60.98,0.0,0.0,0.0,4.74,0.0,0.0,0.0
SER,-150,-180,9,13,0.69230769,69.02,0.0,0.0,0.0,5.8,0.0,0.0,0.0
SER,-150,-180,2,13,0.15384615,-178.35,0.0,0.0,0.0,8.92,0.0,0.0,0.0
SER,-150,-180,2,13,0.15384615,-28.69,0.0,0.0,0.0,28.68,0.0,0.0,0.0
SER,-150,150,16,24,0.66666667,64.27,0.0,0.0,0.0,8.78,0.0,0.0,0.0
SER,-150,150,5,24,0.20833333,175.24,0.0,0.0,0.0,5.9,0.0,0.0,0.0
SER,-150,150,3,24,0.125,-58.01,0.0,0.0,0.0,11.9,0.0,0.0,0.0
SER,-120,-180,3,9,0.33333333,64.98,0.0,0.0,0.0,10.67,0.0,0.0,0.0
SER,-120,-180,5,9,0.55555556,-74.27,0.0,0.0,0.0,14.49,0.0,0.0,0.0
SER,-120,-30,4,4,1.0,60.13,0.0,0.0,0.0,10.4,0.0,0.0,0.0
SER,-120,0,2,6,0.33333333,54.82,0.0,0.0,0.0,4.29,0.0,0.0,0.0
SER,-120,0,2,6,0.33333333,-170.08,0.0,0.0,0.0,0.33,0.0,0.0,0.0
SER,-120,0,2,6,0.33333333,-42.95,0.0,0.0,0.0,42.95,0.0,0.0,0.0
SER,-120,90,3,7,0.42857143,172.01,0.0,0.0,0.0,9.07,0.0,0.0,0.0
SER,-120,90,3,7,0.42857143,-58.15,0.0,0.0,0.0,8.02,0.0,0.0,0.0
SER,-120,120,2,14,0.14285714,50.18,0.0,0.0,0.0,6.97,0.0,0.0,0.0
SER,-120,120,8,14,0.57142857,170.65,0.0,0.0,0.0,7.14,0.0,0.0,0.0
SER,-120,120,4,14,0.28571429,-56.71,0.0,0.0,0.0,5.25,0.0,0.0,0.0
SER,-120,150,6,15,0.4,58.91,0.0,0.0,0.0,7.63,0.0,0.0,0.0
SER,-120,150,7,15,0.46666667,178.15,0.0,0.0,0.0,10.24,0.0,0.0,0.0
SER,-120,150,2,15,0.13333333,-63.47,0.0,0.0,0.0,6.27,0.0,0.0,0.0
SER,-90,-180,9,11,0.81818182,79.89,0.0,0.0,0.0,7.45,0.0,0.0,0.0
SER,-90,-180,2,11,0.18181818,-179.67,0.0,0.0,0.0,20.25,0.0,0.0,0.0
SER,-90,-30,5,9,0.55555556,57.59,0.0,0.0,0.0,4.4,0.0,0.0,0.0
SER,-90,-30,2,9,0.22222222,177.6,0.0,0.0,0.0,4.98,0.0,0.0,0.0
SER,-90,-30,2,9,0.22222222,-70.49,0.0,0.0,0.0,3.92,0.0,0.0,0.0
SER,-90,0,17,24,0.70833333,63.97,0.0,0.0,0.0,8.18,0.0,0.0,0.0
SER,-90,0,7,24,0.29166667,-63.77,0.0,0.0,0.0,6.59,0.0,0.0,0.0
SER,-90,30,2,3,0.66666667,-58.23,0.0,0.0,0.0,25.04,0.0,0.0,0.0
SER,-90,120,4,13,0.30769231,43.83,0.0,0.0,0.0,9.35,0.0,0.0,0.0
SER,-90,120,4,13,0.30769231,-173.91,0.0,0.0,0.0,9.2,0.0,0.0,0.0
SER,-90,120,5,13,0.38461538,-66.89,0.0,0.0,0.0,5.74,0.0,0.0,0.0
SER,-90,150,11,27,0.40740741,67.21,0.0,0.0,0.0,7.82,0.0,0.0,0.0
SER,-90,150,10,27,0.37037037,179.2,0.0,0.0,0.0,5.28,0.0,0.0,0.0
SER,-90,150,6,27,0.22222222,-60.78,0.0,0.0,0.0,4.76,0.0,0.0,0.0
SER,-60,-180,2,4,0.5,67.92,0.0,0.0,0.0,0.75,0.0,0.0,0.0
SER,-60,-60,4,40,0.1,55.98,0.0,0.0,0.0,6.25,0.0,0.0,0.0
SER,-60,-60,15,40,0.375,-179.86,0.0,0.0,0.0,7.64,0.0,0.0,0.0
SER,-60,-60,21,40,0.525,-62.78,0.0,0.0,0.0,18.36,0.0,0.0,0.0
SER,-60,-30,59,124,0.47580645,69.72,0.0,0.0,0.0,10.36,0.0,0.0,0.0
SER,-60,-30,17,124,0.13709677,179.08,0.0,0.0,0.0,9.21,0.0,0.0,0.0
SER,-60,-30,48,124,0.38709677,-65.65,0.0,0.0,0.0,9.68,0.0,0.0,0.0
SER,-60,0,18,18,1.0,62.63,0.0,0.0,0.0,9.26,0.0,0.0,0.0
SER,-60,90,2,2,1.0,-27.75,0.0,0.0,0.0,27.75,0.0,0.0,0.0
SER,-60,120,8,10,0.8,177.82,0.0,0.0,0.0,6.18,0.0,0.0,0.0
SER,-60,150,26,51,0.50980392,66.1,0.0,0.0,0.0,8.0,0.0,0.0,0.0
SER,-60,150,16,51,0.31372549,170.88,0.0,0.0,0.0,6.77,0.0,0.0,0.0
SER,-60,150,9,51,0.17647059,-60.98,0.0,0.0,0.0,6.06,0.0,0.0,0.0
SER,-30,-60,2,2,1.0,-65.78,0.0,0.0,0.0,1.05,0.0,0.0,0.0
SER,-30,-30,3,4,0.75,-142.78,0.0,0.0,0.0,25.24,0.0,0.0,0.0
SER,60,0,2,3,0.66666667,-56.68,0.0,0.0,0.0,0.0,0.0,0.0,0.0
SER,60,30,6,8,0.75,-62.0,0.0,0.0,0.0,6.63,0.0,0.0,0.0
SER,60,60,3,3,1.0,-46.59,0.0,0.0,0.0,21.73,0.0,0.0,0.0
THR,-150,-180,4,11,0.36363636,68.24,0.0,0.0,0.0,10.77,0.0,0.0,0.0
THR,-150,-180,6,11,0.54545455,-167.11,0.0,0.0,0.0,3.04,0.0,0.0,0.0
THR,-150,30,2,2,1.0,62.33,0.0,0.0,0.0,0.0,0.0,0.0,0.0
THR,-150,150,8,19,0.42105263,60.2,0.0,0.0,0.0,5.13,0.0,0.0,0.0
THR,-150,150,8,19,0.42105263,-170.02,0.0,0.0,0.0,7.2,0.0,0.0,0.0
THR,-150,150,3,19,0.15789474,-72.31,0.0,0.0,0.0,3.87,0.0,0.0,0.0
THR,-120,-180,16,16,1.0,69.97,0.0,0.0,0.0,6.31,0.0,0.0,0.0
THR,-120,-90,2,2,1.0,59.37,0.0,0.0,0.0,13.79,0.0,0.0,0.0
THR,-120,-30,4,4,1.0,63.83,0.0,0.0,0.0,4.87,0.0,0.0,0.0
THR,-120,0,9,10,0.9,59.04,0.0,0.0,0.0,6.43,0.0,0.0,0.0
THR,-120,30,2,2,1.0,63.84,0.0,0.0,0.0,5.29,0.0,0.0,0.0
THR,-120,120,5,18,0.27777778,62.22,0.0,0.0,0.0,13.87,0.0,0.0,0.0
THR,-120,120,12,18,0.66666667,-60.42,0.0,0.0,0.0,2.31,0.0,0.0,0.0
THR,-120,150,20,28,0.71428571,61.38,0.0,0.0,0.0,8.31,0.0,0.0,0.0
THR,-120,150,4,28,0.14285714,177.91,0.0,0.0,0.0,8.16,0.0,0.0,0.0
THR,-120,150,4,28,0.14285714,-58.34,0.0,0.0,0.0,2.83,0.0,0.0,0.0
THR,-90,-180,18,20,0.9,61.23,0.0,0.0,0.0,5.83,0.0,0.0,0.0
THR,-90,-180,2,20,0.1,-163.82,0.0,0.0,0.0,24.79,0.0,0.0,0.0
THR,-90,-60,3,5,0.6,48.98,0.0,0.0,0.0,7.06,0.0,0.0,0.0
THR,-90,-60,2,5,0.4,-44.55,0.0,0.0,0.0,4.54,0.0,0.0,0.0
THR,-90,-30,6,9,0.66666667,62.05,0.0,0.0,0.0,5.63,0.0,0.0,0.0
THR,-90,-30,3,9,0.33333333,-49.81,0.0,0.0,0.0,11.47,0.0,0.0,0.0
THR,-90,0,26,26,1.0,58.0,0.0,0.0,0.0,4.94,0.0,0.0,0.0
THR,-90,90,2,2,1.0,-58.69,0.0,0.0,0.0,12.82,0.0,0.0,0.0
THR,-90,120,13,14,0.92857143,-62.11,0.0,0.0,0.0,8.04,0.0,0.0,0.0
THR,-90,150,18,21,0.85714286,56.85,0.0,0.0,0.0,6.25,0.0,0.0,0.0
THR,-90,150,2,21,0.0952381,-170.8,0.0,0.0,0.0,3.33,0.0,0.0,0.0
THR,-60,-180,6,6,1.0,66.36,0.0,0.0,0.0,2.71,0.0,0.0,0.0
THR,-60,-60,6,40,0.15,44.03,0.0,0.0,0.0,8.89,0.0,0.0,0.0
THR,-60,-60,33,40,0.825,-59.41,0.0,0.0,0.0,3.94,0.0,0.0,0.0
THR,-60,-30,21,79,0.26582278,62.52,0.0,0.0,0.0,6.97,0.0,0.0,0.0
THR,-60,-30,3,79,0.03797468,-172.82,0.0,0.0,0.0,1.57,0.0,0.0,0.0
THR,-60,-30,55,79,0.69620253,-59.02,0.0,0.0,0.0,7.45,0.0,0.0,0.0
THR,-60,0,6,6,1.0,68.86,0.0,0.0,0.0,3.38,0.0,0.0,0.0
THR,-60,120,4,6,0.66666667,-53.84,0.0,0.0,0.0,3.45,0.0,0.0,0.0
THR,-60,150,5,13,0.38461538,61.61,0.0,0.0,0.0,5.24,0.0,0.0,0.0
THR,-60,150,8,13,0.61538462,-53.84,0.0,0.0,0.0,6.92,0.0,0.0,0.0
THR,-30,-60,6,6,1.0,-56.44,0.0,0.0,0.0,3.32,0.0,0.0,0.0
THR,30,-30,2,2,1.0,-57.82,0.0,0.0,0.0,1.19,0.0,0.0,0.0
VAL,-150,120,6,6,1.0,-176.9,0.0,0.0,0.0,3.67,0.0,0.0,0.0
VAL,-150,150,3,11,0.27272727,44.79,0.0,0.0,0.0,19.42,0.0,0.0,0.0
VAL,-150,150,4,11,0.36363636,-177.39,0.0,0.0,0.0,2.71,0.0,0.0,0.0
VAL,-150,150,4,11,0.36363636,-64.72,0.0,0.0,0.0,3.73,0.0,0.0,0.0
VAL,-120,-180,6,6,1.0,-66.29,0.0,0.0,0.0,2.45,0.0,0.0,0.0
VAL,-120,-30,3,4,0.75,163.41,0.0,0.0,0.0,2.55,0.0,0.0,0.0
VAL,-120,0,3,3,1.0,-56.06,0.0,0.0,0.0,5.41,0.0,0.0,0.0
VAL,-120,90,2,2,1.0,-176.29,0.0,0.0,0.0,5.53,0.0,0.0,0.0
VAL,-120,120,6,39,0.15384615,46.94,0.0,0.0,0.0,8.25,0.0,0.0,0.0
VAL,-120,120,29,39,0.74358974,179.81,0.0,0.0,0.0,4.67,0.0,0.0,0.0
VAL,-120,120,4,39,0.1025641,-61.26,0.0,0.0,0.0,5.42,0.0,0.0,0.0
VAL,-120,150,5,26,0.19230769,69.4,0.0,0.0,0.0,2.64,0.0,0.0,0.0
VAL,-120,150,9,26,0.34615385,-178.67,0.0,0.0,0.0,4.56,0.0,0.0,0.0
VAL,-120,150,12,26,0.46153846,-61.47,0.0,0.0,0.0,2.56,0.0,0.0,0.0
VAL,-90,-60,4,4,1.0,175.54,0.0,0.0,0.0,5.66,0.0,0.0,0.0
VAL,-90,-30,2,11,0.18181818,57.7,0.0,0.0,0.0,5.85,0.0,0.0,0.0
VAL,-90,-30,6,11,0.54545455,172.58,0.0,0.0,0.0,9.44,0.0,0.0,0.0
VAL,-90,-30,3,11,0.27272727,-59.53,0.0,0.0,0.0,6.24,0.0,0.0,0.0
VAL,-90,0,3,6,0.5,69.46,0.0,0.0,0.0,7.81,0.0,0.0,0.0
VAL,-90,0,3,6,0.5,-54.15,0.0,0.0,0.0,8.6,0.0,0.0,0.0
VAL,-90,120,32,35,0.91428571,178.26,0.0,0.0,0.0,4.77,0.0,0.0,0.0
VAL,-90,120,2,35,0.05714286,-60.77,0.0,0.0,0.0,9.65,0.0,0.0,0.0
VAL,-90,150,10,12,0.83333333,177.25,0.0,0.0,0.0,6.34,0.0,0.0,0.0
VAL,-90,150,2,12,0.16666667,-25.16,0.0,0.0,0.0,25.16,0.0,0.0,0.0
VAL,-60,-60,3,27,0.11111111,60.98,0.0,0.0,0.0,4.72,0.0,0.0,0.0
VAL,-60,-60,24,27,0.88888889,171.57,0.0,0.0,0.0,6.84,0.0,0.0,0.0
VAL,-60,-30,13,71,0.18309859,62.8,0.0,0.0,0.0,9.07,0.0,0.0,0.0
VAL,-60,-30,47,71,0.66197183,178.56,0.0,0.0,0.0,8.14,0.0,0.0,0.0
VAL,-60,-30,11,71,0.15492958,-64.19,0.0,0.0,0.0,25.42,0.0,0.0,0.0
VAL,-60,120,10,10,1.0,175.5,0.0,0.0,0.0,6.21,0.0,0.0,0.0
VAL,-60,150,5,12,0.41666667,67.93,0.0,0.0,0.0,8.84,0.0,0.0,0.0
VAL,-60,150,5,12,0.41666667,177.59,0.0,0.0,0.0,9.95,0.0,0.0,0.0
VAL,-60,150,2,12,0.16666667,-55.75,0.0,0.0,0.0,3.58,0.0,0.0,0.0
