AA,PHI,PSI,_Count,Count,Prob,B_CHI1,B_CHI2,B_CHI3,B_CHI4,B_CHI1Sig,B_CHI2Sig,B_CHI3Sig,B_CHI4Sig
ARG,-150,-180,2,10,0.2,61.12,-172.25,168.0,84.12,6.24,9.96,12.03,11.19
ARG,-150,-180,2,10,0.2,53.18,167.78,-63.83,168.1,4.6,1.35,9.96,6.42
ARG,-150,120,2,15,0.13333333,-157.6,-177.22,-168.91,-85.61,28.31,1.79,0.79,18.65
ARG,-150,120,2,15,0.13333333,-67.36,-177.35,-165.24,169.49,8.37,3.82,7.11,9.57
ARG,-150,150,2,30,0.06666667,68.35,165.47,167.32,83.69,1.27,8.72,4.44,3.96
ARG,-150,150,3,30,0.1,-176.26,-178.84,-68.37,174.46,4.11,7.28,3.97,14.6
ARG,-150,150,4,30,0.13333333,-67.1,-177.77,170.95,75.54,5.56,4.08,10.78,6.91
ARG,-150,150,4,30,0.13333333,-67.08,-179.78,-168.75,178.28,5.14,15.97,10.81,14.41
ARG,-150,150,2,30,0.06666667,-78.92,167.58,-61.26,-152.3,4.33,6.62,11.56,4.24
ARG,-120,-180,2,8,0.25,56.22,161.23,-72.83,168.8,11.69,26.99,36.17,4.92
ARG,-120,-30,2,8,0.25,175.84,175.49,-71.84,-99.46,22.23,10.89,13.1,12.4
ARG,-120,-30,3,8,0.375,-72.39,177.09,-166.87,165.81,4.17,12.3,9.03,4.78
ARG,-120,-30,2,8,0.25,-67.8,-56.6,-51.71,-87.74,0.14,0.1,1.1,1.11
ARG,-120,0,2,14,0.14285714,74.08,176.31,73.1,87.31,1.02,3.08,4.0,0.4
ARG,-120,0,2,14,0.14285714,18.54,173.89,86.2,164.55,10.18,17.8,11.1,7.66
ARG,-120,0,2,14,0.14285714,-57.72,-178.09,-156.34,84.41,6.69,8.3,29.05,7.1
ARG,-120,0,2,14,0.14285714,-65.11,167.31,163.65,160.79,8.37,7.14,0.53,1.77
ARG,-120,30,2,7,0.28571429,-50.96,-168.66,-178.53,-151.3,11.46,13.1,8.89,30.14
ARG,-120,30,3,7,0.42857143,-67.3,-177.39,177.71,-77.76,2.41,4.09,4.81,2.04
ARG,-120,60,3,4,0.75,-65.02,-61.13,-50.07,-82.48,2.32,4.6,7.45,12.08
ARG,-120,120,2,29,0.06896552,-172.64,-179.95,90.29,-102.88,2.18,1.94,6.38,3.22
ARG,-120,120,3,29,0.10344828,173.75,-174.68,-177.42,176.68,6.96,11.11,5.0,8.31
ARG,-120,120,2,29,0.06896552,-174.0,-160.03,-79.44,89.34,5.79,12.73,3.69,11.22
ARG,-120,120,2,29,0.06896552,-169.26,-167.4,-50.57,168.64,4.1,9.35,32.16,31.98
ARG,-120,120,3,29,0.10344828,-169.98,-172.89,-57.23,-81.83,1.83,6.58,6.29,7.45
ARG,-120,120,2,29,0.06896552,-65.46,-66.83,-178.3,137.83,1.76,2.62,8.35,17.14
ARG,-120,120,4,29,0.13793103,-60.78,-67.51,-74.31,-95.78,7.03,9.16,9.84,8.74
ARG,-120,150,2,40,0.05,177.09,-153.16,-57.76,-78.3,0.39,4.88,0.82,10.11
ARG,-120,150,2,40,0.05,-70.65,-178.48,57.87,75.11,1.0,0.99,3.41,7.09
ARG,-120,150,4,40,0.1,-57.44,-178.7,57.95,-176.59,15.37,5.13,9.96,14.77
ARG,-120,150,4,40,0.1,-65.09,162.47,157.07,168.27,10.99,19.82,6.39,18.67
ARG,-120,150,6,40,0.15,-63.95,174.27,-179.2,-82.59,4.26,4.22,7.32,11.65
ARG,-120,150,2,40,0.05,-69.11,-89.49,-166.17,178.47,5.9,12.21,9.15,14.67
ARG,-120,150,2,40,0.05,-56.49,-69.71,-171.69,-84.52,2.56,10.38,4.78,5.93
ARG,-90,-180,2,9,0.22222222,-73.3,-178.09,-165.88,-103.75,13.82,8.82,8.47,11.06
ARG,-90,-180,2,9,0.22222222,-54.69,-67.86,-162.07,-169.43,0.92,1.38,28.24,8.25
ARG,-90,-60,2,4,0.5,168.32,170.74,33.13,93.18,3.23,0.61,14.69,3.05
ARG,-90,-30,2,37,0.05405405,67.48,169.79,164.99,-173.47,16.37,7.97,16.78,12.66
ARG,-90,-30,2,37,0.05405405,174.67,87.83,159.86,83.89,11.45,19.34,7.39,15.27
ARG,-90,-30,2,37,0.05405405,-171.8,178.61,50.84,175.4,6.79,13.97,3.98,4.81
ARG,-90,-30,2,37,0.05405405,-174.94,177.91,144.24,93.0,14.74,13.0,12.74,13.91
ARG,-90,-30,3,37,0.08108108,-78.36,-179.68,61.71,77.59,12.5,3.42,5.57,6.23
ARG,-90,-30,2,37,0.05405405,-66.79,162.28,86.86,179.91,3.6,9.36,16.96,18.67
ARG,-90,-30,2,37,0.05405405,-82.37,167.64,-76.15,179.88,5.14,2.8,9.88,1.47
ARG,-90,-30,2,37,0.05405405,-79.11,179.8,-84.83,-93.27,11.96,4.08,19.68,13.29
ARG,-90,-30,2,37,0.05405405,-80.96,-64.29,-172.31,-90.55,27.89,3.78,1.96,22.62
ARG,-90,0,2,40,0.05,-81.52,171.74,77.62,70.18,21.05,8.44,11.58,18.42
ARG,-90,0,3,40,0.075,-70.5,-169.69,172.38,88.26,9.4,18.48,10.78,8.4
ARG,-90,0,11,40,0.275,-65.59,175.11,178.11,179.2,6.16,9.88,15.17,17.65
ARG,-90,0,5,40,0.125,-75.31,167.49,175.98,-94.68,7.61,6.22,9.05,12.51
ARG,-90,0,4,40,0.1,-58.5,-174.15,-75.3,161.28,1.6,33.34,15.2,13.31
ARG,-90,0,2,40,0.05,-63.25,-169.61,-54.01,-104.37,5.66,18.3,1.54,5.09
ARG,-90,0,2,40,0.05,-63.6,-78.19,167.17,-177.0,16.62,11.68,12.83,1.77
ARG,-90,0,4,40,0.1,-55.93,-82.51,-64.79,151.25,11.62,13.72,10.93,15.39
ARG,-90,30,2,7,0.28571429,-61.9,175.11,-178.82,88.89,4.74,11.42,1.93,12.8
ARG,-90,60,2,6,0.33333333,-65.95,166.78,57.31,-178.9,2.97,2.11,2.24,1.32
ARG,-90,120,2,29,0.06896552,173.47,69.65,170.45,94.13,5.49,5.71,8.75,9.13
ARG,-90,120,2,29,0.06896552,-177.16,53.03,163.16,156.15,1.48,11.22,4.57,30.28
ARG,-90,120,4,29,0.13793103,178.89,154.3,70.81,-171.82,4.9,15.78,6.8,14.19
ARG,-90,120,5,29,0.17241379,-178.01,174.41,-72.5,163.28,7.91,12.97,18.3,30.76
ARG,-90,120,2,29,0.06896552,-77.73,-179.26,75.27,82.8,16.69,5.42,13.47,6.35
ARG,-90,120,3,29,0.10344828,-62.39,-156.77,-178.95,160.41,4.64,16.28,10.24,1.48
ARG,-90,120,2,29,0.06896552,-69.19,179.68,177.84,-96.52,1.62,0.31,3.82,4.14
ARG,-90,150,2,32,0.0625,79.62,171.97,164.3,90.95,20.57,7.84,9.0,27.08
ARG,-90,150,2,32,0.0625,168.93,110.14,152.53,-95.22,0.04,0.22,0.45,0.51
ARG,-90,150,3,32,0.09375,171.46,-168.94,-77.29,152.0,24.34,9.6,8.72,13.33
ARG,-90,150,2,32,0.0625,-60.69,161.74,67.55,-161.74,8.56,19.32,1.5,20.99
ARG,-90,150,4,32,0.125,-66.3,-173.41,-171.53,175.84,8.9,17.53,16.29,18.48
ARG,-90,150,2,32,0.0625,-65.94,-169.43,-67.7,-159.74,5.04,8.87,11.48,25.74
ARG,-90,150,3,32,0.09375,-54.6,-69.07,178.43,-177.59,7.7,4.19,3.79,25.19
ARG,-60,-60,2,98,0.02040816,153.69,67.62,159.15,-173.57,8.62,3.07,16.21,9.73
ARG,-60,-60,10,98,0.10204082,178.7,-178.62,61.4,84.83,5.78,9.55,8.68,7.97
ARG,-60,-60,8,98,0.08163265,176.67,-168.49,69.97,-156.77,8.86,8.18,10.0,18.18
ARG,-60,-60,5,98,0.05102041,-172.41,173.62,67.5,-103.25,7.12,5.3,5.63,6.75
ARG,-60,-60,5,98,0.05102041,-179.97,-174.3,172.9,78.81,4.62,11.81,18.14,13.0
ARG,-60,-60,7,98,0.07142857,-172.42,170.69,158.94,178.46,9.0,11.02,8.2,9.04
ARG,-60,-60,7,98,0.07142857,-173.99,167.77,175.63,-78.24,6.86,18.73,10.95,6.05
ARG,-60,-60,5,98,0.05102041,-170.36,170.04,-62.84,109.24,16.68,11.82,9.84,3.25
ARG,-60,-60,7,98,0.07142857,-177.83,176.39,-78.75,164.66,7.65,23.0,9.71,13.64
ARG,-60,-60,4,98,0.04081633,-163.71,-172.61,-66.7,-90.92,9.13,9.36,10.38,4.23
ARG,-60,-60,2,98,0.02040816,-152.84,-90.44,-47.29,149.05,0.0,0.02,0.0,0.02
ARG,-60,-60,2,98,0.02040816,-115.69,72.89,-172.93,56.67,1.57,1.16,11.07,2.37
ARG,-60,-60,2,98,0.02040816,-71.27,-170.64,64.41,79.6,11.31,2.79,0.4,0.4
ARG,-60,-60,3,98,0.03061224,-69.36,173.26,61.14,-173.88,2.37,6.6,4.9,12.46
ARG,-60,-60,5,98,0.05102041,-64.93,-168.36,171.31,99.98,8.6,2.49,9.53,8.95
ARG,-60,-60,6,98,0.06122449,-71.8,179.66,-175.23,175.05,3.13,6.14,12.23,9.25
ARG,-60,-60,7,98,0.07142857,-91.12,177.04,-84.32,138.92,14.42,7.07,13.6,15.07
ARG,-60,-60,3,98,0.03061224,-71.43,-159.73,-66.04,-80.2,13.17,8.57,6.15,3.83
ARG,-60,-60,3,98,0.03061224,-54.63,-72.63,173.72,169.63,8.98,12.84,8.47,9.32
ARG,-60,-30,4,233,0.01716738,89.51,152.11,42.95,-179.79,18.31,32.39,23.11,4.13
ARG,-60,-30,2,233,0.00858369,68.3,177.52,176.71,179.98,5.68,0.75,4.8,4.07
ARG,-60,-30,5,233,0.02145923,63.76,179.12,173.81,-83.72,4.16,5.8,3.82,2.6
ARG,-60,-30,3,233,0.01287554,-179.75,65.02,79.8,80.56,5.04,11.47,13.56,3.89
ARG,-60,-30,3,233,0.01287554,-174.75,82.77,70.77,-178.9,4.77,1.61,28.22,20.42
ARG,-60,-30,3,233,0.01287554,173.65,71.16,173.79,161.21,10.45,3.62,8.59,24.39
ARG,-60,-30,3,233,0.01287554,-176.65,69.86,-91.92,167.72,7.21,0.93,14.95,23.99
ARG,-60,-30,8,233,0.03433476,-177.13,170.16,67.61,72.5,15.17,12.06,9.31,14.57
ARG,-60,-30,11,233,0.0472103,-170.4,171.9,61.84,-149.6,12.53,20.46,9.96,21.11
ARG,-60,-30,2,233,0.00858369,-171.79,168.76,92.21,-81.24,0.7,3.43,18.73,31.54
ARG,-60,-30,3,233,0.01287554,-139.47,175.94,-174.06,82.86,15.01,5.18,21.89,9.16
ARG,-60,-30,14,233,0.06008584,-179.82,179.1,-174.18,-176.74,11.27,24.16,13.03,17.53
ARG,-60,-30,7,233,0.03004292,-177.05,179.66,-179.34,-88.7,12.5,13.38,23.73,10.2
ARG,-60,-30,3,233,0.01287554,-173.47,179.23,-45.84,114.42,14.41,7.92,13.61,6.92
ARG,-60,-30,16,233,0.06866953,-175.65,-178.11,-64.76,172.59,10.46,14.12,7.78,17.83
ARG,-60,-30,6,233,0.02575107,-178.14,-172.92,-56.02,-79.69,11.97,6.56,11.71,5.48
ARG,-60,-30,2,233,0.00858369,-175.97,-92.1,-56.78,-73.07,4.02,7.13,2.81,2.5
ARG,-60,-30,2,233,0.00858369,-94.02,76.64,161.58,-150.25,11.25,12.89,29.52,5.82
ARG,-60,-30,6,233,0.02575107,-70.06,169.95,67.65,90.6,3.57,6.02,5.07,11.55
ARG,-60,-30,15,233,0.06437768,-71.03,174.93,63.8,-156.31,8.71,9.54,11.83,16.22
ARG,-60,-30,4,233,0.01716738,-62.85,174.9,74.78,-117.73,4.23,7.11,4.72,0.88
ARG,-60,-30,12,233,0.05150215,-68.03,-174.14,-179.95,82.65,4.42,13.36,9.59,7.01
ARG,-60,-30,35,233,0.15021459,-70.51,177.7,-176.32,177.24,8.95,10.07,10.76,13.23
ARG,-60,-30,8,233,0.03433476,-71.94,-176.25,-165.49,-81.36,15.14,17.89,20.55,8.47
ARG,-60,-30,4,233,0.01716738,-66.33,-165.63,-80.38,112.37,15.09,7.62,16.06,7.72
ARG,-60,-30,14,233,0.06008584,-71.09,169.36,-65.41,167.04,6.17,7.61,8.23,16.25
ARG,-60,-30,16,233,0.06866953,-69.33,-168.15,-67.42,-85.71,8.97,7.83,8.23,9.11
ARG,-60,-30,4,233,0.01716738,-67.31,-73.7,-174.85,171.59,7.49,6.48,6.2,16.64
ARG,-60,-30,2,233,0.00858369,-63.84,-48.53,-57.37,-179.31,14.9,3.04,17.82,5.71
ARG,-60,-30,4,233,0.01716738,-68.37,-57.21,-50.79,-93.95,7.48,9.37,5.41,12.17
ARG,-60,0,3,21,0.14285714,-64.52,-171.36,54.3,-179.51,4.63,3.24,6.66,12.33
ARG,-60,0,3,21,0.14285714,-64.84,-168.23,173.03,-93.54,3.72,22.38,5.65,5.05
ARG,-60,0,2,21,0.0952381,-72.25,-170.69,-63.16,-177.87,8.26,8.28,11.53,1.17
ARG,-60,30,2,6,0.33333333,-74.46,-65.13,-83.0,172.76,19.0,24.07,6.99,16.35
ARG,-60,120,2,22,0.09090909,-178.9,69.79,162.62,-84.65,2.3,11.92,21.06,3.83
ARG,-60,120,2,22,0.09090909,178.76,170.82,69.34,103.68,0.4,13.89,9.19,3.49
ARG,-60,120,2,22,0.09090909,-166.0,-175.42,-156.64,-91.95,1.28,0.86,0.34,7.47
ARG,-60,120,2,22,0.09090909,-168.56,152.96,-56.19,-152.12,0.48,22.13,15.71,20.5
ARG,-60,120,2,22,0.09090909,-83.98,151.32,152.25,155.47,7.07,21.58,31.32,1.0
ARG,-60,120,2,22,0.09090909,-73.59,172.48,-64.04,-175.51,2.42,0.1,4.57,3.26
ARG,-60,150,3,37,0.08108108,178.29,179.34,-166.96,178.33,6.09,2.02,2.71,7.44
ARG,-60,150,2,37,0.05405405,-173.01,-99.98,173.87,162.22,1.03,3.03,8.28,4.54
ARG,-60,150,2,37,0.05405405,-72.29,172.88,84.82,-176.1,9.9,12.41,16.16,3.0
ARG,-60,150,3,37,0.08108108,-71.91,-174.83,168.35,-174.51,11.81,2.42,4.45,16.29
ARG,-60,150,3,37,0.08108108,-65.25,-166.31,-170.25,-84.71,4.67,22.36,2.23,12.18
ARG,-60,150,5,37,0.13513514,-65.2,174.39,-75.93,163.0,13.58,16.73,12.76,17.21
ARG,-60,150,3,37,0.08108108,-60.94,-73.23,174.26,171.18,4.29,7.33,16.68,6.97
ARG,60,30,3,11,0.27272727,-77.27,-172.45,-174.38,177.25,6.86,21.68,3.14,9.05
ARG,60,30,2,11,0.18181818,-54.34,-151.56,-50.84,145.27,4.25,8.59,16.37,13.54
ARG,60,60,2,12,0.16666667,-55.27,-179.79,-175.39,90.07,4.73,9.82,6.02,17.27
ARG,60,60,3,12,0.25,-51.95,-91.76,165.68,85.72,2.92,14.79,23.52,7.87
LYS,-150,-180,2,3,0.66666667,60.95,-169.65,172.87,-166.54,10.57,11.37,19.57,20.48
LYS,-150,120,2,19,0.10526316,179.88,165.9,86.46,151.31,1.34,8.18,14.34,13.0
LYS,-150,120,3,19,0.15789474,-172.62,179.44,175.83,58.92,4.28,7.9,10.32,4.53
LYS,-150,120,3,19,0.15789474,-175.05,179.07,-169.56,-179.49,3.1,9.85,1.58,4.04
LYS,-150,120,6,19,0.31578947,-60.96,-174.31,177.81,-177.84,4.46,3.76,2.68,8.41
LYS,-150,120,2,19,0.10526316,-75.25,-77.66,177.12,-179.98,3.12,7.42,7.4,6.58
LYS,-150,150,2,24,0.08333333,-178.35,170.38,67.98,148.18,3.05,0.82,10.29,0.58
LYS,-150,150,2,24,0.08333333,-170.54,169.42,174.74,71.97,7.06,7.45,11.47,4.02
LYS,-150,150,2,24,0.08333333,-149.52,-171.53,178.22,-178.57,28.57,19.21,2.66,9.27
LYS,-150,150,2,24,0.08333333,-91.02,-168.78,67.87,174.99,28.44,22.9,7.15,2.63
LYS,-150,150,2,24,0.08333333,-66.03,172.09,-176.88,177.96,6.31,6.58,9.46,4.57
LYS,-150,150,3,24,0.125,-66.13,-179.9,-162.52,-66.34,5.07,4.89,4.96,1.68
LYS,-150,150,2,24,0.08333333,-61.78,-72.23,-176.68,179.45,0.86,1.71,3.79,3.55
LYS,-120,0,2,4,0.5,-61.25,-146.52,169.14,-151.96,5.72,21.26,9.01,18.25
LYS,-120,90,2,6,0.33333333,-64.21,-174.07,172.81,151.2,0.15,1.45,0.59,1.21
LYS,-120,120,3,21,0.14285714,176.97,71.83,-169.8,-68.26,5.28,10.84,10.11,8.9
LYS,-120,120,3,21,0.14285714,-178.5,-176.84,-175.99,64.47,3.52,26.58,24.45,23.42
LYS,-120,120,4,21,0.19047619,-172.71,173.81,-173.32,-173.4,5.7,7.49,8.11,11.5
LYS,-120,120,2,21,0.0952381,-177.48,170.54,-178.29,-83.05,6.05,4.65,5.68,2.98
LYS,-120,120,4,21,0.19047619,-56.99,177.66,-169.67,179.27,14.31,9.09,8.02,2.62
LYS,-120,150,3,46,0.06521739,67.54,-171.41,-90.76,-77.18,6.34,5.01,10.99,18.09
LYS,-120,150,4,46,0.08695652,-172.65,177.78,-172.18,-177.96,2.18,10.98,6.05,3.79
LYS,-120,150,3,46,0.06521739,-174.96,-170.13,-67.85,-173.72,23.03,8.67,25.92,1.17
LYS,-120,150,3,46,0.06521739,-65.88,179.86,58.34,-178.85,14.86,8.74,4.17,5.68
LYS,-120,150,3,46,0.06521739,-54.8,-161.48,179.48,57.1,7.5,15.4,18.14,18.64
LYS,-120,150,10,46,0.2173913,-68.16,-173.81,174.76,175.13,7.7,8.72,9.69,13.08
LYS,-120,150,4,46,0.08695652,-67.85,168.25,-170.3,-62.21,10.63,17.41,12.83,9.77
LYS,-120,150,3,46,0.06521739,-82.73,-171.73,-73.74,172.17,8.57,1.58,6.78,13.62
LYS,-120,150,3,46,0.06521739,-62.38,-66.04,-177.09,175.26,3.13,2.41,2.86,13.5
LYS,-120,150,2,46,0.04347826,-60.61,-77.15,167.88,-68.82,0.2,12.85,16.97,3.68
LYS,-90,-60,2,6,0.33333333,-179.44,-172.87,165.97,-168.42,1.4,4.35,10.89,13.28
LYS,-90,-30,2,34,0.05882353,174.41,-170.25,177.65,70.07,11.3,10.84,1.5,3.61
LYS,-90,-30,5,34,0.14705882,-179.89,174.23,173.29,176.8,3.68,4.33,7.33,5.98
LYS,-90,-30,3,34,0.08823529,-64.54,178.45,89.54,68.03,2.26,22.11,11.55,7.13
LYS,-90,-30,5,34,0.14705882,-66.63,-175.52,-177.19,75.37,9.89,2.3,13.01,21.62
LYS,-90,-30,3,34,0.08823529,-68.44,-176.1,175.57,-177.43,0.94,4.81,9.63,22.18
LYS,-90,-30,2,34,0.05882353,-65.85,-54.54,172.17,178.88,7.47,8.3,6.78,4.44
LYS,-90,-30,2,34,0.05882353,-64.79,-53.17,176.5,-77.25,7.32,4.52,5.6,16.17
LYS,-90,0,2,28,0.07142857,-79.27,-152.11,55.76,71.34,3.73,7.04,0.11,14.89
LYS,-90,0,3,28,0.10714286,-59.03,168.89,57.68,176.75,5.37,28.23,19.85,8.78
LYS,-90,0,3,28,0.10714286,-64.12,-179.99,177.88,-179.58,5.49,4.11,0.85,2.6
LYS,-90,0,4,28,0.14285714,-60.56,177.57,-173.29,-66.99,8.09,6.91,16.51,8.22
LYS,-90,0,2,28,0.07142857,-72.14,-176.35,-65.91,-178.86,3.06,5.97,4.33,4.45
LYS,-90,0,4,28,0.14285714,-63.76,-71.37,-164.85,-164.48,6.26,10.14,4.74,14.39
LYS,-90,120,2,30,0.06666667,171.81,63.34,171.38,-178.57,0.94,2.75,3.2,5.97
LYS,-90,120,3,30,0.1,-170.67,178.69,-177.67,67.04,6.21,5.57,10.54,18.03
LYS,-90,120,6,30,0.2,-170.48,-174.01,-173.0,170.65,8.16,16.2,8.14,6.97
LYS,-90,120,3,30,0.1,171.95,178.23,-172.47,-91.79,18.73,7.68,24.07,1.91
LYS,-90,120,2,30,0.06666667,-69.75,161.05,177.97,58.45,6.53,16.79,2.65,0.61
LYS,-90,120,4,30,0.13333333,-61.56,-174.72,-177.77,-178.47,9.93,7.69,17.52,3.71
LYS,-90,120,3,30,0.1,-59.26,-179.4,-175.8,-60.91,3.41,2.89,4.88,4.18
LYS,-90,150,2,26,0.07692308,68.73,176.04,165.39,155.39,5.26,6.87,10.17,20.62
LYS,-90,150,3,26,0.11538462,-174.61,-172.65,-154.24,-178.8,6.84,15.49,15.2,24.96
LYS,-90,150,3,26,0.11538462,-69.06,-174.22,170.55,75.9,16.56,8.1,16.69,10.89
LYS,-90,150,2,26,0.07692308,-64.18,-67.01,-177.65,62.33,3.3,7.12,8.11,9.55
LYS,-90,150,3,26,0.11538462,-55.21,-60.55,-167.74,179.66,1.28,6.17,17.48,10.65
LYS,-60,-60,2,76,0.02631579,179.25,67.02,162.7,58.78,0.06,9.82,1.24,5.78
LYS,-60,-60,2,76,0.02631579,175.95,69.32,-154.77,171.18,25.46,14.38,26.15,22.95
LYS,-60,-60,4,76,0.05263158,177.68,76.66,162.83,-57.47,3.12,19.22,19.65,21.67
LYS,-60,-60,2,76,0.02631579,179.4,157.84,83.65,64.12,4.34,4.83,17.66,5.45
LYS,-60,-60,3,76,0.03947368,-167.17,-164.77,92.27,174.24,25.71,14.16,28.57,30.7
LYS,-60,-60,5,76,0.06578947,-176.8,-179.97,179.07,64.57,3.73,6.03,15.17,8.26
LYS,-60,-60,12,76,0.15789474,179.46,-178.74,175.66,179.88,5.1,6.5,11.21,9.96
LYS,-60,-60,2,76,0.02631579,-175.41,166.14,161.35,-68.45,6.96,7.06,7.74,19.57
LYS,-60,-60,11,76,0.14473684,-174.27,-176.57,-69.71,-169.96,5.46,11.18,9.87,12.35
LYS,-60,-60,2,76,0.02631579,174.03,-167.42,-58.32,-65.03,4.38,9.07,0.45,11.24
LYS,-60,-60,5,76,0.06578947,-80.35,172.59,61.21,177.92,11.25,12.38,5.41,6.9
LYS,-60,-60,8,76,0.10526316,-71.58,-164.42,-179.84,59.33,11.15,17.77,9.15,6.75
LYS,-60,-60,9,76,0.11842105,-73.26,-179.16,-176.24,173.63,13.32,11.8,6.93,9.08
LYS,-60,-60,2,76,0.02631579,-74.95,-66.84,176.38,-178.61,4.91,6.27,3.84,1.22
LYS,-60,-30,3,217,0.01382488,82.45,171.59,73.64,154.66,3.13,16.16,8.33,7.99
LYS,-60,-30,5,217,0.02304147,59.42,-177.86,171.54,173.04,6.61,5.45,9.13,5.76
LYS,-60,-30,3,217,0.01382488,68.09,-160.94,-150.44,-71.4,7.14,4.72,13.38,14.37
LYS,-60,-30,2,217,0.00921659,51.7,173.04,-56.82,-157.5,25.85,8.94,20.02,19.98
LYS,-60,-30,2,217,0.00921659,-151.48,63.77,69.56,-179.98,1.91,20.12,14.58,7.02
LYS,-60,-30,7,217,0.03225806,-173.04,64.86,173.34,178.92,7.83,8.53,7.62,4.14
LYS,-60,-30,2,217,0.00921659,-136.92,52.81,145.33,-83.77,0.01,0.01,0.01,0.0
LYS,-60,-30,3,217,0.01382488,-171.37,159.63,82.22,67.41,16.9,11.61,14.04,6.04
LYS,-60,-30,10,217,0.04608295,-178.04,-179.8,58.33,178.27,13.53,14.81,8.48,13.28
LYS,-60,-30,11,217,0.05069124,-178.57,172.05,170.71,56.46,8.49,6.83,10.13,11.0
LYS,-60,-30,33,217,0.15207373,-175.95,178.27,179.41,179.62,5.92,8.55,5.98,7.61
LYS,-60,-30,4,217,0.01843318,172.44,175.79,-179.05,-60.41,12.78,10.44,9.65,2.8
LYS,-60,-30,11,217,0.05069124,-174.45,178.3,-68.58,174.08,7.63,10.47,12.1,13.68
LYS,-60,-30,2,217,0.00921659,-175.79,-162.8,-72.77,-66.91,8.52,17.55,12.55,10.71
LYS,-60,-30,2,217,0.00921659,-128.48,-77.72,175.56,51.86,8.43,0.66,13.76,5.62
LYS,-60,-30,2,217,0.00921659,-88.82,63.22,175.88,-166.04,5.63,14.84,2.66,8.16
LYS,-60,-30,4,217,0.01843318,-57.3,-178.99,87.76,55.76,20.04,19.13,13.88,6.02
LYS,-60,-30,9,217,0.04147465,-71.64,170.07,76.69,179.86,8.15,17.83,14.44,3.85
LYS,-60,-30,9,217,0.04147465,-65.8,-171.25,177.66,69.97,4.31,11.2,14.89,8.51
LYS,-60,-30,54,217,0.24884793,-70.38,179.53,179.6,178.03,7.46,7.38,8.35,10.03
LYS,-60,-30,4,217,0.01843318,-75.93,172.19,-176.52,-63.14,13.01,5.67,6.48,5.57
LYS,-60,-30,8,217,0.03686636,-67.86,-170.58,-65.04,-170.37,8.51,10.77,7.92,8.41
LYS,-60,-30,3,217,0.01382488,-73.34,-161.69,-75.34,-67.63,3.71,4.7,1.83,8.98
LYS,-60,-30,3,217,0.01382488,-61.69,-77.45,-175.08,60.26,22.03,25.06,5.83,14.55
LYS,-60,-30,6,217,0.02764977,-66.92,-62.09,-179.19,-179.25,4.83,2.39,2.8,1.53
LYS,-60,-30,5,217,0.02304147,-48.07,-69.63,176.34,-60.96,8.83,12.19,3.25,4.35
LYS,-60,0,3,13,0.23076923,63.76,-179.54,-162.11,172.15,4.42,16.65,9.35,4.58
LYS,-60,0,3,13,0.23076923,-71.93,-171.52,-154.15,56.46,1.93,4.8,14.75,15.98
LYS,-60,0,3,13,0.23076923,-70.37,-176.32,-166.24,-166.69,17.83,4.97,16.93,9.53
LYS,-60,0,2,13,0.15384615,-64.13,-139.23,-108.24,163.58,0.08,0.21,0.28,0.35
LYS,-60,120,2,23,0.08695652,-173.56,-178.62,171.53,66.47,5.52,4.29,3.75,6.97
LYS,-60,120,2,23,0.08695652,-159.52,179.54,172.95,156.42,21.33,1.92,11.97,7.37
LYS,-60,120,3,23,0.13043478,-59.91,164.0,68.99,-177.97,2.31,14.36,0.28,20.67
LYS,-60,120,3,23,0.13043478,-71.92,-175.65,-172.18,-176.8,9.49,2.69,9.06,3.82
LYS,-60,150,3,23,0.13043478,59.67,174.15,-177.01,177.5,2.09,2.42,2.84,2.4
LYS,-60,150,2,23,0.08695652,-165.1,174.95,-176.58,178.3,12.19,3.58,3.4,2.25
LYS,-60,150,4,23,0.17391304,-68.11,179.67,-174.59,-179.96,6.29,3.28,5.96,4.81
LYS,-60,150,3,23,0.13043478,-51.8,-63.5,-172.12,-171.15,2.21,10.01,3.1,4.28
LYS,-30,-60,2,4,0.5,177.33,172.18,178.4,166.41,4.13,1.69,1.59,14.59
LYS,0,-30,2,3,0.66666667,-176.87,65.08,-175.0,175.57,5.34,0.49,10.79,7.51
LYS,60,30,2,8,0.25,-78.21,52.6,-176.75,173.49,3.99,1.66,1.18,1.58
LYS,60,30,3,8,0.375,-72.93,-179.25,173.52,165.66,12.53,24.5,11.83,9.5
LYS,60,30,2,8,0.25,-76.47,-65.34,-176.28,-65.76,8.52,3.6,6.66,2.56
LYS,60,60,2,5,0.4,-57.03,-66.12,-176.23,-174.53,14.56,4.3,6.24,8.29
GLN,-150,150,3,9,0.33333333,-67.71,-166.41,-12.68,0.0,3.23,9.43,34.87,0.0
GLN,-120,30,2,3,0.66666667,-62.67,163.18,49.45,0.0,9.07,21.17,7.91,0.0
GLN,-120,90,3,9,0.33333333,168.4,73.76,39.33,0.0,5.37,1.41,20.87,0.0
GLN,-120,120,3,6,0.5,-66.78,168.78,64.99,0.0,9.77,15.54,17.69,0.0
GLN,-120,150,6,15,0.4,-54.01,171.74,58.12,0.0,9.91,10.5,18.62,0.0
GLN,-120,150,2,15,0.13333333,-55.93,175.06,169.3,0.0,12.52,3.08,17.39,0.0
GLN,-120,150,3,15,0.2,-56.5,-171.44,-59.8,0.0,10.65,9.59,11.78,0.0
GLN,-90,-30,2,16,0.125,-178.59,174.81,42.54,0.0,0.11,2.64,33.48,0.0
GLN,-90,-30,3,16,0.1875,-72.32,177.85,20.81,0.0,23.91,11.98,8.97,0.0
GLN,-90,0,2,10,0.2,-55.93,-65.21,84.61,0.0,0.18,8.82,31.5,0.0
GLN,-90,0,5,10,0.5,-59.22,-55.81,-48.98,0.0,6.24,6.07,5.91,0.0
GLN,-90,120,2,13,0.15384615,-177.03,-176.41,37.61,0.0,3.64,17.07,30.49,0.0
GLN,-90,120,2,13,0.15384615,-171.88,172.7,-40.68,0.0,2.85,9.01,38.16,0.0
GLN,-90,120,5,13,0.38461538,-61.63,-165.7,23.4,0.0,6.97,10.78,23.87,0.0
GLN,-90,120,2,13,0.15384615,-61.4,162.77,-16.45,0.0,14.25,12.81,12.58,0.0
GLN,-90,150,2,11,0.18181818,-152.62,68.73,179.64,0.0,5.86,1.55,6.99,0.0
GLN,-90,150,2,11,0.18181818,-81.06,162.96,25.16,0.0,27.81,4.83,4.22,0.0
GLN,-90,150,2,11,0.18181818,-80.01,158.17,-173.0,0.0,10.09,2.41,16.89,0.0
GLN,-60,-60,5,44,0.11363636,179.63,70.77,32.55,0.0,13.69,2.68,30.05,0.0
GLN,-60,-60,9,44,0.20454545,-177.37,-177.48,32.96,0.0,6.12,4.6,14.36,0.0
GLN,-60,-60,5,44,0.11363636,-177.62,-179.13,168.17,0.0,3.52,1.3,21.3,0.0
GLN,-60,-60,4,44,0.09090909,-148.72,-174.05,-52.11,0.0,8.4,9.23,8.33,0.0
GLN,-60,-60,9,44,0.20454545,-67.04,-176.42,60.02,0.0,5.81,9.38,17.46,0.0
GLN,-60,-60,6,44,0.13636364,-80.09,-174.37,-41.1,0.0,11.86,7.11,18.06,0.0
GLN,-60,-60,3,44,0.06818182,-71.12,-68.79,-37.2,0.0,10.34,9.89,16.31,0.0
GLN,-60,-30,2,101,0.01980198,53.38,-177.1,160.53,0.0,11.11,2.33,7.56,0.0
GLN,-60,-30,2,101,0.01980198,66.8,-174.79,-60.45,0.0,15.86,3.58,6.9,0.0
GLN,-60,-30,15,101,0.14851485,-172.29,63.1,37.27,0.0,5.84,4.07,17.02,0.0
GLN,-60,-30,2,101,0.01980198,-165.24,67.39,-90.15,0.0,11.1,2.89,1.63,0.0
GLN,-60,-30,8,101,0.07920792,176.47,-179.45,53.92,0.0,8.18,12.95,14.53,0.0
GLN,-60,-30,7,101,0.06930693,-173.38,-172.19,-38.13,0.0,17.22,8.32,25.17,0.0
GLN,-60,-30,2,101,0.01980198,-74.67,63.33,39.79,0.0,1.87,8.5,11.6,0.0
GLN,-60,-30,6,101,0.05940594,-66.16,89.57,-45.47,0.0,11.78,7.17,9.99,0.0
GLN,-60,-30,24,101,0.23762376,-68.77,-178.42,48.08,0.0,6.96,9.51,21.06,0.0
GLN,-60,-30,3,101,0.02970297,-67.69,171.42,172.68,0.0,7.77,5.27,26.9,0.0
GLN,-60,-30,11,101,0.10891089,-72.74,179.3,-40.56,0.0,4.55,6.92,28.17,0.0
GLN,-60,-30,3,101,0.02970297,-69.03,-72.42,-171.12,0.0,5.78,4.46,20.34,0.0
GLN,-60,-30,15,101,0.14851485,-66.19,-63.93,-48.9,0.0,13.8,9.72,6.5,0.0
GLN,-60,150,2,5,0.4,174.09,169.79,-77.46,0.0,4.4,0.44,27.58,0.0
GLN,60,30,2,3,0.66666667,-66.35,176.96,-80.12,0.0,11.02,5.38,21.53,0.0
GLU,-150,-180,2,4,0.5,-58.72,-82.0,-38.5,0.0,2.95,5.99,4.86,0.0
GLU,-150,120,2,5,0.4,170.67,178.69,-45.5,0.0,7.14,11.83,7.1,0.0
GLU,-150,150,4,18,0.22222222,53.8,170.24,48.12,0.0,13.34,5.34,7.24,0.0
GLU,-150,150,2,18,0.11111111,-165.52,-173.87,-12.32,0.0,9.45,1.76,9.11,0.0
GLU,-150,150,4,18,0.22222222,-70.13,-162.93,-23.94,0.0,9.8,12.25,16.49,0.0
GLU,-120,120,2,17,0.11764706,174.93,64.37,55.75,0.0,0.86,1.0,18.29,0.0
GLU,-120,120,2,17,0.11764706,175.47,170.75,171.39,0.0,11.12,0.31,17.3,0.0
GLU,-120,120,3,17,0.17647059,-57.48,-178.37,33.42,0.0,7.48,6.06,20.38,0.0
GLU,-120,120,3,17,0.17647059,-60.28,170.8,-80.25,0.0,3.27,3.87,24.64,0.0
GLU,-120,150,3,15,0.2,51.63,-175.12,-42.24,0.0,26.14,1.29,19.72,0.0
GLU,-120,150,3,15,0.2,-64.35,174.8,12.25,0.0,8.64,10.13,3.51,0.0
GLU,-120,150,2,15,0.13333333,-47.8,171.09,-30.36,0.0,3.43,4.65,1.16,0.0
GLU,-120,150,3,15,0.2,-60.47,-64.1,-20.06,0.0,2.4,4.52,9.4,0.0
GLU,-90,-30,5,14,0.35714286,-58.42,-176.26,31.81,0.0,12.9,15.37,14.72,0.0
GLU,-90,-30,2,14,0.14285714,-51.81,-70.52,167.41,0.0,0.86,11.31,22.38,0.0
GLU,-90,-30,2,14,0.14285714,-66.24,-82.98,-47.6,0.0,9.97,4.71,9.98,0.0
GLU,-90,0,2,10,0.2,71.64,-86.2,25.1,0.0,8.6,5.31,15.65,0.0
GLU,-90,0,2,10,0.2,-48.82,166.08,-175.76,0.0,3.86,1.72,5.54,0.0
GLU,-90,150,3,14,0.21428571,-60.92,157.08,54.24,0.0,21.66,16.82,3.28,0.0
GLU,-90,150,6,14,0.42857143,-56.75,-173.88,-34.17,0.0,9.68,11.6,14.23,0.0
GLU,-90,150,3,14,0.21428571,-52.08,-69.25,-42.77,0.0,10.19,5.31,7.65,0.0
GLU,-60,-60,4,39,0.1025641,-170.98,60.96,44.71,0.0,10.94,3.83,26.16,0.0
GLU,-60,-60,6,39,0.15384615,-172.28,175.22,24.69,0.0,10.26,12.7,21.04,0.0
GLU,-60,-60,4,39,0.1025641,-176.17,176.71,-166.9,0.0,6.18,12.12,22.27,0.0
GLU,-60,-60,6,39,0.15384615,-171.98,-179.64,-36.82,0.0,14.57,5.82,19.03,0.0
GLU,-60,-60,2,39,0.05128205,-77.88,88.65,14.7,0.0,0.78,0.98,9.66,0.0
GLU,-60,-60,5,39,0.12820513,-71.88,-167.95,40.94,0.0,10.73,16.22,25.99,0.0
GLU,-60,-60,2,39,0.05128205,-65.84,-173.15,-78.25,0.0,7.66,0.48,33.51,0.0
GLU,-60,-60,2,39,0.05128205,-82.36,-91.51,39.21,0.0,8.27,3.57,38.91,0.0
GLU,-60,-60,4,39,0.1025641,-71.34,-67.81,-46.45,0.0,13.91,1.97,23.04,0.0
GLU,-60,-30,3,107,0.02803738,82.23,176.13,65.6,0.0,1.25,9.74,28.94,0.0
GLU,-60,-30,2,107,0.01869159,51.76,-84.72,46.04,0.0,1.82,3.07,2.69,0.0
GLU,-60,-30,7,107,0.06542056,-177.84,78.96,34.58,0.0,8.03,9.15,19.99,0.0
GLU,-60,-30,2,107,0.01869159,177.78,73.07,-169.47,0.0,6.94,7.91,3.12,0.0
GLU,-60,-30,4,107,0.03738318,-174.32,174.05,12.43,0.0,7.28,3.62,5.08,0.0
GLU,-60,-30,6,107,0.05607477,-178.05,-174.92,172.74,0.0,5.64,9.72,15.97,0.0
GLU,-60,-30,10,107,0.09345794,-174.22,179.64,-43.26,0.0,5.39,12.21,19.03,0.0
GLU,-60,-30,5,107,0.04672897,-88.19,82.3,24.45,0.0,30.55,14.79,20.3,0.0
GLU,-60,-30,2,107,0.01869159,-64.67,81.76,176.52,0.0,0.61,3.56,19.47,0.0
GLU,-60,-30,10,107,0.09345794,-64.17,92.06,-20.89,0.0,4.7,4.14,8.33,0.0
GLU,-60,-30,11,107,0.10280374,-64.53,168.21,42.73,0.0,6.96,10.3,25.78,0.0
GLU,-60,-30,3,107,0.02803738,-67.38,167.4,173.99,0.0,2.71,6.55,24.32,0.0
GLU,-60,-30,15,107,0.14018692,-66.1,176.18,-48.62,0.0,4.93,7.66,24.44,0.0
GLU,-60,-30,5,107,0.04672897,-63.99,-90.44,15.88,0.0,3.21,4.9,7.58,0.0
GLU,-60,-30,3,107,0.02803738,-79.76,-60.3,161.58,0.0,6.25,7.29,14.7,0.0
GLU,-60,-30,13,107,0.12149533,-63.56,-61.41,-38.8,0.0,7.21,8.83,19.21,0.0
GLU,-60,0,2,9,0.22222222,-69.71,-89.09,-156.44,0.0,0.8,23.41,36.19,0.0
GLU,-60,120,2,9,0.22222222,176.83,176.9,-55.06,0.0,1.42,2.25,22.96,0.0
GLU,-60,120,2,9,0.22222222,-174.17,-85.62,-27.42,0.0,2.69,3.58,7.36,0.0
GLU,-60,150,2,28,0.07142857,179.58,62.86,21.59,0.0,5.3,2.23,9.76,0.0
GLU,-60,150,5,28,0.17857143,-169.78,-178.34,38.06,0.0,9.69,2.67,23.79,0.0
GLU,-60,150,2,28,0.07142857,178.78,-179.38,-165.72,0.0,0.18,15.42,17.38,0.0
GLU,-60,150,2,28,0.07142857,-178.96,-171.71,-52.04,0.0,7.11,6.55,46.32,0.0
GLU,-60,150,2,28,0.07142857,-63.87,85.02,-10.1,0.0,1.83,1.01,9.74,0.0
GLU,-60,150,3,28,0.10714286,-69.08,-178.11,-25.35,0.0,9.08,2.57,4.15,0.0
GLU,-60,150,2,28,0.07142857,-54.93,-74.95,66.65,0.0,0.29,8.18,52.85,0.0
GLU,-60,150,3,28,0.10714286,-65.66,-67.42,-58.68,0.0,7.4,10.15,2.04,0.0
GLU,60,30,2,9,0.22222222,-50.95,-145.71,56.75,0.0,2.37,20.6,22.85,0.0
GLU,60,30,4,9,0.44444444,-74.94,171.37,177.48,0.0,9.16,13.34,22.83,0.0
GLU,60,30,2,9,0.22222222,-69.23,177.83,-68.55,0.0,8.28,12.12,46.57,0.0
MET,-120,120,2,6,0.33333333,-69.42,-174.05,-162.3,0.0,6.51,0.72,27.83,0.0
MET,-120,120,4,6,0.66666667,-62.64,-163.26,-71.29,0.0,5.87,20.44,7.03,0.0
MET,-120,150,2,8,0.25,-69.34,-171.42,95.58,0.0,8.28,9.29,8.79,0.0
MET,-120,150,2,8,0.25,-49.04,-71.13,-93.2,0.0,2.74,9.16,9.44,0.0
MET,-90,-30,2,3,0.66666667,-61.16,-52.12,-79.96,0.0,3.61,13.49,4.49,0.0
MET,-90,120,2,8,0.25,179.04,-176.78,-69.55,0.0,3.93,2.65,5.24,0.0
MET,-90,120,3,8,0.375,-74.77,-67.15,-69.65,0.0,12.61,12.13,2.98,0.0
MET,-90,150,2,7,0.28571429,-63.79,-178.47,82.11,0.0,0.69,0.25,3.12,0.0
MET,-90,150,2,7,0.28571429,-70.57,-64.62,-73.22,0.0,3.94,4.54,0.41,0.0
MET,-60,-60,3,14,0.21428571,-70.97,177.73,65.74,0.0,1.91,8.07,4.74,0.0
MET,-60,-60,3,14,0.21428571,-77.16,179.52,-73.04,0.0,11.39,4.73,17.84,0.0
MET,-60,-30,2,35,0.05714286,-172.94,71.85,69.63,0.0,5.39,8.79,6.24,0.0
MET,-60,-30,6,35,0.17142857,-173.43,173.09,-66.95,0.0,5.89,7.03,18.14,0.0
MET,-60,-30,10,35,0.28571429,-72.92,174.86,56.24,0.0,5.89,8.56,9.91,0.0
MET,-60,-30,3,35,0.08571429,-65.36,-176.33,-177.26,0.0,8.1,11.0,4.86,0.0
MET,-60,-30,2,35,0.05714286,-73.57,-168.51,-57.45,0.0,4.82,1.64,19.81,0.0
MET,-60,-30,6,35,0.17142857,-67.12,-65.44,98.78,0.0,3.37,16.71,8.44,0.0
MET,-60,-30,3,35,0.08571429,-60.04,-53.91,-71.4,0.0,1.55,3.16,5.13,0.0
MET,-60,0,2,3,0.66666667,-76.81,-74.42,-72.27,0.0,3.39,3.15,4.04,0.0
MET,-60,150,2,5,0.4,-78.75,177.71,-171.53,0.0,9.51,4.86,9.86,0.0
ASN,-180,-180,3,3,1.0,48.18,48.15,0.0,0.0,8.57,2.86,0.0,0.0
ASN,-150,-180,2,3,0.66666667,60.78,61.43,0.0,0.0,0.44,0.25,0.0,0.0
ASN,-150,30,2,4,0.5,-152.11,38.24,0.0,0.0,5.08,14.6,0.0,0.0
ASN,-150,30,2,4,0.5,-87.86,-55.04,0.0,0.0,2.46,6.61,0.0,0.0
ASN,-150,90,2,6,0.33333333,176.67,29.62,0.0,0.0,6.13,7.78,0.0,0.0
ASN,-150,90,4,6,0.66666667,-172.96,-28.94,0.0,0.0,2.62,17.82,0.0,0.0
ASN,-150,120,4,6,0.66666667,-168.94,-43.32,0.0,0.0,7.82,9.04,0.0,0.0
ASN,-150,150,3,9,0.33333333,68.26,79.22,0.0,0.0,11.2,7.93,0.0,0.0
ASN,-150,150,2,9,0.22222222,60.11,-83.86,0.0,0.0,4.38,25.53,0.0,0.0
ASN,-150,150,3,9,0.33333333,-176.01,59.79,0.0,0.0,8.9,27.19,0.0,0.0
ASN,-120,0,2,6,0.33333333,-90.21,-31.52,0.0,0.0,14.07,6.55,0.0,0.0
ASN,-120,30,2,13,0.15384615,66.3,-13.32,0.0,0.0,0.93,2.81,0.0,0.0
ASN,-120,30,5,13,0.38461538,-159.56,29.71,0.0,0.0,5.97,10.25,0.0,0.0
ASN,-120,30,3,13,0.23076923,-73.5,-54.84,0.0,0.0,4.38,19.59,0.0,0.0
ASN,-120,90,2,10,0.2,-143.46,31.46,0.0,0.0,19.79,16.51,0.0,0.0
ASN,-120,90,2,10,0.2,-173.27,-149.25,0.0,0.0,12.48,11.96,0.0,0.0
ASN,-120,90,5,10,0.5,-168.52,-23.58,0.0,0.0,3.76,23.94,0.0,0.0
ASN,-120,120,3,8,0.375,-173.3,32.81,0.0,0.0,12.27,27.12,0.0,0.0
ASN,-120,120,2,8,0.25,-176.79,-41.39,0.0,0.0,1.31,33.75,0.0,0.0
ASN,-120,120,2,8,0.25,-66.75,-58.74,0.0,0.0,6.66,33.67,0.0,0.0
ASN,-120,150,2,8,0.25,53.59,67.79,0.0,0.0,13.31,8.39,0.0,0.0
ASN,-120,150,2,8,0.25,-80.24,25.67,0.0,0.0,13.5,18.51,0.0,0.0
ASN,-120,150,2,8,0.25,-71.01,-57.02,0.0,0.0,4.9,16.19,0.0,0.0
ASN,-90,-180,2,6,0.33333333,60.37,48.24,0.0,0.0,1.59,9.79,0.0,0.0
ASN,-90,-180,3,6,0.5,70.82,-19.52,0.0,0.0,3.03,12.6,0.0,0.0
ASN,-90,-60,2,3,0.66666667,-58.87,-65.29,0.0,0.0,0.72,19.66,0.0,0.0
ASN,-90,-30,2,19,0.10526316,55.21,-56.89,0.0,0.0,4.75,4.5,0.0,0.0
ASN,-90,-30,4,19,0.21052632,-67.57,170.39,0.0,0.0,12.46,13.33,0.0,0.0
ASN,-90,-30,11,19,0.57894737,-71.11,-42.98,0.0,0.0,6.54,20.67,0.0,0.0
ASN,-90,0,4,19,0.21052632,63.98,19.98,0.0,0.0,5.61,13.96,0.0,0.0
ASN,-90,0,2,19,0.10526316,32.67,-47.39,0.0,0.0,22.17,10.99,0.0,0.0
ASN,-90,0,2,19,0.10526316,-67.39,1.93,0.0,0.0,10.83,1.68,0.0,0.0
ASN,-90,0,2,19,0.10526316,-69.62,156.68,0.0,0.0,5.69,11.81,0.0,0.0
ASN,-90,0,8,19,0.42105263,-69.29,-46.16,0.0,0.0,4.97,14.76,0.0,0.0
ASN,-90,30,2,5,0.4,56.42,36.24,0.0,0.0,5.7,25.48,0.0,0.0
ASN,-90,30,2,5,0.4,-69.95,-38.74,0.0,0.0,12.28,16.65,0.0,0.0
ASN,-90,90,10,17,0.58823529,178.98,29.76,0.0,0.0,7.42,14.59,0.0,0.0
ASN,-90,90,2,17,0.11764706,-176.49,-145.03,0.0,0.0,7.47,0.65,0.0,0.0
ASN,-90,90,3,17,0.17647059,-168.77,-36.63,0.0,0.0,7.98,14.51,0.0,0.0
ASN,-90,90,2,17,0.11764706,-67.51,144.6,0.0,0.0,16.51,9.14,0.0,0.0
ASN,-90,120,8,27,0.2962963,-171.47,30.48,0.0,0.0,5.74,14.57,0.0,0.0
ASN,-90,120,10,27,0.37037037,-174.79,-30.7,0.0,0.0,3.93,11.19,0.0,0.0
ASN,-90,120,3,27,0.11111111,-86.33,38.03,0.0,0.0,11.74,27.06,0.0,0.0
ASN,-90,120,4,27,0.14814815,-74.08,-43.3,0.0,0.0,12.4,9.76,0.0,0.0
ASN,-90,150,2,11,0.18181818,-174.09,-79.24,0.0,0.0,2.13,0.99,0.0,0.0
ASN,-90,150,8,11,0.72727273,-65.59,-40.92,0.0,0.0,4.5,19.33,0.0,0.0
ASN,-60,-60,4,21,0.19047619,-162.3,57.51,0.0,0.0,15.93,14.24,0.0,0.0
ASN,-60,-60,2,21,0.0952381,-61.33,50.58,0.0,0.0,11.93,44.52,0.0,0.0
ASN,-60,-60,12,21,0.57142857,-71.28,-31.95,0.0,0.0,4.5,10.3,0.0,0.0
ASN,-60,-30,10,98,0.10204082,80.31,79.35,0.0,0.0,6.19,11.4,0.0,0.0
ASN,-60,-30,4,98,0.04081633,56.59,-52.47,0.0,0.0,10.53,18.86,0.0,0.0
ASN,-60,-30,19,98,0.19387755,-172.5,45.26,0.0,0.0,7.9,14.91,0.0,0.0
ASN,-60,-30,2,98,0.02040816,-154.54,173.3,0.0,0.0,0.04,6.51,0.0,0.0
ASN,-60,-30,5,98,0.05102041,-179.71,-89.89,0.0,0.0,19.72,10.08,0.0,0.0
ASN,-60,-30,14,98,0.14285714,-71.27,23.4,0.0,0.0,9.64,25.13,0.0,0.0
ASN,-60,-30,3,98,0.03061224,-92.77,174.26,0.0,0.0,11.57,14.65,0.0,0.0
ASN,-60,-30,41,98,0.41836735,-70.29,-32.89,0.0,0.0,6.31,15.65,0.0,0.0
ASN,-60,0,5,7,0.71428571,-70.0,-25.1,0.0,0.0,10.71,16.24,0.0,0.0
ASN,-60,120,2,5,0.4,-173.06,-64.34,0.0,0.0,4.85,7.62,0.0,0.0
ASN,-60,150,3,12,0.25,69.72,71.84,0.0,0.0,5.23,3.37,0.0,0.0
ASN,-60,150,3,12,0.25,-66.58,30.55,0.0,0.0,10.17,27.83,0.0,0.0
ASN,-60,150,4,12,0.33333333,-66.4,-22.63,0.0,0.0,7.01,8.12,0.0,0.0
ASN,60,-120,2,2,1.0,-74.13,69.03,0.0,0.0,15.24,27.62,0.0,0.0
ASN,60,0,2,2,1.0,-63.96,-57.97,0.0,0.0,1.62,0.28,0.0,0.0
ASN,60,30,3,17,0.17647059,-48.79,105.77,0.0,0.0,4.89,37.01,0.0,0.0
ASN,60,30,11,17,0.64705882,-70.53,-28.65,0.0,0.0,10.41,14.97,0.0,0.0
ASN,60,60,2,5,0.4,-152.37,44.93,0.0,0.0,12.06,10.13,0.0,0.0
ASP,-150,-180,5,7,0.71428571,68.87,29.16,0.0,0.0,4.48,13.61,0.0,0.0
ASP,-150,-150,2,4,0.5,71.55,-15.16,0.0,0.0,3.46,12.51,0.0,0.0
ASP,-150,90,4,5,0.8,-170.38,-8.16,0.0,0.0,8.98,4.27,0.0,0.0
ASP,-150,120,2,7,0.28571429,-166.86,56.21,0.0,0.0,3.07,7.15,0.0,0.0
ASP,-150,120,4,7,0.57142857,-174.62,-44.54,0.0,0.0,2.06,37.26,0.0,0.0
ASP,-150,150,6,9,0.66666667,-165.92,23.15,0.0,0.0,6.21,12.6,0.0,0.0
ASP,-150,150,2,9,0.22222222,-160.31,-9.13,0.0,0.0,7.01,8.21,0.0,0.0
ASP,-120,-180,2,3,0.66666667,62.03,14.97,0.0,0.0,6.43,13.57,0.0,0.0
ASP,-120,-30,2,2,1.0,-69.73,57.89,0.0,0.0,4.73,2.68,0.0,0.0
ASP,-120,30,3,7,0.42857143,64.1,-13.04,0.0,0.0,4.04,13.92,0.0,0.0
ASP,-120,90,4,7,0.57142857,175.33,20.67,0.0,0.0,5.94,14.35,0.0,0.0
ASP,-120,120,2,13,0.15384615,-171.69,46.61,0.0,0.0,2.07,17.27,0.0,0.0
ASP,-120,120,7,13,0.53846154,-61.2,-62.43,0.0,0.0,12.86,13.84,0.0,0.0
ASP,-120,150,2,12,0.16666667,-167.54,55.0,0.0,0.0,1.17,41.18,0.0,0.0
ASP,-120,150,4,12,0.33333333,-77.34,36.12,0.0,0.0,12.2,9.94,0.0,0.0
ASP,-120,150,3,12,0.25,-64.75,-32.32,0.0,0.0,3.67,27.02,0.0,0.0
ASP,-90,-180,7,13,0.53846154,58.65,20.53,0.0,0.0,4.85,12.89,0.0,0.0
ASP,-90,-180,2,13,0.15384615,58.91,-11.8,0.0,0.0,8.28,9.49,0.0,0.0
ASP,-90,-180,2,13,0.15384615,-74.08,-18.72,0.0,0.0,3.85,5.27,0.0,0.0
ASP,-90,-60,2,3,0.66666667,-75.74,-44.05,0.0,0.0,16.74,3.37,0.0,0.0
ASP,-90,-30,2,10,0.2,56.68,-73.61,0.0,0.0,10.04,5.53,0.0,0.0
ASP,-90,-30,2,10,0.2,-164.82,-86.87,0.0,0.0,0.69,29.15,0.0,0.0
ASP,-90,-30,5,10,0.5,-66.28,-59.44,0.0,0.0,3.37,13.02,0.0,0.0
ASP,-90,0,6,22,0.27272727,60.91,18.36,0.0,0.0,6.61,8.14,0.0,0.0
ASP,-90,0,2,22,0.09090909,61.43,173.65,0.0,0.0,1.4,8.56,0.0,0.0
ASP,-90,0,5,22,0.22727273,64.09,-30.68,0.0,0.0,11.13,15.72,0.0,0.0
ASP,-90,0,2,22,0.09090909,-71.35,12.21,0.0,0.0,2.39,10.37,0.0,0.0
ASP,-90,0,2,22,0.09090909,-60.4,128.35,0.0,0.0,4.12,2.03,0.0,0.0
ASP,-90,0,5,22,0.22727273,-65.14,-33.43,0.0,0.0,2.27,9.4,0.0,0.0
ASP,-90,60,2,4,0.5,-63.19,-23.64,0.0,0.0,3.46,5.7,0.0,0.0
ASP,-90,90,2,7,0.28571429,-178.46,31.23,0.0,0.0,10.21,28.53,0.0,0.0
ASP,-90,90,3,7,0.42857143,-175.56,178.7,0.0,0.0,1.76,19.42,0.0,0.0
ASP,-90,120,2,17,0.11764706,-179.06,60.76,0.0,0.0,3.34,29.86,0.0,0.0
ASP,-90,120,5,17,0.29411765,-162.75,-21.55,0.0,0.0,7.32,15.74,0.0,0.0
ASP,-90,120,7,17,0.41176471,-60.73,-54.82,0.0,0.0,7.28,32.35,0.0,0.0
ASP,-90,150,2,12,0.16666667,-146.38,61.16,0.0,0.0,25.77,27.76,0.0,0.0
ASP,-90,150,7,12,0.58333333,-69.28,-15.44,0.0,0.0,7.31,8.62,0.0,0.0
ASP,-60,-180,2,5,0.4,61.76,14.27,0.0,0.0,0.77,13.94,0.0,0.0
ASP,-60,-180,2,5,0.4,-71.0,32.03,0.0,0.0,3.1,26.33,0.0,0.0
ASP,-60,-60,2,26,0.07692308,-174.87,48.52,0.0,0.0,4.55,2.63,0.0,0.0
ASP,-60,-60,4,26,0.15384615,-163.25,-16.89,0.0,0.0,7.19,19.28,0.0,0.0
ASP,-60,-60,6,26,0.23076923,-80.33,10.99,0.0,0.0,3.67,9.59,0.0,0.0
ASP,-60,-60,13,26,0.5,-71.79,-20.29,0.0,0.0,4.52,12.33,0.0,0.0
ASP,-60,-30,2,83,0.02409639,49.19,50.39,0.0,0.0,11.1,34.02,0.0,0.0
ASP,-60,-30,4,83,0.04819277,55.17,-41.77,0.0,0.0,6.62,15.13,0.0,0.0
ASP,-60,-30,14,83,0.1686747,-165.49,55.37,0.0,0.0,8.23,19.1,0.0,0.0
ASP,-60,-30,17,83,0.20481928,-71.6,23.57,0.0,0.0,8.54,17.93,0.0,0.0
ASP,-60,-30,3,83,0.03614458,-74.8,177.35,0.0,0.0,8.1,19.31,0.0,0.0
ASP,-60,-30,41,83,0.4939759,-71.02,-24.68,0.0,0.0,5.8,11.73,0.0,0.0
ASP,-60,0,3,9,0.33333333,51.3,-59.27,0.0,0.0,9.82,12.72,0.0,0.0
ASP,-60,0,3,9,0.33333333,-58.04,-41.87,0.0,0.0,8.49,17.23,0.0,0.0
ASP,-60,120,4,9,0.44444444,-178.82,58.49,0.0,0.0,2.43,13.79,0.0,0.0
ASP,-60,120,4,9,0.44444444,-172.69,-79.58,0.0,0.0,4.66,10.47,0.0,0.0
ASP,-60,150,3,26,0.11538462,-172.36,74.92,0.0,0.0,7.08,28.95,0.0,0.0
ASP,-60,150,3,26,0.11538462,-153.76,-53.98,0.0,0.0,7.08,17.41,0.0,0.0
ASP,-60,150,4,26,0.15384615,-75.6,12.84,0.0,0.0,5.05,7.43,0.0,0.0
ASP,-60,150,13,26,0.5,-66.51,-21.01,0.0,0.0,5.81,8.23,0.0,0.0
HIS,-180,150,2,5,0.4,177.41,76.09,0.0,0.0,1.2,4.49,0.0,0.0
HIS,-180,150,2,5,0.4,-163.86,-99.55,0.0,0.0,0.15,0.14,0.0,0.0
HIS,-150,-180,3,5,0.6,66.48,-79.26,0.0,0.0,3.08,15.72,0.0,0.0
HIS,-150,-150,2,2,1.0,-163.98,61.19,0.0,0.0,1.14,3.54,0.0,0.0
HIS,-150,90,2,4,0.5,-167.92,161.52,0.0,0.0,10.07,32.95,0.0,0.0
HIS,-150,90,2,4,0.5,-81.66,-67.92,0.0,0.0,36.02,22.72,0.0,0.0
HIS,-150,120,2,2,1.0,-175.24,-103.91,0.0,0.0,10.94,15.45,0.0,0.0
HIS,-150,150,5,11,0.45454545,64.75,-86.81,0.0,0.0,2.39,7.43,0.0,0.0
HIS,-150,150,2,11,0.18181818,-29.72,-94.15,0.0,0.0,7.05,2.02,0.0,0.0
HIS,-120,-30,2,5,0.4,-66.63,112.97,0.0,0.0,7.81,0.6,0.0,0.0
HIS,-120,-30,2,5,0.4,-70.76,-77.88,0.0,0.0,10.07,13.64,0.0,0.0
HIS,-120,30,3,5,0.6,-56.76,-82.5,0.0,0.0,3.13,9.3,0.0,0.0
HIS,-120,90,2,4,0.5,-162.31,-65.63,0.0,0.0,1.77,3.48,0.0,0.0
HIS,-120,120,2,11,0.18181818,-160.05,28.98,0.0,0.0,7.38,3.95,0.0,0.0
HIS,-120,120,2,11,0.18181818,171.43,-46.33,0.0,0.0,0.33,46.33,0.0,0.0
HIS,-120,120,3,11,0.27272727,-76.56,62.41,0.0,0.0,7.48,4.49,0.0,0.0
HIS,-120,120,2,11,0.18181818,-59.47,-46.64,0.0,0.0,5.4,39.86,0.0,0.0
HIS,-120,150,2,12,0.16666667,177.15,77.71,0.0,0.0,5.03,6.36,0.0,0.0
HIS,-120,150,3,12,0.25,-177.79,-94.37,0.0,0.0,3.3,14.58,0.0,0.0
HIS,-120,150,6,12,0.5,-64.13,-92.22,0.0,0.0,7.48,9.34,0.0,0.0
HIS,-90,-30,2,8,0.25,68.77,-69.53,0.0,0.0,10.59,5.59,0.0,0.0
HIS,-90,-30,2,8,0.25,-62.82,154.96,0.0,0.0,4.2,1.18,0.0,0.0
HIS,-90,-30,3,8,0.375,-57.75,-73.86,0.0,0.0,8.33,7.88,0.0,0.0
HIS,-90,0,2,11,0.18181818,57.27,82.71,0.0,0.0,11.04,17.12,0.0,0.0
HIS,-90,0,2,11,0.18181818,66.55,-100.93,0.0,0.0,11.47,2.23,0.0,0.0
HIS,-90,0,2,11,0.18181818,-59.02,83.27,0.0,0.0,3.94,22.43,0.0,0.0
HIS,-90,0,3,11,0.27272727,-59.79,151.67,0.0,0.0,3.34,24.04,0.0,0.0
HIS,-90,0,2,11,0.18181818,-65.15,-58.75,0.0,0.0,3.64,3.86,0.0,0.0
HIS,-90,120,4,16,0.25,-172.67,31.82,0.0,0.0,5.83,25.03,0.0,0.0
HIS,-90,120,3,16,0.1875,-164.85,-62.82,0.0,0.0,9.09,12.78,0.0,0.0
HIS,-90,120,3,16,0.1875,-68.25,152.94,0.0,0.0,1.13,16.98,0.0,0.0
HIS,-90,120,5,16,0.3125,-62.83,-58.75,0.0,0.0,3.17,22.86,0.0,0.0
HIS,-90,150,3,11,0.27272727,-178.32,-89.34,0.0,0.0,2.2,7.54,0.0,0.0
HIS,-90,150,2,11,0.18181818,-70.37,80.52,0.0,0.0,2.19,8.91,0.0,0.0
HIS,-90,150,3,11,0.27272727,-62.38,-94.27,0.0,0.0,24.51,15.39,0.0,0.0
HIS,-60,-60,6,14,0.42857143,-179.98,72.95,0.0,0.0,4.58,6.74,0.0,0.0
HIS,-60,-60,3,14,0.21428571,-170.11,-172.9,0.0,0.0,5.12,26.04,0.0,0.0
HIS,-60,-60,2,14,0.14285714,-70.4,99.59,0.0,0.0,14.55,18.56,0.0,0.0
HIS,-60,-60,2,14,0.14285714,-78.56,-29.74,0.0,0.0,3.98,29.74,0.0,0.0
HIS,-60,-30,2,53,0.03773585,51.33,94.53,0.0,0.0,0.31,11.43,0.0,0.0
HIS,-60,-30,3,53,0.05660377,61.8,-133.51,0.0,0.0,1.62,3.18,0.0,0.0
HIS,-60,-30,5,53,0.09433962,74.37,-76.75,0.0,0.0,8.19,11.75,0.0,0.0
HIS,-60,-30,6,53,0.11320755,171.16,84.67,0.0,0.0,5.35,10.02,0.0,0.0
HIS,-60,-30,6,53,0.11320755,178.39,-133.34,0.0,0.0,6.49,10.66,0.0,0.0
HIS,-60,-30,6,53,0.11320755,-167.37,-96.51,0.0,0.0,8.84,11.11,0.0,0.0
HIS,-60,-30,5,53,0.09433962,-72.11,95.23,0.0,0.0,5.65,13.38,0.0,0.0
HIS,-60,-30,6,53,0.11320755,-67.83,161.64,0.0,0.0,3.13,6.55,0.0,0.0
HIS,-60,-30,14,53,0.26415094,-66.67,-56.23,0.0,0.0,10.48,18.74,0.0,0.0
HIS,-60,0,3,4,0.75,62.03,-133.05,0.0,0.0,2.18,4.62,0.0,0.0
HIS,-60,120,6,16,0.375,-168.69,-73.83,0.0,0.0,2.76,4.95,0.0,0.0
HIS,-60,120,3,16,0.1875,-74.31,78.06,0.0,0.0,8.97,30.71,0.0,0.0
HIS,-60,120,2,16,0.125,-79.58,-142.61,0.0,0.0,0.42,10.6,0.0,0.0
HIS,-60,120,4,16,0.25,-59.68,-64.11,0.0,0.0,2.26,12.25,0.0,0.0
HIS,-60,150,4,11,0.36363636,-168.5,-80.47,0.0,0.0,2.93,12.21,0.0,0.0
HIS,-60,150,2,11,0.18181818,-79.29,166.08,0.0,0.0,6.4,17.99,0.0,0.0
HIS,-60,150,3,11,0.27272727,-63.82,-66.03,0.0,0.0,4.61,15.29,0.0,0.0
HIS,60,30,3,4,0.75,-66.44,-72.37,0.0,0.0,4.25,7.72,0.0,0.0
HIS,60,60,4,6,0.66666667,-61.78,-67.89,0.0,0.0,6.0,5.07,0.0,0.0
ILE,-150,120,3,5,0.6,-175.94,156.14,0.0,0.0,1.48,1.09,0.0,0.0
ILE,-150,120,2,5,0.4,-68.2,171.89,0.0,0.0,4.91,6.74,0.0,0.0
ILE,-150,150,4,11,0.36363636,60.31,172.16,0.0,0.0,6.36,2.93,0.0,0.0
ILE,-150,150,3,11,0.27272727,-177.37,173.48,0.0,0.0,1.76,2.86,0.0,0.0
ILE,-150,150,3,11,0.27272727,-63.23,161.47,0.0,0.0,2.23,6.7,0.0,0.0
ILE,-120,-180,4,5,0.8,65.49,-179.52,0.0,0.0,3.35,5.01,0.0,0.0
ILE,-120,0,7,8,0.875,58.24,167.31,0.0,0.0,6.18,13.15,0.0,0.0
ILE,-120,30,2,2,1.0,66.08,175.51,0.0,0.0,3.07,0.21,0.0,0.0
ILE,-120,90,3,4,0.75,-55.13,172.48,0.0,0.0,3.3,8.86,0.0,0.0
ILE,-120,120,3,33,0.09090909,-177.4,175.85,0.0,0.0,2.71,7.6,0.0,0.0
ILE,-120,120,23,33,0.6969697,-54.32,177.06,0.0,0.0,4.89,7.63,0.0,0.0
ILE,-120,120,6,33,0.18181818,-58.74,-58.93,0.0,0.0,3.91,4.81,0.0,0.0
ILE,-120,150,3,18,0.16666667,71.59,172.67,0.0,0.0,10.41,2.43,0.0,0.0
ILE,-120,150,2,18,0.11111111,-125.23,56.4,0.0,0.0,4.52,1.34,0.0,0.0
ILE,-120,150,2,18,0.11111111,-165.23,161.4,0.0,0.0,7.36,4.56,0.0,0.0
ILE,-120,150,8,18,0.44444444,-58.1,175.71,0.0,0.0,8.57,5.31,0.0,0.0
ILE,-120,150,3,18,0.16666667,-56.35,-59.98,0.0,0.0,4.3,7.82,0.0,0.0
ILE,-90,-60,4,9,0.44444444,-63.59,174.94,0.0,0.0,5.03,7.36,0.0,0.0
ILE,-90,-60,5,9,0.55555556,-55.67,-51.25,0.0,0.0,2.04,4.23,0.0,0.0
ILE,-90,-30,3,14,0.21428571,66.0,160.73,0.0,0.0,6.27,17.44,0.0,0.0
ILE,-90,-30,7,14,0.5,-61.98,173.09,0.0,0.0,13.44,8.66,0.0,0.0
ILE,-90,0,5,5,1.0,63.49,171.79,0.0,0.0,3.19,5.52,0.0,0.0
ILE,-90,120,5,37,0.13513514,-77.76,75.21,0.0,0.0,10.48,10.03,0.0,0.0
ILE,-90,120,20,37,0.54054054,-58.78,170.71,0.0,0.0,6.37,8.12,0.0,0.0
ILE,-90,120,12,37,0.32432432,-61.59,-57.76,0.0,0.0,4.57,13.56,0.0,0.0
ILE,-90,150,3,6,0.5,-74.02,169.96,0.0,0.0,22.9,2.62,0.0,0.0
ILE,-60,-60,27,40,0.675,-66.73,170.77,0.0,0.0,4.63,7.73,0.0,0.0
ILE,-60,-60,9,40,0.225,-61.58,-58.38,0.0,0.0,6.77,7.22,0.0,0.0
ILE,-60,-30,3,67,0.04477612,59.11,173.27,0.0,0.0,11.22,6.85,0.0,0.0
ILE,-60,-30,5,67,0.07462687,-168.71,64.64,0.0,0.0,5.57,2.96,0.0,0.0
ILE,-60,-30,10,67,0.14925373,-167.0,169.99,0.0,0.0,4.21,5.55,0.0,0.0
ILE,-60,-30,35,67,0.52238806,-68.71,172.04,0.0,0.0,6.4,7.94,0.0,0.0
ILE,-60,-30,13,67,0.19402985,-62.6,-61.57,0.0,0.0,3.68,9.79,0.0,0.0
ILE,-60,0,2,2,1.0,73.46,-178.74,0.0,0.0,0.95,5.06,0.0,0.0
ILE,-60,120,9,10,0.9,-65.23,175.85,0.0,0.0,4.78,5.76,0.0,0.0
ILE,-60,150,2,5,0.4,-137.53,78.89,0.0,0.0,16.99,5.57,0.0,0.0
ILE,-60,150,2,5,0.4,-74.6,174.03,0.0,0.0,10.55,1.7,0.0,0.0
ILE,-30,-30,2,2,1.0,-67.27,-79.02,0.0,0.0,3.7,3.96,0.0,0.0
LEU,-150,-180,2,3,0.66666667,29.02,93.84,0.0,0.0,28.58,23.28,0.0,0.0
LEU,-150,120,6,8,0.75,-171.65,60.11,0.0,0.0,13.3,7.33,0.0,0.0
LEU,-150,150,2,12,0.16666667,55.18,71.32,0.0,0.0,8.69,10.41,0.0,0.0
LEU,-150,150,8,12,0.66666667,-63.93,162.21,0.0,0.0,5.62,13.89,0.0,0.0
LEU,-120,-180,3,3,1.0,-57.1,174.54,0.0,0.0,8.27,2.42,0.0,0.0
LEU,-120,-30,4,4,1.0,-60.95,174.27,0.0,0.0,2.04,3.75,0.0,0.0
LEU,-120,0,2,3,0.66666667,-71.76,177.64,0.0,0.0,3.57,0.36,0.0,0.0
LEU,-120,30,4,4,1.0,-59.67,174.58,0.0,0.0,3.74,4.89,0.0,0.0
LEU,-120,90,2,4,0.5,-77.87,20.12,0.0,0.0,0.38,0.08,0.0,0.0
LEU,-120,120,7,16,0.4375,-166.39,57.47,0.0,0.0,11.46,8.98,0.0,0.0
LEU,-120,120,2,16,0.125,179.24,148.79,0.0,0.0,16.66,19.97,0.0,0.0
LEU,-120,120,6,16,0.375,-59.54,174.34,0.0,0.0,8.3,5.14,0.0,0.0
LEU,-120,150,2,23,0.08695652,-104.33,49.82,0.0,0.0,1.81,0.5,0.0,0.0
LEU,-120,150,17,23,0.73913043,-58.26,170.1,0.0,0.0,5.04,6.96,0.0,0.0
LEU,-90,-180,3,8,0.375,-78.06,61.11,0.0,0.0,12.7,8.79,0.0,0.0
LEU,-90,-180,5,8,0.625,-51.86,177.28,0.0,0.0,8.76,5.07,0.0,0.0
LEU,-90,-30,7,33,0.21212121,-175.36,63.92,0.0,0.0,6.52,8.02,0.0,0.0
LEU,-90,-30,4,33,0.12121212,-85.36,35.74,0.0,0.0,11.65,18.63,0.0,0.0
LEU,-90,-30,20,33,0.60606061,-63.67,173.34,0.0,0.0,3.63,5.03,0.0,0.0
LEU,-90,0,13,16,0.8125,-65.5,172.06,0.0,0.0,8.67,7.75,0.0,0.0
LEU,-90,30,3,4,0.75,-63.87,176.0,0.0,0.0,4.6,7.54,0.0,0.0
LEU,-90,60,3,3,1.0,-52.41,-174.87,0.0,0.0,3.97,3.99,0.0,0.0
LEU,-90,90,2,6,0.33333333,177.13,56.24,0.0,0.0,2.89,3.85,0.0,0.0
LEU,-90,90,4,6,0.66666667,-53.89,172.98,0.0,0.0,4.8,12.06,0.0,0.0
LEU,-90,120,6,18,0.33333333,-178.62,58.73,0.0,0.0,9.05,5.9,0.0,0.0
LEU,-90,120,3,18,0.16666667,-160.08,-99.93,0.0,0.0,2.28,8.88,0.0,0.0
LEU,-90,120,2,18,0.11111111,-72.64,64.1,0.0,0.0,3.02,12.32,0.0,0.0
LEU,-90,120,6,18,0.33333333,-62.3,174.06,0.0,0.0,7.49,4.0,0.0,0.0
LEU,-90,150,2,22,0.09090909,-179.72,73.22,0.0,0.0,0.43,0.41,0.0,0.0
LEU,-90,150,2,22,0.09090909,-87.23,46.34,0.0,0.0,11.88,14.31,0.0,0.0
LEU,-90,150,16,22,0.72727273,-63.64,173.9,0.0,0.0,4.99,5.01,0.0,0.0
LEU,-90,150,2,22,0.09090909,-75.14,-54.58,0.0,0.0,5.01,1.86,0.0,0.0
LEU,-60,-60,19,30,0.63333333,178.33,63.17,0.0,0.0,5.12,6.82,0.0,0.0
LEU,-60,-60,8,30,0.26666667,-69.84,171.65,0.0,0.0,2.22,3.39,0.0,0.0
LEU,-60,-30,32,85,0.37647059,-179.76,62.52,0.0,0.0,6.41,6.79,0.0,0.0
LEU,-60,-30,2,85,0.02352941,-152.68,-178.55,0.0,0.0,15.17,22.07,0.0,0.0
LEU,-60,-30,4,85,0.04705882,-100.56,29.62,0.0,0.0,4.56,10.04,0.0,0.0
LEU,-60,-30,44,85,0.51764706,-69.95,176.93,0.0,0.0,6.15,8.09,0.0,0.0
LEU,-60,-30,3,85,0.03529412,-86.07,-57.85,0.0,0.0,7.62,25.68,0.0,0.0
LEU,-60,0,3,5,0.6,-66.34,177.54,0.0,0.0,4.64,7.15,0.0,0.0
LEU,-60,120,7,13,0.53846154,-174.93,62.53,0.0,0.0,6.42,5.77,0.0,0.0
LEU,-60,120,2,13,0.15384615,-176.75,142.71,0.0,0.0,2.46,8.4,0.0,0.0
LEU,-60,120,2,13,0.15384615,-86.96,179.86,0.0,0.0,5.39,12.01,0.0,0.0
LEU,-60,150,4,30,0.13333333,-164.3,69.02,0.0,0.0,15.99,7.89,0.0,0.0
LEU,-60,150,3,30,0.1,-77.59,49.82,0.0,0.0,17.17,15.41,0.0,0.0
LEU,-60,150,21,30,0.7,-62.51,-177.04,0.0,0.0,5.97,9.86,0.0,0.0
LEU,-30,-60,2,2,1.0,-159.73,50.3,0.0,0.0,23.48,0.86,0.0,0.0
LEU,60,30,2,3,0.66666667,-52.07,179.53,0.0,0.0,6.32,2.83,0.0,0.0
LEU,60,60,3,3,1.0,-53.99,177.65,0.0,0.0,3.66,1.66,0.0,0.0
PHE,-150,-180,2,7,0.28571429,65.08,92.13,0.0,0.0,6.2,3.9,0.0,0.0
PHE,-150,-180,4,7,0.57142857,67.73,-81.85,0.0,0.0,4.45,3.82,0.0,0.0
PHE,-150,120,2,3,0.66666667,-173.06,-86.24,0.0,0.0,2.34,0.86,0.0,0.0
PHE,-150,150,2,16,0.125,67.65,84.7,0.0,0.0,3.56,4.12,0.0,0.0
PHE,-150,150,3,16,0.1875,65.2,-83.87,0.0,0.0,1.34,0.75,0.0,0.0
PHE,-150,150,2,16,0.125,165.32,84.81,0.0,0.0,1.31,1.58,0.0,0.0
PHE,-150,150,2,16,0.125,174.79,-89.55,0.0,0.0,1.38,1.06,0.0,0.0
PHE,-150,150,2,16,0.125,-71.32,95.1,0.0,0.0,9.69,3.77,0.0,0.0
PHE,-150,150,4,16,0.25,-56.65,-85.37,0.0,0.0,2.32,1.1,0.0,0.0
PHE,-120,-180,2,8,0.25,55.77,-87.08,0.0,0.0,14.05,7.24,0.0,0.0
PHE,-120,-180,2,8,0.25,-24.71,85.7,0.0,0.0,4.38,1.06,0.0,0.0
PHE,-120,-180,3,8,0.375,-52.74,-80.7,0.0,0.0,5.24,8.59,0.0,0.0
PHE,-120,-60,2,2,1.0,-72.79,-48.87,0.0,0.0,1.32,4.19,0.0,0.0
PHE,-120,-30,4,4,1.0,-60.45,-71.24,0.0,0.0,13.13,10.21,0.0,0.0
PHE,-120,0,3,10,0.3,64.58,69.74,0.0,0.0,0.82,9.38,0.0,0.0
PHE,-120,0,4,10,0.4,-68.54,-80.34,0.0,0.0,3.02,10.22,0.0,0.0
PHE,-120,30,3,5,0.6,-70.74,79.19,0.0,0.0,3.24,18.18,0.0,0.0
PHE,-120,60,2,2,1.0,-44.3,-80.38,0.0,0.0,1.35,0.93,0.0,0.0
PHE,-120,90,3,5,0.6,-47.79,-81.85,0.0,0.0,2.75,1.93,0.0,0.0
PHE,-120,120,4,18,0.22222222,177.63,77.17,0.0,0.0,5.44,4.11,0.0,0.0
PHE,-120,120,2,18,0.11111111,-65.88,82.52,0.0,0.0,2.83,2.16,0.0,0.0
PHE,-120,120,11,18,0.61111111,-61.07,-82.84,0.0,0.0,3.48,6.88,0.0,0.0
PHE,-120,150,2,23,0.08695652,60.78,86.01,0.0,0.0,3.99,0.61,0.0,0.0
PHE,-120,150,3,23,0.13043478,179.53,57.79,0.0,0.0,25.1,9.73,0.0,0.0
PHE,-120,150,8,23,0.34782609,-67.53,81.15,0.0,0.0,7.43,5.45,0.0,0.0
PHE,-120,150,9,23,0.39130435,-61.66,-80.21,0.0,0.0,2.75,9.38,0.0,0.0
PHE,-90,-60,3,6,0.5,-178.3,75.4,0.0,0.0,2.39,11.98,0.0,0.0
PHE,-90,-30,5,11,0.45454545,-88.59,26.2,0.0,0.0,13.24,24.67,0.0,0.0
PHE,-90,-30,5,11,0.45454545,-73.25,-73.37,0.0,0.0,4.71,3.84,0.0,0.0
PHE,-90,0,3,8,0.375,38.8,93.33,0.0,0.0,8.37,4.37,0.0,0.0
PHE,-90,0,2,8,0.25,-54.7,106.09,0.0,0.0,10.54,5.94,0.0,0.0
PHE,-90,0,2,8,0.25,-64.42,-72.81,0.0,0.0,2.78,13.7,0.0,0.0
PHE,-90,30,2,2,1.0,-40.6,-56.56,0.0,0.0,8.33,18.75,0.0,0.0
PHE,-90,120,10,23,0.43478261,177.08,75.99,0.0,0.0,5.38,10.2,0.0,0.0
PHE,-90,120,3,23,0.13043478,-179.87,-89.81,0.0,0.0,2.98,3.99,0.0,0.0
PHE,-90,120,8,23,0.34782609,-71.12,-73.06,0.0,0.0,3.81,24.36,0.0,0.0
PHE,-90,150,2,9,0.22222222,-77.09,54.5,0.0,0.0,10.72,26.58,0.0,0.0
PHE,-90,150,4,9,0.44444444,-62.87,-73.46,0.0,0.0,3.59,14.46,0.0,0.0
PHE,-60,-60,24,27,0.88888889,178.85,73.06,0.0,0.0,4.94,7.03,0.0,0.0
PHE,-60,-60,2,27,0.07407407,-170.61,-71.36,0.0,0.0,0.84,8.28,0.0,0.0
PHE,-60,-30,4,50,0.08,65.7,88.85,0.0,0.0,10.65,6.97,0.0,0.0
PHE,-60,-30,13,50,0.26,-173.34,69.16,0.0,0.0,7.28,9.72,0.0,0.0
PHE,-60,-30,2,50,0.04,-174.59,-94.12,0.0,0.0,13.17,25.38,0.0,0.0
PHE,-60,-30,5,50,0.1,-80.89,87.16,0.0,0.0,8.03,17.15,0.0,0.0
PHE,-60,-30,25,50,0.5,-70.18,-63.22,0.0,0.0,7.4,17.06,0.0,0.0
PHE,-60,120,5,12,0.41666667,178.03,87.69,0.0,0.0,3.5,6.38,0.0,0.0
PHE,-60,120,2,12,0.16666667,175.72,-98.19,0.0,0.0,3.84,9.66,0.0,0.0
PHE,-60,120,3,12,0.25,-70.05,-71.08,0.0,0.0,9.83,5.48,0.0,0.0
PHE,-60,150,4,13,0.30769231,-178.34,77.45,0.0,0.0,3.36,7.94,0.0,0.0
PHE,-60,150,7,13,0.53846154,-64.59,-47.01,0.0,0.0,4.41,28.24,0.0,0.0
PRO,-90,-180,6,8,0.75,34.29,-36.57,0.0,0.0,3.19,7.41,0.0,0.0
PRO,-90,-30,4,5,0.8,29.48,-35.76,0.0,0.0,6.6,9.53,0.0,0.0
PRO,-90,0,7,10,0.7,33.52,-38.33,0.0,0.0,2.74,3.62,0.0,0.0
PRO,-90,0,3,10,0.3,-15.86,33.24,0.0,0.0,5.03,8.12,0.0,0.0
PRO,-90,60,3,3,1.0,32.96,-29.59,0.0,0.0,7.99,10.7,0.0,0.0
PRO,-90,90,2,4,0.5,22.88,-19.73,0.0,0.0,5.41,12.88,0.0,0.0
PRO,-90,120,2,4,0.5,34.99,-37.71,0.0,0.0,6.22,12.69,0.0,0.0
PRO,-90,150,12,17,0.70588235,31.04,-31.55,0.0,0.0,2.61,3.46,0.0,0.0
PRO,-90,150,4,17,0.23529412,-17.37,33.21,0.0,0.0,2.1,6.48,0.0,0.0
PRO,-60,-180,8,16,0.5,31.57,-38.75,0.0,0.0,3.63,5.05,0.0,0.0
PRO,-60,-180,8,16,0.5,-19.82,33.09,0.0,0.0,6.21,5.15,0.0,0.0
PRO,-60,-60,11,11,1.0,-31.82,40.07,0.0,0.0,3.59,5.3,0.0,0.0
PRO,-60,-30,27,91,0.2967033,24.41,-34.88,0.0,0.0,3.93,3.17,0.0,0.0
PRO,-60,-30,64,91,0.7032967,-26.77,37.22,0.0,0.0,4.31,4.12,0.0,0.0
PRO,-60,0,10,13,0.76923077,22.67,-34.69,0.0,0.0,5.2,3.25,0.0,0.0
PRO,-60,0,2,13,0.15384615,-32.93,40.47,0.0,0.0,2.13,4.75,0.0,0.0
PRO,-60,60,2,3,0.66666667,-18.98,35.36,0.0,0.0,1.85,3.5,0.0,0.0
PRO,-60,90,3,3,1.0,-32.31,41.89,0.0,0.0,4.84,1.94,0.0,0.0
PRO,-60,120,14,26,0.53846154,23.07,-32.37,0.0,0.0,7.22,6.63,0.0,0.0
PRO,-60,120,11,26,0.42307692,-27.02,38.72,0.0,0.0,5.18,5.69,0.0,0.0
PRO,-60,150,3,82,0.03658537,2.11,4.82,0.0,0.0,1.54,3.04,0.0,0.0
PRO,-60,150,29,82,0.35365854,25.48,-35.73,0.0,0.0,4.0,4.03,0.0,0.0
PRO,-60,150,50,82,0.6097561,-22.9,33.74,0.0,0.0,3.67,4.27,0.0,0.0
PRO,-30,-60,3,3,1.0,-36.53,44.49,0.0,0.0,1.0,0.74,0.0,0.0
PRO,-30,-30,3,4,0.75,-34.36,45.21,0.0,0.0,0.54,0.45,0.0,0.0
TRP,-150,150,5,8,0.625,65.28,-89.55,0.0,0.0,4.18,3.75,0.0,0.0
TRP,-120,120,2,4,0.5,-166.29,-96.98,0.0,0.0,3.33,6.53,0.0,0.0
TRP,-120,150,3,3,1.0,-67.81,102.46,0.0,0.0,4.13,14.39,0.0,0.0
TRP,-90,0,2,5,0.4,61.27,88.89,0.0,0.0,2.98,3.41,0.0,0.0
TRP,-90,0,2,5,0.4,-59.94,98.67,0.0,0.0,7.47,1.25,0.0,0.0
TRP,-90,150,3,7,0.42857143,-77.99,77.71,0.0,0.0,0.77,15.66,0.0,0.0
TRP,-60,-60,3,5,0.6,177.13,88.51,0.0,0.0,8.05,7.15,0.0,0.0
TRP,-60,-60,2,5,0.4,165.81,-61.26,0.0,0.0,5.6,47.21,0.0,0.0
TRP,-60,-30,2,15,0.13333333,70.3,-91.2,0.0,0.0,8.18,0.8,0.0,0.0
TRP,-60,-30,4,15,0.26666667,177.11,83.42,0.0,0.0,16.26,6.86,0.0,0.0
TRP,-60,-30,3,15,0.2,-67.9,100.25,0.0,0.0,9.09,4.91,0.0,0.0
TRP,-60,-30,3,15,0.2,-81.66,127.43,0.0,0.0,10.67,4.51,0.0,0.0
TRP,-60,-30,2,15,0.13333333,-69.38,-12.28,0.0,0.0,3.19,9.42,0.0,0.0
TYR,-180,-180,3,3,1.0,61.32,83.23,0.0,0.0,4.87,10.04,0.0,0.0
TYR,-150,-180,4,9,0.44444444,55.94,86.24,0.0,0.0,5.01,10.16,0.0,0.0
TYR,-150,-180,4,9,0.44444444,67.25,-80.48,0.0,0.0,3.54,12.62,0.0,0.0
TYR,-150,120,2,5,0.4,-174.37,51.11,0.0,0.0,4.51,7.3,0.0,0.0
TYR,-150,150,7,18,0.38888889,61.7,86.81,0.0,0.0,5.68,3.7,0.0,0.0
TYR,-150,150,5,18,0.27777778,58.79,-80.23,0.0,0.0,3.64,3.46,0.0,0.0
TYR,-150,150,4,18,0.22222222,-177.06,76.85,0.0,0.0,6.96,4.93,0.0,0.0
TYR,-120,-180,4,5,0.8,-58.82,-82.72,0.0,0.0,3.29,14.49,0.0,0.0
TYR,-120,-60,3,3,1.0,-60.61,-66.86,0.0,0.0,4.47,10.59,0.0,0.0
TYR,-120,-30,2,8,0.25,56.95,83.14,0.0,0.0,5.17,3.79,0.0,0.0
TYR,-120,-30,4,8,0.5,-54.64,-61.7,0.0,0.0,5.88,4.0,0.0,0.0
TYR,-120,0,4,6,0.66666667,-59.87,-75.12,0.0,0.0,6.01,13.83,0.0,0.0
TYR,-120,30,2,7,0.28571429,-67.48,99.77,0.0,0.0,2.55,10.64,0.0,0.0
TYR,-120,30,5,7,0.71428571,-57.13,-64.37,0.0,0.0,7.09,10.59,0.0,0.0
TYR,-120,90,2,6,0.33333333,-163.45,-56.8,0.0,0.0,11.99,7.68,0.0,0.0
TYR,-120,90,2,6,0.33333333,-71.06,-79.17,0.0,0.0,1.94,15.48,0.0,0.0
TYR,-120,120,5,13,0.38461538,170.48,72.03,0.0,0.0,6.64,11.54,0.0,0.0
TYR,-120,120,2,13,0.15384615,-164.19,-77.7,0.0,0.0,4.71,1.4,0.0,0.0
TYR,-120,120,3,13,0.23076923,-58.93,82.77,0.0,0.0,0.36,6.58,0.0,0.0
TYR,-120,120,3,13,0.23076923,-58.77,-91.78,0.0,0.0,1.88,9.23,0.0,0.0
TYR,-120,150,11,29,0.37931034,-59.19,88.98,0.0,0.0,3.87,6.74,0.0,0.0
TYR,-120,150,15,29,0.51724138,-62.11,-81.63,0.0,0.0,6.53,6.52,0.0,0.0
TYR,-90,-30,2,15,0.13333333,178.03,75.02,0.0,0.0,3.72,5.62,0.0,0.0
TYR,-90,-30,2,15,0.13333333,-69.34,97.2,0.0,0.0,4.14,12.41,0.0,0.0
TYR,-90,-30,9,15,0.6,-60.67,-71.11,0.0,0.0,7.77,8.45,0.0,0.0
TYR,-90,0,2,9,0.22222222,-57.53,87.01,0.0,0.0,2.87,6.96,0.0,0.0
TYR,-90,0,5,9,0.55555556,-61.06,-69.74,0.0,0.0,6.01,25.07,0.0,0.0
TYR,-90,120,5,17,0.29411765,-179.45,74.29,0.0,0.0,3.2,10.39,0.0,0.0
TYR,-90,120,2,17,0.11764706,175.86,-89.13,0.0,0.0,3.76,12.21,0.0,0.0
TYR,-90,120,5,17,0.29411765,-72.57,88.95,0.0,0.0,5.19,2.33,0.0,0.0
TYR,-90,120,5,17,0.29411765,-79.6,-73.49,0.0,0.0,4.91,5.41,0.0,0.0
TYR,-90,150,2,24,0.08333333,55.39,89.61,0.0,0.0,2.72,0.72,0.0,0.0
TYR,-90,150,6,24,0.25,-66.69,87.17,0.0,0.0,5.43,7.23,0.0,0.0
TYR,-90,150,13,24,0.54166667,-69.0,-69.84,0.0,0.0,8.28,7.17,0.0,0.0
TYR,-60,-60,24,46,0.52173913,177.64,79.89,0.0,0.0,6.13,7.28,0.0,0.0
TYR,-60,-60,9,46,0.19565217,-177.83,-85.31,0.0,0.0,6.29,3.54,0.0,0.0
TYR,-60,-60,4,46,0.08695652,-83.02,85.83,0.0,0.0,5.26,2.55,0.0,0.0
TYR,-60,-60,8,46,0.17391304,-79.77,-67.6,0.0,0.0,12.03,16.03,0.0,0.0
TYR,-60,-30,3,60,0.05,76.6,90.15,0.0,0.0,9.86,5.05,0.0,0.0
TYR,-60,-30,30,60,0.5,-178.98,68.7,0.0,0.0,4.54,15.06,0.0,0.0
TYR,-60,-30,4,60,0.06666667,-177.12,-86.04,0.0,0.0,2.13,3.35,0.0,0.0
TYR,-60,-30,7,60,0.11666667,-71.91,96.55,0.0,0.0,4.26,9.72,0.0,0.0
TYR,-60,-30,2,60,0.03333333,-76.89,133.78,0.0,0.0,14.23,1.67,0.0,0.0
TYR,-60,-30,14,60,0.23333333,-70.52,-68.16,0.0,0.0,5.47,17.36,0.0,0.0
TYR,-60,120,10,14,0.71428571,-179.28,68.54,0.0,0.0,3.76,11.88,0.0,0.0
TYR,-60,120,2,14,0.14285714,-70.98,-62.47,0.0,0.0,8.99,7.6,0.0,0.0
TYR,60,30,5,6,0.83333333,-62.09,-64.97,0.0,0.0,11.67,2.86,0.0,0.0
TYR,60,60,2,3,0.66666667,-64.46,-80.62,0.0,0.0,1.54,6.13,0.0,0.0
CYS,-150,-180,4,5,0.8,65.99,0.0,0.0,0.0,6.24,0.0,0.0,0.0
CYS,-150,150,2,2,1.0,72.23,0.0,0.0,0.0,2.46,0.0,0.0,0.0
CYS,-120,-180,2,3,0.66666667,67.96,0.0,0.0,0.0,3.24,0.0,0.0,0.0
CYS,-120,150,2,3,0.66666667,-65.84,0.0,0.0,0.0,3.46,0.0,0.0,0.0
CYS,-90,-180,3,4,0.75,63.87,0.0,0.0,0.0,3.83,0.0,0.0,0.0
CYS,-90,-30,2,3,0.66666667,-68.97,0.0,0.0,0.0,4.06,0.0,0.0,0.0
CYS,-90,120,6,6,1.0,-177.52,0.0,0.0,0.0,3.82,0.0,0.0,0.0
CYS,-90,150,3,6,0.5,64.55,0.0,0.0,0.0,10.05,0.0,0.0,0.0
CYS,-90,150,2,6,0.33333333,-171.74,0.0,0.0,0.0,3.82,0.0,0.0,0.0
CYS,-60,-60,2,4,0.5,-170.15,0.0,0.0,0.0,9.01,0.0,0.0,0.0
CYS,-60,-60,2,4,0.5,-54.82,0.0,0.0,0.0,10.52,0.0,0.0,0.0
CYS,-60,-30,4,11,0.36363636,71.1,0.0,0.0,0.0,7.7,0.0,0.0,0.0
CYS,-60,-30,2,11,0.18181818,-179.65,0.0,0.0,0.0,4.73,0.0,0.0,0.0
CYS,-60,-30,5,11,0.45454545,-71.04,0.0,0.0,0.0,15.29,0.0,0.0,0.0
CYS,-60,0,2,2,1.0,65.37,0.0,0.0,0.0,10.01,0.0,0.0,0.0
CYS,-60,120,8,8,1.0,-178.41,0.0,0.0,0.0,3.39,0.0,0.0,0.0
CYS,-60,150,2,4,0.5,59.88,0.0,0.0,0.0,7.94,0.0,0.0,0.0
CYS,-60,150,2,4,0.5,-62.96,0.0,0.0,0.0,8.76,0.0,0.0,0.0
CYS,60,30,2,2,1.0,-30.93,0.0,0.0,0.0,30.93,0.0,0.0,0.0
CYS,60,60,2,2,1.0,-62.72,0.0,0.0,0.0,6.05,0.0,0.0,0.0
SER,-180,-180,3,4,0.75,79.79,0.0,0.0,0.0,4.29,0.0,0.0,0.0
SER,-150,-180,12,14,0.85714286,67.01,0.0,0.0,0.0,7.74,0.0,0.0,0.0
SER,-150,-180,2,14,0.14285714,-74.95,0.0,0.0,0.0,19.68,0.0,0.0,0.0
SER,-150,120,2,6,0.33333333,66.47,0.0,0.0,0.0,12.71,0.0,0.0,0.0
SER,-150,120,3,6,0.5,-171.39,0.0,0.0,0.0,19.02,0.0,0.0,0.0
SER,-150,150,17,24,0.70833333,66.57,0.0,0.0,0.0,9.94,0.0,0.0,0.0
SER,-150,150,5,24,0.20833333,173.54,0.0,0.0,0.0,13.51,0.0,0.0,0.0
SER,-150,150,2,24,0.08333333,-40.87,0.0,0.0,0.0,0.56,0.0,0.0,0.0
SER,-120,-180,6,9,0.66666667,67.63,0.0,0.0,0.0,3.69,0.0,0.0,0.0
SER,-120,-180,2,9,0.22222222,-55.91,0.0,0.0,0.0,1.52,0.0,0.0,0.0
SER,-120,0,5,7,0.71428571,61.4,0.0,0.0,0.0,7.38,0.0,0.0,0.0
SER,-120,90,2,3,0.66666667,-166.34,0.0,0.0,0.0,2.46,0.0,0.0,0.0
SER,-120,120,3,11,0.27272727,43.26,0.0,0.0,0.0,9.1,0.0,0.0,0.0
SER,-120,120,4,11,0.36363636,-178.22,0.0,0.0,0.0,7.13,0.0,0.0,0.0
SER,-120,120,4,11,0.36363636,-64.54,0.0,0.0,0.0,4.48,0.0,0.0,0.0
SER,-120,150,8,16,0.5,69.21,0.0,0.0,0.0,3.94,0.0,0.0,0.0
SER,-120,150,7,16,0.4375,168.43,0.0,0.0,0.0,5.85,0.0,0.0,0.0
SER,-90,-180,5,6,0.83333333,62.16,0.0,0.0,0.0,7.26,0.0,0.0,0.0
SER,-90,-30,12,21,0.57142857,68.39,0.0,0.0,0.0,9.93,0.0,0.0,0.0
SER,-90,-30,2,21,0.0952381,178.69,0.0,0.0,0.0,0.97,0.0,0.0,0.0
SER,-90,-30,7,21,0.33333333,-67.71,0.0,0.0,0.0,8.16,0.0,0.0,0.0
SER,-90,0,14,21,0.66666667,65.32,0.0,0.0,0.0,10.35,0.0,0.0,0.0
SER,-90,0,7,21,0.33333333,-61.57,0.0,0.0,0.0,23.88,0.0,0.0,0.0
SER,-90,30,3,5,0.6,58.93,0.0,0.0,0.0,10.11,0.0,0.0,0.0
SER,-90,30,2,5,0.4,-35.08,0.0,0.0,0.0,35.08,0.0,0.0,0.0
SER,-90,120,5,11,0.45454545,167.91,0.0,0.0,0.0,11.3,0.0,0.0,0.0
SER,-90,120,6,11,0.54545455,-48.05,0.0,0.0,0.0,26.53,0.0,0.0,0.0
SER,-90,150,12,30,0.4,68.77,0.0,0.0,0.0,5.74,0.0,0.0,0.0
SER,-90,150,7,30,0.23333333,174.54,0.0,0.0,0.0,5.51,0.0,0.0,0.0
SER,-90,150,11,30,0.36666667,-56.61,0.0,0.0,0.0,11.15,0.0,0.0,0.0
SER,-60,-180,6,7,0.85714286,67.02,0.0,0.0,0.0,4.58,0.0,0.0,0.0
SER,-60,-60,7,39,0.17948718,55.34,0.0,0.0,0.0,7.44,0.0,0.0,0.0
SER,-60,-60,17,39,0.43589744,-178.45,0.0,0.0,0.0,9.27,0.0,0.0,0.0
SER,-60,-60,15,39,0.38461538,-68.66,0.0,0.0,0.0,10.35,0.0,0.0,0.0
SER,-60,-30,60,118,0.50847458,65.83,0.0,0.0,0.0,7.22,0.0,0.0,0.0
SER,-60,-30,19,118,0.16101695,-178.85,0.0,0.0,0.0,10.7,0.0,0.0,0.0
SER,-60,-30,39,118,0.33050847,-63.69,0.0,0.0,0.0,9.07,0.0,0.0,0.0
SER,-60,0,13,13,1.0,67.06,0.0,0.0,0.0,11.45,0.0,0.0,0.0
SER,-60,90,2,2,1.0,-59.3,0.0,0.0,0.0,1.07,0.0,0.0,0.0
SER,-60,120,11,16,0.6875,175.93,0.0,0.0,0.0,5.49,0.0,0.0,0.0
SER,-60,120,5,16,0.3125,-67.6,0.0,0.0,0.0,19.01,0.0,0.0,0.0
SER,-60,150,19,53,0.35849057,66.14,0.0,0.0,0.0,10.11,0.0,0.0,0.0
SER,-60,150,21,53,0.39622642,174.58,0.0,0.0,0.0,10.77,0.0,0.0,0.0
SER,-60,150,13,53,0.24528302,-51.33,0.0,0.0,0.0,13.27,0.0,0.0,0.0
SER,-30,-60,2,3,0.66666667,-157.37,0.0,0.0,0.0,23.82,0.0,0.0,0.0
SER,60,0,2,4,0.5,-71.54,0.0,0.0,0.0,6.5,0.0,0.0,0.0
SER,60,30,5,6,0.83333333,-66.76,0.0,0.0,0.0,8.96,0.0,0.0,0.0
SER,60,60,2,4,0.5,-63.22,0.0,0.0,0.0,9.99,0.0,0.0,0.0
THR,-150,-180,9,13,0.69230769,65.4,0.0,0.0,0.0,4.22,0.0,0.0,0.0
THR,-150,-180,3,13,0.23076923,-170.43,0.0,0.0,0.0,2.05,0.0,0.0,0.0
THR,-150,120,2,2,1.0,-65.79,0.0,0.0,0.0,5.18,0.0,0.0,0.0
THR,-150,150,8,20,0.4,68.28,0.0,0.0,0.0,6.99,0.0,0.0,0.0
THR,-150,150,9,20,0.45,-174.06,0.0,0.0,0.0,10.09,0.0,0.0,0.0
THR,-150,150,3,20,0.15,-36.32,0.0,0.0,0.0,17.04,0.0,0.0,0.0
THR,-120,-180,9,11,0.81818182,64.54,0.0,0.0,0.0,9.49,0.0,0.0,0.0
THR,-120,-60,2,3,0.66666667,55.2,0.0,0.0,0.0,3.42,0.0,0.0,0.0
THR,-120,-30,3,3,1.0,55.88,0.0,0.0,0.0,4.99,0.0,0.0,0.0
THR,-120,0,9,11,0.81818182,60.83,0.0,0.0,0.0,8.92,0.0,0.0,0.0
THR,-120,0,2,11,0.18181818,-37.06,0.0,0.0,0.0,13.6,0.0,0.0,0.0
THR,-120,30,2,3,0.66666667,57.03,0.0,0.0,0.0,1.29,0.0,0.0,0.0
THR,-120,60,2,2,1.0,61.11,0.0,0.0,0.0,0.16,0.0,0.0,0.0
THR,-120,90,3,4,0.75,-54.3,0.0,0.0,0.0,3.57,0.0,0.0,0.0
THR,-120,120,4,18,0.22222222,69.94,0.0,0.0,0.0,6.18,0.0,0.0,0.0
THR,-120,120,13,18,0.72222222,-60.04,0.0,0.0,0.0,4.36,0.0,0.0,0.0
THR,-120,150,18,28,0.64285714,58.31,0.0,0.0,0.0,6.02,0.0,0.0,0.0
THR,-120,150,5,28,0.17857143,-177.44,0.0,0.0,0.0,8.67,0.0,0.0,0.0
THR,-120,150,5,28,0.17857143,-59.87,0.0,0.0,0.0,7.86,0.0,0.0,0.0
THR,-90,-180,17,18,0.94444444,61.79,0.0,0.0,0.0,6.2,0.0,0.0,0.0
THR,-90,-30,15,19,0.78947368,58.52,0.0,0.0,0.0,14.22,0.0,0.0,0.0
THR,-90,-30,4,19,0.21052632,-52.26,0.0,0.0,0.0,7.6,0.0,0.0,0.0
THR,-90,0,25,30,0.83333333,60.58,0.0,0.0,0.0,5.72,0.0,0.0,0.0
THR,-90,0,2,30,0.06666667,-178.33,0.0,0.0,0.0,26.33,0.0,0.0,0.0
THR,-90,0,3,30,0.1,-34.81,0.0,0.0,0.0,16.67,0.0,0.0,0.0
THR,-90,120,3,13,0.23076923,61.97,0.0,0.0,0.0,9.24,0.0,0.0,0.0
THR,-90,120,10,13,0.76923077,-61.54,0.0,0.0,0.0,2.38,0.0,0.0,0.0
THR,-90,150,17,24,0.70833333,64.62,0.0,0.0,0.0,6.04,0.0,0.0,0.0
THR,-90,150,2,24,0.08333333,-154.46,0.0,0.0,0.0,20.93,0.0,0.0,0.0
THR,-90,150,5,24,0.20833333,-56.86,0.0,0.0,0.0,4.01,0.0,0.0,0.0
THR,-60,-180,2,2,1.0,64.0,0.0,0.0,0.0,2.9,0.0,0.0,0.0
THR,-60,-60,32,32,1.0,-64.72,0.0,0.0,0.0,5.42,0.0,0.0,0.0
THR,-60,-30,30,81,0.37037037,62.69,0.0,0.0,0.0,10.21,0.0,0.0,0.0
THR,-60,-30,6,81,0.07407407,-168.1,0.0,0.0,0.0,9.98,0.0,0.0,0.0
THR,-60,-30,45,81,0.55555556,-56.39,0.0,0.0,0.0,7.23,0.0,0.0,0.0
THR,-60,0,6,7,0.85714286,60.21,0.0,0.0,0.0,7.56,0.0,0.0,0.0
THR,-60,120,10,11,0.90909091,-62.9,0.0,0.0,0.0,6.39,0.0,0.0,0.0
THR,-60,150,7,14,0.5,57.83,0.0,0.0,0.0,5.62,0.0,0.0,0.0
THR,-60,150,7,14,0.5,-57.79,0.0,0.0,0.0,6.73,0.0,0.0,0.0
THR,-30,-60,5,5,1.0,-52.75,0.0,0.0,0.0,7.32,0.0,0.0,0.0
THR,30,-30,2,2,1.0,-66.02,0.0,0.0,0.0,0.56,0.0,0.0,0.0
VAL,-180,150,2,2,1.0,161.97,0.0,0.0,0.0,23.52,0.0,0.0,0.0
VAL,-150,120,5,8,0.625,61.31,0.0,0.0,0.0,9.62,0.0,0.0,0.0
VAL,-150,120,2,8,0.25,178.04,0.0,0.0,0.0,6.39,0.0,0.0,0.0
VAL,-150,150,2,16,0.125,63.84,0.0,0.0,0.0,1.47,0.0,0.0,0.0
VAL,-150,150,5,16,0.3125,178.83,0.0,0.0,0.0,7.09,0.0,0.0,0.0
VAL,-150,150,9,16,0.5625,-67.87,0.0,0.0,0.0,5.63,0.0,0.0,0.0
VAL,-120,-180,6,6,1.0,-59.97,0.0,0.0,0.0,3.68,0.0,0.0,0.0
VAL,-120,-30,2,3,0.66666667,-66.18,0.0,0.0,0.0,11.46,0.0,0.0,0.0
VAL,-120,0,2,2,1.0,-55.55,0.0,0.0,0.0,4.54,0.0,0.0,0.0
VAL,-120,90,4,4,1.0,-178.39,0.0,0.0,0.0,4.36,0.0,0.0,0.0
VAL,-120,120,2,36,0.05555556,53.78,0.0,0.0,0.0,12.9,0.0,0.0,0.0
VAL,-120,120,30,36,0.83333333,-179.73,0.0,0.0,0.0,4.78,0.0,0.0,0.0
VAL,-120,120,4,36,0.11111111,-61.95,0.0,0.0,0.0,18.5,0.0,0.0,0.0
VAL,-120,150,9,17,0.52941176,170.25,0.0,0.0,0.0,6.56,0.0,0.0,0.0
VAL,-120,150,8,17,0.47058824,-60.3,0.0,0.0,0.0,9.25,0.0,0.0,0.0
VAL,-90,-60,2,2,1.0,-178.21,0.0,0.0,0.0,0.49,0.0,0.0,0.0
VAL,-90,-30,2,11,0.18181818,63.4,0.0,0.0,0.0,3.73,0.0,0.0,0.0
VAL,-90,-30,7,11,0.63636364,169.31,0.0,0.0,0.0,11.77,0.0,0.0,0.0
VAL,-90,-30,2,11,0.18181818,-56.82,0.0,0.0,0.0,6.69,0.0,0.0,0.0
VAL,-90,0,4,4,1.0,-53.05,0.0,0.0,0.0,2.45,0.0,0.0,0.0
VAL,-90,120,2,38,0.05263158,54.04,0.0,0.0,0.0,25.06,0.0,0.0,0.0
VAL,-90,120,36,38,0.94736842,176.72,0.0,0.0,0.0,4.61,0.0,0.0,0.0
VAL,-90,150,2,14,0.14285714,66.11,0.0,0.0,0.0,2.72,0.0,0.0,0.0
VAL,-90,150,9,14,0.64285714,179.84,0.0,0.0,0.0,6.78,0.0,0.0,0.0
VAL,-90,150,3,14,0.21428571,-52.24,0.0,0.0,0.0,14.33,0.0,0.0,0.0
VAL,-60,-60,2,32,0.0625,56.63,0.0,0.0,0.0,6.52,0.0,0.0,0.0
VAL,-60,-60,30,32,0.9375,174.2,0.0,0.0,0.0,7.0,0.0,0.0,0.0
VAL,-60,-30,13,67,0.19402985,67.42,0.0,0.0,0.0,7.48,0.0,0.0,0.0
VAL,-60,-30,48,67,0.71641791,173.99,0.0,0.0,0.0,6.97,0.0,0.0,0.0
VAL,-60,-30,6,67,0.08955224,-66.52,0.0,0.0,0.0,8.38,0.0,0.0,0.0
VAL,-60,0,2,2,1.0,-78.78,0.0,0.0,0.0,22.48,0.0,0.0,0.0
VAL,-60,120,2,15,0.13333333,68.83,0.0,0.0,0.0,8.4,0.0,0.0,0.0
VAL,-60,120,11,15,0.73333333,-179.64,0.0,0.0,0.0,3.46,0.0,0.0,0.0
VAL,-60,120,2,15,0.13333333,-55.04,0.0,0.0,0.0,55.03,0.0,0.0,0.0
VAL,-60,150,3,8,0.375,64.86,0.0,0.0,0.0,1.01,0.0,0.0,0.0
VAL,-60,150,4,8,0.5,174.68,0.0,0.0,0.0,13.43,0.0,0.0,0.0
