AA,PHI,PSI,_COUNT,COUNT,PROB,B_CHI1,B_CHI2,B_CHI3,B_CHI4,B_CHI1Sig,B_CHI2Sig,B_CHI3Sig,B_CHI4Sig
ARG,-120,150,6,43,0.13953488372093023,-63.95176873012861,174.26580896198047,-179.20229000693178,-82.58960685605292,4.257301303547081,4.221901378609952,7.320897554527651,11.651424429083551
ARG,-90,0,11,41,0.2682926829268293,-65.59432604452456,175.11364136093192,178.10663661511026,179.19869074454525,6.157750305213353,9.881484445454364,15.17197224289655,17.65409245946952
ARG,-90,0,5,41,0.12195121951219512,-75.3139737722382,167.49340427355318,175.976395278346,-94.6801883422421,7.605367364288283,6.220834298316358,9.045699264102032,12.50904301552647
ARG,-90,120,5,32,0.15625,-178.01461622619806,174.41477002013,-72.50129626459797,163.28250055593492,7.913780396257442,12.968864908218013,18.30272351507428,30.762183437096514
ARG,-60,-60,11,104,0.10576923076923077,179.12885825300688,-178.07031664533173,62.90288845631851,83.62613454697494,5.332282541137791,8.806644705115145,8.63380896027081,7.857203602962348
ARG,-60,-60,8,104,0.07692307692307693,176.66592462818807,-168.49401844098296,69.96784430846861,-156.76775794323694,8.862063834142562,8.184581994947502,9.996451169406503,18.18361566791726
ARG,-60,-60,5,104,0.04807692307692308,-172.40826553312905,173.61762704198887,67.49887047872457,-103.24883455290907,7.121475055225175,5.299196215877858,5.6264883165061,6.745543028295346
ARG,-60,-60,5,104,0.04807692307692308,-179.9666753599507,-174.29595307506113,172.9048331215195,78.80862498650866,4.621234951970353,11.813419741261525,18.14021194453035,13.000022335099757
ARG,-60,-60,7,104,0.0673076923076923,-172.41803767405932,170.69053419481165,158.93894912306027,178.46305929507753,8.995406707455448,11.019403733536938,8.202765360941049,9.043255818438809
ARG,-60,-60,7,104,0.0673076923076923,-173.98535878423505,167.77286600594636,175.62604542641006,-78.2412710589739,6.863858037611785,18.73259643415174,10.953432412285084,6.0538786221015535
ARG,-60,-60,5,104,0.04807692307692308,-170.35538049389535,170.04035028179428,-62.83798193937407,109.23762655266758,16.67805454466472,11.818859897996916,9.841091568600708,3.253073168260942
ARG,-60,-60,7,104,0.0673076923076923,-177.82726913271784,176.39020287759783,-78.75494481032165,164.65753104290675,7.646024409095015,22.995665809550417,9.711079466980303,13.641088191885299
ARG,-60,-60,5,104,0.04807692307692308,-64.93401727939883,-168.36179534596346,171.30870019905197,99.97872325338389,8.602348724475489,2.4872820694888564,9.528201690668691,8.947807930578406
ARG,-60,-60,6,104,0.057692307692307696,-71.80287102369697,179.65529520075344,-175.22637055218198,175.04993661422864,3.131819267418374,6.1408202236827805,12.225540038299163,9.25326294973612
ARG,-60,-60,8,104,0.07692307692307693,-87.25274814101164,-179.8519039050581,-86.64126304977188,141.9269060875449,14.884646939477289,10.180938418751259,12.266213088642811,14.668562946007071
ARG,-60,-30,5,252,0.01984126984126984,63.76291403528301,179.11630360716757,173.81495673457576,-83.7193963609068,4.164394074239266,5.795523642084955,3.8241424805810307,2.6036466091857737
ARG,-60,-30,8,252,0.031746031746031744,-177.13363312081395,170.16244162506894,67.61388787620956,72.50189673009392,15.172671986363019,12.063309099273328,9.308975873993456,14.574519925423408
ARG,-60,-30,11,252,0.04365079365079365,-170.4024298408044,171.90285285055865,61.835746941470845,-149.60452527509608,12.528146369290663,20.456414703067292,9.955891910948285,21.110984362323148
ARG,-60,-30,15,252,0.05952380952380952,179.48087633177522,-179.00117037735893,-175.6778832314173,-176.83508336962092,10.68105028732422,23.107615874031247,13.021357101903444,16.383614896200346
ARG,-60,-30,8,252,0.031746031746031744,-178.49940905517425,-177.77895598818247,-173.54890458773943,-88.4993765164847,11.291498998621845,12.634078131261207,23.002831058592122,8.866302309700057
ARG,-60,-30,16,252,0.06349206349206349,-175.65344382567687,-178.10920316241766,-64.7629675602135,172.59016195597704,10.459639179400531,14.11772369561927,7.778607870592136,17.832504117185955
ARG,-60,-30,7,252,0.027777777777777776,-178.76178048692202,-170.1772752851844,-53.6270838448813,-78.07338674441367,10.110818117092586,7.986904745665798,14.609119118513533,9.281757905206968
ARG,-60,-30,6,252,0.023809523809523808,-70.06048292589527,169.95155164891204,67.64929721541667,90.59622396254925,3.568304609746274,6.022674981332724,5.065671427059416,11.547491873595295
ARG,-60,-30,15,252,0.05952380952380952,-71.03220573373275,174.92808550665342,63.79700363130747,-156.30725917572045,8.707903417016379,9.536962628373757,11.82805725999839,16.22209912374222
ARG,-60,-30,12,252,0.047619047619047616,-68.02583715888382,-174.14145384031315,-179.9482804871536,82.65189021436198,4.42448938216789,13.364733333551483,9.588160625837512,7.01125898980139
ARG,-60,-30,36,252,0.14285714285714285,-70.47649820368001,177.9975056194982,-176.32421684055416,177.291867067913,8.731297346042572,9.929385703866334,10.444766596223785,12.824158269941035
ARG,-60,-30,9,252,0.03571428571428571,-72.2693068739779,-176.5103785569467,-165.53539391947334,-79.44115172430956,13.583946908697392,15.839627492930127,18.37428793571812,8.918221586674239
ARG,-60,-30,14,252,0.05555555555555555,-71.09145482507134,169.35956964839323,-65.40998590485042,167.0428050934227,6.169626324660124,7.606680256048192,8.230661310480674,16.250844694406087
ARG,-60,-30,17,252,0.06746031746031746,-68.81263520433616,-167.47661161766877,-66.40371855846638,-84.87826360967638,8.62408451379604,7.644525773333678,8.529478887966572,8.949476327657196
ARG,-60,-30,15,252,0.05952380952380952,-4.858165679526246,-4.649388454216407,-4.502177241053234,-4.398820332794611,18.806048190499617,15.463060415454297,15.091455018569077,23.33350271374257
ARG,-60,150,5,39,0.1282051282051282,-65.20155762540442,174.3916128669181,-75.92890084352621,163.00339349756175,13.582343623549562,16.73218431557882,12.764437128592153,17.20577241096261
LYS,-150,120,6,24,0.25,-60.964261064158684,-174.31045846093411,177.8103963647289,-177.84319150232938,4.462207289353175,3.759382972626913,2.676203328033914,8.409713872051912
LYS,-120,150,10,48,0.20833333333333334,-68.16087050747662,-173.81264551756007,174.76247447006804,175.13461132933787,7.695517557949862,8.71664709817847,9.69173704782842,13.083286655336389
LYS,-90,-30,5,39,0.1282051282051282,-179.88862770572595,174.23399262538052,173.28719483274142,176.80033136491244,3.6753543677637235,4.333504829273589,7.332942460244485,5.984282871921396
LYS,-90,-30,5,39,0.1282051282051282,-66.62909678246413,-175.5198977708584,-177.1907724016494,75.36654913710538,9.888009357346728,2.2988843736891247,13.012912700202268,21.623413692400025
LYS,-90,-30,5,39,0.1282051282051282,0.0,0.0,0.0,0.0,0.0,0.0,0.0,0.0
LYS,-90,120,7,35,0.2,-172.1850443839961,-177.75795007986574,-175.05661724339066,169.2103716622018,7.541653091166718,14.301695359463338,7.994223984189615,6.674396052899282
LYS,-60,-60,5,79,0.06329113924050633,-176.79686914974585,-179.9701279817146,179.07062185752702,64.57161206559769,3.7324904426029555,6.0275588866279985,15.17279140478602,8.263616157369121
LYS,-60,-60,12,79,0.1518987341772152,179.45979454903699,-178.73731329822343,175.65850564852724,179.88396312791133,5.102381883933105,6.502133816744948,11.209756825277728,9.957335079372013
LYS,-60,-60,11,79,0.13924050632911392,-174.26596843279222,-176.57384851751084,-69.70805068874147,-169.96119521428037,5.460893088843971,11.178854425461683,9.871499309399876,12.347550855380039
LYS,-60,-60,5,79,0.06329113924050633,-80.35191300930693,172.58903323734452,61.21190448381098,177.91783321143467,11.254003394463226,12.377830206785557,5.414713381930452,6.900930828358156
LYS,-60,-60,8,79,0.10126582278481013,-71.58021079161658,-164.4222562512776,-179.83827955874875,59.32521181149604,11.154337115900198,17.765251055107502,9.15126549024704,6.74973073071688
LYS,-60,-60,9,79,0.11392405063291139,-73.26258709486511,-179.15883505537988,-176.2431075558815,173.6306675697325,13.316992152534114,11.802178858966766,6.927494566032447,9.07858454392957
LYS,-60,-30,6,240,0.025,62.67396332349665,-176.90470568208346,172.26217296113094,174.60095591121876,8.091616027574467,4.9157182119786835,7.7568511358924885,7.824319352589285
LYS,-60,-30,7,240,0.029166666666666667,-173.03541055407874,64.86247961689035,173.34268698439027,178.91811331218298,7.829316863302343,8.529043332727676,7.616458583785617,4.139877077396451
LYS,-60,-30,11,240,0.04583333333333333,-175.25848971861092,179.97265313830928,59.87200629004235,177.13135209063645,14.029620019069215,13.58939743654317,9.146146020644869,12.324685827766
LYS,-60,-30,11,240,0.04583333333333333,-178.5678322564389,172.05229410808906,170.71184443716612,56.45666597806928,8.492675439201701,6.834299731625334,10.129210651426233,10.996653296074332
LYS,-60,-30,34,240,0.14166666666666666,-176.14832054426589,178.00581008549614,179.40165867341747,179.42423771771232,5.809956797274831,8.38877561345464,5.805259267958063,7.447574528544448
LYS,-60,-30,11,240,0.04583333333333333,-174.45127738097503,178.30121006457472,-68.57524539774786,174.08434122139232,7.626497598041799,10.46784381077702,12.10009183193937,13.679125881246598
LYS,-60,-30,9,240,0.0375,-71.64116840475258,170.07011603416098,76.69149959735272,179.85585571579932,8.15439784292535,17.828711782821934,14.436291553944788,3.8497912131336847
LYS,-60,-30,9,240,0.0375,-65.80131858835196,-171.24600516084388,177.6550285701321,69.96520803918264,4.305354399100749,11.196518879210277,14.887292246746224,8.505571343990947
LYS,-60,-30,54,240,0.225,-70.37995469520094,179.52584168368065,179.59748905224671,178.02954450466453,7.4561547448298375,7.379120046546083,8.353956109300354,10.029522365520185
LYS,-60,-30,5,240,0.020833333333333332,-72.72175121786192,174.54214338457297,-176.46640939350362,-59.334921250586085,9.911552133236235,6.018227476107151,5.145843489255816,7.9354822192305345
LYS,-60,-30,9,240,0.0375,-67.90766682276029,-171.88020076789672,-67.53208287176159,-172.09823413382372,7.52605565847618,9.927240993886977,9.38318712985376,8.224218479001896
LYS,-60,-30,6,240,0.025,-66.91552144479452,-62.09264847431845,-179.19275457898075,-179.25319248702493,4.834342478047185,2.3945706189805254,2.7969443592507703,1.5307757870084526
LYS,-60,-30,5,240,0.020833333333333332,-48.07424527100113,-69.63054258880021,176.33851299378762,-60.95883593444302,8.83385418743091,12.193566158483133,3.2541791913414415,4.346080381354145
LYS,-60,-30,15,240,0.0625,-0.0026732406549293025,0.0,0.0,0.0,0.4787507055311453,0.0,0.0,0.0
GLU,-150,150,5,18,0.2777777777777778,58.6075272528865,172.54757656684873,44.82752683367886,,12.77817691685621,10.304257909508479,7.773966559467555,
GLU,-120,120,5,17,0.29411764705882354,-63.234406504156276,178.23945436627653,38.973115295527,,8.907308919252328,3.405127539100013,24.58462201134228,
GLU,-90,-30,5,14,0.35714285714285715,-58.420387705576495,-176.25686717470998,31.81041789290213,,12.901418066788864,15.367362833587151,14.71692997722693,
GLU,-90,150,6,16,0.375,-56.74600233875401,-173.8828621384764,-34.16671236105609,,9.681243953681149,11.600329961837359,14.229274700613336,
GLU,-90,150,5,16,0.3125,-32.927727737173846,-51.60982121008966,-29.407505841624218,,24.1936183976563,32.166052683709516,20.674468914133055,
GLU,-60,-60,9,39,0.23076923076923078,-177.48755172128773,173.69517244110466,34.34501107031895,,10.790977570354249,11.863831269083878,18.866223042065286,
GLU,-60,-60,7,39,0.1794871794871795,-168.64735809291034,-178.3114282824147,-22.41515087432114,,7.614721146891603,5.441524316002269,15.379519397823255,
GLU,-60,-60,6,39,0.15384615384615385,-71.99849245545239,-169.5470074522684,49.835461591851875,,8.928168719094138,13.204446597496588,24.402432203236692,
GLU,-60,-30,8,114,0.07017543859649122,179.14460133403992,75.80354097533942,22.93083224116185,,6.068103980366859,8.373368990623637,16.15834945939346,
GLU,-60,-30,7,114,0.06140350877192982,-172.31749132785055,-179.5436767585212,6.7533873812601595,,6.126344012737777,9.4234216542551,5.44147132940146,
GLU,-60,-30,13,114,0.11403508771929824,-176.1683207552274,178.16173329643775,-40.31455571168688,,5.49570330601891,9.983617536375325,18.801696648382297,
GLU,-60,-30,6,114,0.05263157894736842,-80.51235741102865,80.31711030872938,21.237799194832057,,27.67107086953727,12.384967153367365,17.204709878378726,
GLU,-60,-30,11,114,0.09649122807017543,-64.39698985047832,91.20506892517169,-21.31387122882482,,4.297722927178691,4.410872642079972,7.598817426847923,
GLU,-60,-30,11,114,0.09649122807017543,-66.03902894037144,164.90466240913477,37.01523013497265,,5.240702674907293,9.925774771697974,18.812792071004345,
GLU,-60,-30,18,114,0.15789473684210525,-65.72934100971354,175.7733700745594,-46.203082769761096,,5.348115042499896,6.877008196576025,23.613287578708732,
GLU,-60,-30,6,114,0.05263157894736842,-62.33169669406183,-91.9698833368925,19.830090601452202,,4.440813689805186,6.328616497238495,12.223316250605583,
GLU,-60,-30,22,114,0.19298245614035087,-60.64675325656834,-52.99872441498394,-22.157205604931995,,22.721110905349292,20.429039180634522,18.951060013277473,
GLU,-60,150,7,28,0.25,-174.79520949057033,-177.88533459761032,42.96299644175538,,8.87492300094339,3.479000323480331,22.392309865136117,
GLU,-60,150,5,28,0.17857142857142858,-60.08211108946885,-64.03336830258162,-58.3986271031726,,5.750721810386995,6.0227432134999965,2.3100999504169266,
GLU,60,30,5,9,0.5555555555555556,-64.48227280563329,-178.16922738431066,48.4608463762071,,11.788273720690906,15.856193298386893,19.89273261969278,
GLN,-120,150,6,15,0.4,-54.006834732196594,171.73892473541784,58.119396810595646,,9.906269424794885,10.502146447655711,18.623692457705403,
GLN,-90,0,7,13,0.5384615384615384,-59.15106741327044,-49.709206621348244,-40.78132497159394,,10.940305121003924,19.23584989679876,17.161393879263436,
GLN,-90,120,5,14,0.35714285714285715,-61.629249958725985,-165.6985195721946,23.40352263634531,,6.969091536137854,10.783150914524471,23.87492982100065,
GLN,-60,-60,5,44,0.11363636363636363,179.6304526180295,70.77082328305725,32.54528030387755,,13.689933446670159,2.6843847387354134,30.045975034326627,
GLN,-60,-60,9,44,0.20454545454545456,-177.3699471958842,-177.48042012812863,32.96087057477695,,6.122616272741065,4.595966992358306,14.356035785563314,
GLN,-60,-60,5,44,0.11363636363636363,-177.62342756446165,-179.128750527832,168.17076586298285,,3.5184568627148294,1.3040380953762678,21.299398262130975,
GLN,-60,-60,9,44,0.20454545454545456,-67.0419261824286,-176.42495503620756,60.015800917492726,,5.806485815882716,9.381857313985687,17.461873731623264,
GLN,-60,-60,6,44,0.13636363636363635,-80.09323632554461,-174.37131672610155,-41.0990445101356,,11.86362459847887,7.109921762532985,18.061579848662838,
GLN,-60,-30,15,107,0.14018691588785046,-172.28895352201937,63.10185162844604,37.26855172320925,,5.835625179702685,4.065086235726897,17.023963527322366,
GLN,-60,-30,8,107,0.07476635514018691,176.4679397712901,-179.44501762510308,53.92381371357064,,8.184726916310328,12.951544462709432,14.534388940699642,
GLN,-60,-30,7,107,0.06542056074766354,-173.38234482165663,-172.19329360142726,-38.130105691126175,,17.216125723227304,8.31804324984632,25.17223617345086,
GLN,-60,-30,6,107,0.056074766355140186,-66.15567885973664,89.56739170766376,-45.47034335743326,,11.7809739047545,7.166730961805826,9.985130741371762,
GLN,-60,-30,24,107,0.22429906542056074,-68.76926102508074,-178.42220727993615,48.08361937279057,,6.963385267804068,9.505713024579727,21.064898946945554,
GLN,-60,-30,11,107,0.102803738317757,-72.73858708057551,179.29556276854066,-40.56272616790346,,4.553176016296537,6.917853099237617,28.166263842080145,
GLN,-60,-30,19,107,0.17757009345794392,-61.045309960094826,-59.214987541792205,-44.46627581323412,,22.134158210399345,16.897201641621457,15.834268227219546,
MET,-60,-30,6,39,0.15384615384615385,-173.43084486180223,173.08934420490868,-66.94779405372638,,5.89266744460353,7.0320568776531855,18.141494561390324,
MET,-60,-30,10,39,0.2564102564102564,-72.92048180133001,174.85979507772817,56.244792700692166,,5.893155994034802,8.560670101798934,9.913292603822187,
MET,-60,-30,6,39,0.15384615384615385,-67.11747614416794,-65.43965991791157,98.77698133780983,,3.3691570043710324,16.706169678087115,8.438322294001104,
MET,-60,-30,5,39,0.1282051282051282,-63.989339535030325,-37.61505231257154,-50.31981283884257,,5.972447043723318,24.25714861474472,31.609259353070737,
ASP,-150,-180,5,7,0.7142857142857143,68.87327026208007,29.16420223661432,,,4.479806019559294,13.610518894881558,,
ASP,-150,150,6,10,0.6,-165.92027893067018,23.146624188511243,,,6.209392435989346,12.601691407132618,,
ASP,-120,120,8,13,0.6153846153846154,-68.84581662578591,-61.00818179541158,,,16.353882180988865,12.109120544823881,,
ASP,-90,-180,8,13,0.6153846153846154,59.86190349042717,18.47216748203596,,,5.1284386335549295,11.655501570323516,,
ASP,-90,-30,8,14,0.5714285714285714,-50.98274069469157,-30.165156969107105,,,28.274148994904632,30.668644907857644,,
ASP,-90,0,7,23,0.30434782608695654,61.633310333967486,15.926816088244802,,,5.64283790116849,8.848491438875119,,
ASP,-90,0,6,23,0.2608695652173913,63.156939332595904,-25.592854362357574,,,9.23237327025194,14.899839512899764,,
ASP,-90,0,7,23,0.30434782608695654,-64.37612847362789,-39.49355371806703,,,2.648745079537144,9.97395395280589,,
ASP,-90,120,7,17,0.4117647058823529,-166.74162549112185,-25.455496034020605,,,6.920649305364763,18.92774806413012,,
ASP,-90,120,7,17,0.4117647058823529,-60.72581622592589,-54.81788924904517,,,7.27964891940739,32.34805384779795,,
ASP,-90,150,8,12,0.6666666666666666,-70.03584460138325,-13.250926372660592,,,6.48940630253847,8.444297726252573,,
ASP,-60,-60,7,26,0.2692307692307692,-79.48468401622841,16.607902402564903,,,6.068792746956247,19.45211501936538,,
ASP,-60,-60,12,26,0.46153846153846156,-72.11606515718199,-18.53402260660646,,,3.8122502709719606,11.185600497920229,,
ASP,-60,-30,15,83,0.18072289156626506,-166.03190336150553,51.961965445423445,,,7.767282734555125,21.305509421386358,,
ASP,-60,-30,17,83,0.20481927710843373,-72.76420960446407,22.853538973557253,,,7.457407666322023,15.255088039294348,,
ASP,-60,-30,44,83,0.5301204819277109,-70.76874615783974,-24.386043416441932,,,6.2970706436040755,12.283838419963477,,
ASP,-60,150,5,28,0.17857142857142858,-74.30273314723085,17.667797606636697,,,10.047951347111319,15.304495772430721,,
ASP,-60,150,15,28,0.5357142857142857,-64.77438049362364,-19.381983245856343,,,10.17038533630397,8.155428792536192,,
ASN,-120,30,5,13,0.38461538461538464,-159.56405286371904,29.707165272762456,,,5.9678227065798115,10.24529982446931,,
ASN,-120,90,5,10,0.5,-168.51716411058987,-23.58067359234393,,,3.762347820847914,23.935233561329078,,
ASN,-90,-30,11,19,0.5789473684210527,-71.10744981210752,-42.98424804005284,,,6.541370766273275,20.669946410873994,,
ASN,-90,0,8,19,0.42105263157894735,-69.29349359887401,-46.157908733721165,,,4.969690491078003,14.763149672652167,,
ASN,-90,90,10,17,0.5882352941176471,178.98355106649365,29.7569677016351,,,7.417916431468772,14.592368312046915,,
ASN,-90,120,8,29,0.27586206896551724,-171.46991459274648,30.482539585168535,,,5.740007139080874,14.57193984109595,,
ASN,-90,120,10,29,0.3448275862068966,-174.78593518113135,-30.702487815988444,,,3.9304063612272166,11.187993020575222,,
ASN,-90,120,6,29,0.20689655172413793,-58.97649245846122,-29.456857371245185,,,29.511096738151622,19.03972170141205,,
ASN,-90,150,8,11,0.7272727272727273,-65.5905579517405,-40.92375531742682,,,4.504016025183046,19.328884163920304,,
ASN,-60,-60,14,24,0.5833333333333334,-69.95157785736532,-29.65276123228808,,,6.599654252116172,10.98353634972198,,
ASN,-60,-30,10,99,0.10101010101010101,80.30637669385271,79.35416542180238,,,6.19128840989523,11.404772671921567,,
ASN,-60,-30,19,99,0.1919191919191919,-172.5025764591866,45.26136102924016,,,7.900055754717193,14.90826933367992,,
ASN,-60,-30,5,99,0.050505050505050504,-179.71417969444448,-89.88674933919538,,,19.72468323005642,10.07865236126915,,
ASN,-60,-30,14,99,0.1414141414141414,-71.2653439555955,23.40047067823997,,,9.644179768805714,25.129752392377352,,
ASN,-60,-30,42,99,0.42424242424242425,-70.34227386460171,-32.17261746920564,,,7.382001911273928,15.944570921110513,,
ASN,-60,0,5,7,0.7142857142857143,-69.99561713782197,-25.102535532966986,,,10.705989271755621,16.235108265782138,,
ASN,60,30,11,17,0.6470588235294118,-70.5345146120166,-28.65050796946067,,,10.406197802469856,14.974897972380537,,
HIS,-150,150,5,12,0.4166666666666667,64.74576334576636,-86.81352363666895,,,2.3917967929383477,7.4261766003578495,,
HIS,-120,150,6,12,0.5,-64.12556889139667,-92.22112263868888,,,7.481575683304125,9.340640678760334,,
HIS,-90,120,6,17,0.35294117647058826,-63.853439131699986,-67.0248767883941,,,3.2431192446510835,22.74280859367619,,
HIS,-60,-60,6,15,0.4,-179.9827227678626,72.95115144632042,,,4.579723226017391,6.742549531183503,,
HIS,-60,-30,5,54,0.09259259259259259,74.36965864399916,-76.75174271564867,,,8.18686243908947,11.753672771534921,,
HIS,-60,-30,6,54,0.1111111111111111,171.15997219049177,84.67079856308112,,,5.354515787163337,10.020552842458534,,
HIS,-60,-30,6,54,0.1111111111111111,178.39386667214393,-133.33910810394045,,,6.492591792173607,10.664489336592043,,
HIS,-60,-30,6,54,0.1111111111111111,-167.37231572430397,-96.51157019897691,,,8.842567733595533,11.113834043981264,,
HIS,-60,-30,5,54,0.09259259259259259,-72.10898795340007,95.23096612619779,,,5.652564312899894,13.37963198452444,,
HIS,-60,-30,6,54,0.1111111111111111,-67.83360640924593,161.63606792564374,,,3.133281859214742,6.545675215753736,,
HIS,-60,-30,15,54,0.2777777777777778,-65.49155647641838,-53.5281772117651,,,12.217203520668722,20.712706161081343,,
HIS,-60,120,6,16,0.375,-168.69446202792702,-73.83228375609448,,,2.7642039931419737,4.953243781176594,,
LEU,-150,120,6,8,0.75,-171.65406933349976,60.11005572738108,,,13.304801760064743,7.334290251590997,,
LEU,-150,150,8,13,0.6153846153846154,-63.92897987299037,162.21092353074195,,,5.61999846238093,13.885610101037837,,
LEU,-120,-30,5,5,1.0,-62.26548843992986,177.33812281802673,,,3.7293190705653716,6.2780791418192345,,
LEU,-120,120,7,16,0.4375,-166.38929616185172,57.4710071616644,,,11.456254572717526,8.976930470190306,,
LEU,-120,120,6,16,0.375,-59.53603589449436,174.33938366472614,,,8.304158925751096,5.144932072101345,,
LEU,-120,150,18,24,0.75,-58.19666371918321,170.05126397797642,,,4.799542233301786,6.594179655733382,,
LEU,-90,-180,5,8,0.625,-51.85671361409517,177.27682594203586,,,8.76314176745403,5.065276816696664,,
LEU,-90,-30,7,34,0.20588235294117646,-175.35776841680874,63.917705292189915,,,6.516565628687747,8.02106803898969,,
LEU,-90,-30,5,34,0.14705882352941177,-88.50548388185688,31.646191984407785,,,10.212357444776917,15.110671884299657,,
LEU,-90,-30,20,34,0.5882352941176471,-63.66913917773432,173.33622885368223,,,3.633020898014446,5.025810697883786,,
LEU,-90,0,14,18,0.7777777777777778,-66.11612844709664,172.42068865905134,,,8.193379703469908,7.269817441580089,,
LEU,-90,120,7,22,0.3181818181818182,178.8588271724801,57.33676140538752,,,9.325713213900638,5.86272951577102,,
LEU,-90,120,7,22,0.3181818181818182,-64.87321750356317,173.4677454777092,,,8.84841493321402,3.5387596709093816,,
LEU,-90,150,16,24,0.6666666666666666,-63.63703184138667,173.89938865616523,,,4.986989008290508,5.006819376847033,,
LEU,-60,-60,20,33,0.6060606060606061,178.9010584129894,62.38887768218696,,,6.054197735252918,7.434831946588018,,
LEU,-60,-60,10,33,0.30303030303030304,-70.30156373161275,172.32401981345276,,,3.00729643929758,4.032562006271759,,
LEU,-60,-30,32,90,0.35555555555555557,-179.76263266327487,62.51585025173186,,,6.409136283622022,6.79012568425528,,
LEU,-60,-30,6,90,0.06666666666666667,-99.12398863485205,38.68171261002498,,,6.665047669493692,12.008146645883473,,
LEU,-60,-30,47,90,0.5222222222222223,-70.42952198253782,175.91633826949138,,,6.4655880287557155,8.401073380183863,,
LEU,-60,120,7,13,0.5384615384615384,-174.93405603521919,62.53356266945912,,,6.418475577577719,5.7721273439792125,,
LEU,-60,150,22,32,0.6875,-62.548960861920875,-176.6659522558273,,,5.72301275231043,9.468251602003258,,
ILE,-120,0,7,8,0.875,58.239818067728535,167.3063114721949,,,6.182854948236163,13.14949507518222,,
ILE,-120,90,5,6,0.8333333333333334,-53.199742494279235,177.17497349465174,,,3.0126915117736974,5.446795710326325,,
ILE,-120,120,23,34,0.6764705882352942,-54.317024919359284,177.05972413633106,,,4.887931332715724,7.6253329827061815,,
ILE,-120,120,7,34,0.20588235294117646,-57.628798377148144,-56.56776368301005,,,7.133361306800271,8.896090435000579,,
ILE,-120,150,8,19,0.42105263157894735,-58.096761004024145,175.712355173531,,,8.57065577086762,5.308723457071123,,
ILE,-90,-60,5,9,0.5555555555555556,-55.66768186826936,-51.24693669517038,,,2.0367455956781018,4.231674304939923,,
ILE,-90,-30,7,15,0.4666666666666667,-61.982970661404536,173.08997627587965,,,13.43656918341384,8.656497824122203,,
ILE,-90,0,5,5,1.0,63.48676696310769,171.793718557656,,,3.185784601923489,5.522258415910168,,
ILE,-90,120,5,40,0.125,-77.75899913835936,75.21307556134309,,,10.475520039957132,10.03369557016746,,
ILE,-90,120,23,40,0.575,-59.37010428685812,170.32326945646022,,,5.990329305480446,7.217726194990828,,
ILE,-90,120,12,40,0.3,-61.59085350386309,-57.76363990387927,,,4.570131805200395,13.56394751148409,,
ILE,-60,-60,27,41,0.6585365853658537,-66.73025894940618,170.7742968933849,,,4.626604543172522,7.733240800891884,,
ILE,-60,-60,10,41,0.24390243902439024,-60.90911424778092,-57.62368300352379,,,10.29666607120286,10.3546799203182,,
ILE,-60,-30,5,68,0.07352941176470588,-168.70648042669615,64.64460991860396,,,5.567019972076023,2.9554724230095415,,
ILE,-60,-30,10,68,0.14705882352941177,-166.99847281411866,169.98881358481796,,,4.212831262219825,5.552018286860569,,
ILE,-60,-30,36,68,0.5294117647058824,-68.75803596499007,172.30961778893547,,,6.22442636892336,7.859835296586829,,
ILE,-60,-30,13,68,0.19117647058823528,-62.603542795364675,-61.57371122316992,,,3.683847029273685,9.787956581448226,,
ILE,-60,120,9,10,0.9,-65.2348612848551,175.84993798105788,,,4.784597087485572,5.762503182963375,,
PHE,-150,150,7,16,0.4375,-60.628300320516175,-84.7778170813087,,,4.6451407087712715,4.398537877785265,,
PHE,-120,0,5,10,0.5,-67.05506686355817,-75.55613160774713,,,4.442254412580117,11.559469128071914,,
PHE,-120,120,11,18,0.6111111111111112,-62.14673191482959,-79.68638514331732,,,4.476049648124056,7.78985541022556,,
PHE,-120,150,10,23,0.43478260869565216,-63.83045606117134,81.54459056533778,,,5.369660700646386,4.4630798326102985,,
PHE,-120,150,7,23,0.30434782608695654,-64.03208170762328,-75.5386424010047,,,5.830820341769565,5.969515441036607,,
PHE,-90,-30,5,11,0.45454545454545453,-88.58707948097495,26.203554738579257,,,13.236320603565682,24.674613152034276,,
PHE,-90,-30,5,11,0.45454545454545453,-73.2490159282615,-73.37063904402125,,,4.705292074344642,3.8401177830209465,,
PHE,-90,0,5,9,0.5555555555555556,-56.588383618366066,-69.70391935533614,,,14.857554798775531,16.822346807509827,,
PHE,-90,120,9,24,0.375,175.80970708601328,74.07736860450704,,,4.039742003941198,6.379615478774082,,
PHE,-90,120,8,24,0.3333333333333333,-65.90064914162879,-44.30639335162294,,,7.637069506949752,27.745497275352395,,
PHE,-90,150,5,9,0.5555555555555556,-60.07548089002353,-64.63007691893552,,,7.584057982510884,18.468140334060482,,
PHE,-60,-60,24,29,0.8275862068965517,178.84730042616198,73.06254843784316,,,4.941955356499387,7.025131600994342,,
PHE,-60,-30,14,51,0.27450980392156865,-174.534395648619,68.14124366954145,,,7.869656371848055,9.531137448306325,,
PHE,-60,-30,28,51,0.5490196078431373,-70.35245091063976,-62.70618255229127,,,8.326522176322966,17.354152449195535,,
PHE,-60,120,6,12,0.5,177.52883452587824,78.51020172220757,,,5.127934978438686,10.6939076226845,,
PHE,-60,150,7,13,0.5384615384615384,-64.59307797757229,-47.01168000039466,,,4.4085650277568975,28.240123727687706,,
PRO,-90,-180,7,9,0.7777777777777778,35.20659580583001,-38.58534989084415,,,3.26359807547646,7.168594598331699,,
PRO,-90,0,7,10,0.7,33.5236709011573,-38.326166962233216,,,2.74347787359923,3.619793544816745,,
PRO,-90,150,14,19,0.7368421052631579,31.572780456579817,-33.09140177315159,,,2.8510050074005036,4.893534670586492,,
PRO,-60,-180,8,16,0.5,31.57076644859838,-38.75072731467985,,,3.631880938393466,5.049390864766421,,
PRO,-60,-180,8,16,0.5,-19.82256881295933,33.09278792776249,,,6.214656848829905,5.148161982648947,,
PRO,-60,-60,12,12,1.0,-31.876203559438824,40.658739382756714,,,3.250657602730632,5.121449266414451,,
PRO,-60,-30,28,93,0.3010752688172043,24.554034772162574,-35.16918954204295,,,3.8301060777251235,3.420017845345264,,
PRO,-60,-30,65,93,0.6989247311827957,-26.86272267613964,37.342787245033264,,,4.282704565397113,4.176162693946057,,
PRO,-60,0,10,13,0.7692307692307693,22.672516506728805,-34.694521316748286,,,5.196903562817003,3.251484132839842,,
PRO,-60,120,14,29,0.4827586206896552,23.06798432055221,-32.3676618681031,,,7.216320280120679,6.626289657412666,,
PRO,-60,120,14,29,0.4827586206896552,-28.70405944863023,40.41425272644243,,,4.82550772412742,4.879552938762393,,
PRO,-60,150,30,84,0.35714285714285715,25.73669360910845,-35.968114468522856,,,4.173142923203001,4.048014719642006,,
PRO,-60,150,51,84,0.6071428571428571,-23.029904903259386,33.91413518029617,,,3.8008028789725614,4.41129410237579,,
TRP,-150,150,5,8,0.625,65.27854766395757,-89.5541249954327,,,4.175845692670403,3.7488261102509712,,
TYR,-150,150,6,20,0.3,59.846170673008196,84.20037339743783,,,7.067174780982172,2.354658590630636,,
TYR,-150,150,7,20,0.35,59.06511609915466,-82.31367751870994,,,4.265993880983245,3.663544304851117,,
TYR,-120,-30,6,8,0.75,-56.788809939377394,-61.3668914358718,,,4.606998313424118,6.08740804153361,,
TYR,-120,30,6,7,0.8571428571428571,-60.03027437560569,-66.07611664939124,,,7.89376488650529,8.995894811993884,,
TYR,-120,120,5,14,0.35714285714285715,170.47954995947987,72.02903093743237,,,6.635848734865868,11.54178479234696,,
TYR,-120,150,9,29,0.3103448275862069,-56.14508647322559,85.47696798044323,,,1.4035572976979658,3.2579733623896936,,
TYR,-120,150,17,29,0.5862068965517241,-63.948220281082364,-80.55836217731179,,,5.685647593687264,4.811870081898628,,
TYR,-90,-30,11,15,0.7333333333333333,-60.241430951484645,-69.3830401424413,,,7.330171517407535,8.991412100979643,,
TYR,-90,0,6,10,0.6,-60.63862690342714,-76.3023653943872,,,4.909508827411867,21.147542686360847,,
TYR,-90,120,5,17,0.29411764705882354,179.95478742252774,73.48885086620774,,,4.62338275152108,7.077406063169297,,
TYR,-90,120,7,17,0.4117647058823529,-74.89441404229964,-77.86655805497044,,,7.734125251803411,6.816328168004077,,
TYR,-90,150,16,24,0.6666666666666666,-67.69176812255272,-70.70543350071017,,,7.15358207037664,8.220196194350722,,
TYR,-60,-60,26,49,0.5306122448979592,178.03957880655176,79.19111546012422,,,5.609161971851394,6.743079705885552,,
TYR,-60,-60,10,49,0.20408163265306123,-176.26995694859937,-83.08793490701358,,,5.942605764188447,4.070772223813291,,
TYR,-60,-60,9,49,0.1836734693877551,-82.78827719453449,-66.75781505453584,,,12.003264287952028,13.450733477220439,,
TYR,-60,-30,30,63,0.47619047619047616,-178.98105712962746,68.69971276565357,,,4.535473702231114,15.059107324459086,,
TYR,-60,-30,24,63,0.38095238095238093,-69.45878775477166,-63.32580048526363,,,9.533036268409894,21.37317391364606,,
TYR,-60,120,8,14,0.5714285714285714,-178.22694594696455,64.14890504651201,,,4.344196417674073,8.855316122759763,,
TYR,60,30,5,6,0.8333333333333334,-62.088949449705865,-64.97031444544925,,,11.66952501575177,2.857229936260324,,
CYS,-90,120,6,6,1.0,-177.52101173517616,,,,3.820544479304215,,,
CYS,-60,-30,5,11,0.45454545454545453,-71.04281969039663,,,,15.28742631101759,,,
CYS,-60,120,8,8,1.0,-178.4122445623248,,,,3.3867167711716264,,,
SER,-150,-180,12,14,0.8571428571428571,67.01214683485712,,,,7.742961469640726,,,
SER,-150,150,17,25,0.68,66.5697655292031,,,,9.943318263885944,,,
SER,-150,150,6,25,0.24,173.58589110706166,,,,11.19000294831585,,,
SER,-120,-180,6,9,0.6666666666666666,67.63365821682392,,,,3.6927116132889752,,,
SER,-120,0,5,7,0.7142857142857143,61.402079981211386,,,,7.383163251748781,,,
SER,-120,150,8,16,0.5,69.20851328187246,,,,3.9428317122231697,,,
SER,-120,150,7,16,0.4375,168.42700569775658,,,,5.851480516016214,,,
SER,-90,-180,5,6,0.8333333333333334,62.1575671444777,,,,7.258597326379684,,,
SER,-90,-30,12,21,0.5714285714285714,68.3861708464997,,,,9.925749573451464,,,
SER,-90,-30,7,21,0.3333333333333333,-67.71094773067367,,,,8.16279652392587,,,
SER,-90,0,15,22,0.6818181818181818,64.47491216945252,,,,9.954147695017271,,,
SER,-90,0,7,22,0.3181818181818182,-61.5671724042473,,,,23.87606791763142,,,
SER,-90,120,5,11,0.45454545454545453,167.9138636586012,,,,11.295404350841402,,,
SER,-90,120,6,11,0.5454545454545454,-48.049148385638,,,,26.527346611697798,,,
SER,-90,150,12,30,0.4,68.77247853189094,,,,5.736508135740317,,,
SER,-90,150,7,30,0.23333333333333334,174.54351590549308,,,,5.510134151790271,,,
SER,-90,150,11,30,0.36666666666666664,-56.61345446181442,,,,11.15342454840801,,,
SER,-60,-180,6,7,0.8571428571428571,67.02113795107086,,,,4.584692172509721,,,
SER,-60,-60,7,39,0.1794871794871795,55.343741570005974,,,,7.436708213600522,,,
SER,-60,-60,17,39,0.4358974358974359,-178.44765794010817,,,,9.268349120169656,,,
SER,-60,-60,15,39,0.38461538461538464,-68.65628867896939,,,,10.348116765331643,,,
SER,-60,-30,60,121,0.49586776859504134,65.83301646687421,,,,7.223528770283172,,,
SER,-60,-30,21,121,0.17355371900826447,-177.51058321717122,,,,10.21141891514364,,,
SER,-60,-30,40,121,0.3305785123966942,-63.91571742121045,,,,8.969945410561293,,,
SER,-60,0,13,13,1.0,67.06221085200615,,,,11.447582268359792,,,
SER,-60,120,11,16,0.6875,175.9271249923582,,,,5.487028645323406,,,
SER,-60,120,5,16,0.3125,-67.6001558783176,,,,19.01454599160976,,,
SER,-60,150,19,53,0.3584905660377358,66.13729496427187,,,,10.107949556682655,,,
SER,-60,150,21,53,0.39622641509433965,174.58392129170872,,,,10.768713567724788,,,
SER,-60,150,13,53,0.24528301886792453,-51.32903623053997,,,,13.273714438608721,,,
SER,60,30,5,6,0.8333333333333334,-66.75661750407791,,,,8.95924527967082,,,
THR,-150,-180,9,13,0.6923076923076923,65.4011347953936,,,,4.224977054969442,,,
THR,-150,150,8,21,0.38095238095238093,68.28136809561886,,,,6.9886539841265884,,,
THR,-150,150,9,21,0.42857142857142855,-174.05869725125754,,,,10.091981215047666,,,
THR,-120,-180,9,11,0.8181818181818182,64.53559719862734,,,,9.487819733807411,,,
THR,-120,0,9,11,0.8181818181818182,60.8257141726432,,,,8.922581697802338,,,
THR,-120,120,13,18,0.7222222222222222,-60.04398784948245,,,,4.3647962019406386,,,
THR,-120,150,19,29,0.6551724137931034,58.831098059252206,,,,6.0015401527518195,,,
THR,-120,150,5,29,0.1724137931034483,-177.43977187197913,,,,8.671318549551975,,,
THR,-120,150,5,29,0.1724137931034483,-59.8700978985379,,,,7.859458174996612,,,
THR,-90,-180,18,19,0.9473684210526315,61.62605011595474,,,,5.9152519033727,,,
THR,-90,-30,16,20,0.8,59.260516479963535,,,,13.57586245798673,,,
THR,-90,0,25,30,0.8333333333333334,60.57926355062555,,,,5.724210057487788,,,
THR,-90,120,10,13,0.7692307692307693,-61.53788866201005,,,,2.381402746375466,,,
THR,-90,150,17,24,0.7083333333333334,64.62381134959675,,,,6.037914284516185,,,
THR,-90,150,5,24,0.20833333333333334,-56.855532896048196,,,,4.01116255450346,,,
THR,-60,-60,32,32,1.0,-64.72434691429079,,,,5.423457492732268,,,
THR,-60,-30,30,81,0.37037037037037035,62.68939466369453,,,,10.213250792953719,,,
THR,-60,-30,6,81,0.07407407407407407,-168.1008570708384,,,,9.980179299144714,,,
THR,-60,-30,45,81,0.5555555555555556,-56.38794088154985,,,,7.230237326407219,,,
THR,-60,0,6,7,0.8571428571428571,60.209160287062204,,,,7.562725369722327,,,
THR,-60,120,11,12,0.9166666666666666,-61.65316448417499,,,,6.730873763833715,,,
THR,-60,150,7,14,0.5,57.83029927297073,,,,5.621911091552944,,,
THR,-60,150,7,14,0.5,-57.79044717861326,,,,6.729452530702431,,,
THR,-30,-60,5,5,1.0,-52.749738616173104,,,,7.32232708027528,,,
VAL,-150,120,5,9,0.5555555555555556,61.30935702071003,,,,9.620852207871025,,,
VAL,-150,150,5,16,0.3125,178.8322455984588,,,,7.091356813702814,,,
VAL,-150,150,9,16,0.5625,-67.87235105135468,,,,5.630616136808116,,,
VAL,-120,-180,6,6,1.0,-59.973692746698596,,,,3.6849030062034918,,,
VAL,-120,90,5,5,1.0,179.5439659230681,,,,5.865186519382748,,,
VAL,-120,120,32,39,0.8205128205128205,-179.72889933141917,,,,4.719462715696478,,,
VAL,-120,150,9,17,0.5294117647058824,170.24886136963244,,,,6.5584699285415935,,,
VAL,-120,150,8,17,0.47058823529411764,-60.29703436322748,,,,9.25076276513975,,,
VAL,-90,-30,7,11,0.6363636363636364,169.31342823447395,,,,11.771237211656295,,,
VAL,-90,120,36,38,0.9473684210526315,176.71508092903954,,,,4.608794446389911,,,
VAL,-90,150,9,14,0.6428571428571429,179.8361973475023,,,,6.777422308366448,,,
VAL,-60,-60,32,35,0.9142857142857143,173.8276339989029,,,,6.778803660091764,,,
VAL,-60,-30,13,69,0.18840579710144928,67.42472502982092,,,,7.481156824579153,,,
VAL,-60,-30,50,69,0.7246376811594203,173.5121069990292,,,,7.006933801653131,,,
VAL,-60,-30,6,69,0.08695652173913043,-66.52193671650646,,,,8.38193451956326,,,
VAL,-60,120,12,16,0.75,179.75164364441238,,,,3.9055092265649853,,,
