AA,PHI,PSI,_COUNT,COUNT,PROB,U_CHI1,U_CHI2,U_CHI3,U_CHI4,U_CHI1Sig,U_CHI2Sig,U_CHI3Sig,U_CHI4Sig
ARG,-90,150,6,31,0.1935483870967742,-65.56029445434879,-165.00336766409018,-56.238678720045094,-172.9107018147779,4.730381523183292,12.086248607582482,6.58115409080977,9.306529751528172
ARG,-60,-60,7,84,0.08333333333333333,-174.88151702037783,178.54854692765574,56.487297554555255,76.8102388848735,3.346124665518897,8.306322814775253,11.027691598843528,5.7539196501800935
ARG,-60,-60,5,84,0.05952380952380952,-175.98771482823753,170.5247893817538,67.15536849225631,178.5129850984301,10.486343599655596,19.880176160922908,5.344931180130417,24.27939333499054
ARG,-60,-60,5,84,0.05952380952380952,-174.09694271609487,-175.3784641593669,70.89183266886437,-111.23881795442627,4.978293017858616,16.521817589463208,14.79613866113829,6.447307444200292
ARG,-60,-60,6,84,0.07142857142857142,-172.80871095915788,178.70646602332076,153.4945560736732,84.25833899249405,5.4311220143628365,9.323859009491969,9.401576649502566,10.636658207545974
ARG,-60,-60,9,84,0.10714285714285714,-178.7608324885849,179.457875822074,175.08374762680972,-90.7622818878642,5.309322818611963,10.942429314704713,13.242623090469195,15.100208288903952
ARG,-60,-60,7,84,0.08333333333333333,-166.68607012237564,-174.5414738299226,-57.15805724727547,146.41627868101324,17.50520624399804,12.801445007049528,8.401334717412041,16.827890927057403
ARG,-60,-60,5,84,0.05952380952380952,-71.43670388841366,-159.5003672628047,-63.139768752431955,-83.84458582540135,9.803319724162405,4.241356144249227,9.62955233550187,13.025374215981502
ARG,-60,-60,5,84,0.05952380952380952,-1.454392565524818,-1.5752978791901175,-1.3259339711893885,-1.5764538697689492,13.254436501833082,10.770197497341337,7.693809586246186,11.822965549869062
ARG,-60,-30,9,216,0.041666666666666664,179.68637930148643,-179.6903468123818,65.80096512780717,80.72768284972297,7.791534720843285,4.521580043380969,8.759178484436106,6.936451252948402
ARG,-60,-30,7,216,0.032407407407407406,164.7785086910236,-179.5894259542066,-178.93567555478947,-178.0155470311113,16.869175545210904,9.247875551739984,5.612451130469945,9.513732427214938
ARG,-60,-30,6,216,0.027777777777777776,-171.92382391710032,-172.19497507724662,-59.211703783935,-85.39735253363234,10.019284689429238,6.719114129386227,3.687827273832485,6.847058010648528
ARG,-60,-30,10,216,0.046296296296296294,-74.01527066973335,175.67048180704145,62.338134338952095,80.22736934168607,5.2212800918954985,10.542279813825319,12.92273703013206,6.814379712511454
ARG,-60,-30,12,216,0.05555555555555555,-68.15327028758823,173.91625876947018,62.709290887319206,-159.78570482932733,5.396832446989421,10.495969692647492,5.750230099133234,23.030495162888467
ARG,-60,-30,14,216,0.06481481481481481,-68.42114834042022,-171.9283243864784,-172.9527088846766,93.14335681580992,8.648993691641484,13.281164357775713,8.80426917661957,12.983099012710431
ARG,-60,-30,30,216,0.1388888888888889,-72.28161073286053,-178.87034331157193,-177.07046384290956,179.0427137480046,8.701906821875781,9.381607251609624,16.45348042410216,19.282451989260245
ARG,-60,-30,9,216,0.041666666666666664,-71.27712299382894,179.09193998381946,-168.43012072650907,-84.77264482928861,10.90919396617322,6.0913084239836826,11.402949437188468,7.699122767133625
ARG,-60,-30,6,216,0.027777777777777776,-76.38579918516126,-169.3135108047691,-85.00672493198033,104.65474453380115,12.748714436129653,3.8446526509241954,5.772638884660531,4.922444987587962
ARG,-60,-30,16,216,0.07407407407407407,-74.51203877212478,169.96138920879827,-69.62445295640596,173.78365728919974,11.779762928628061,12.170467536540087,9.67560517427407,12.117281202482937
ARG,-60,-30,18,216,0.08333333333333333,-73.42086969124915,-166.0148420197918,-64.4725954194036,-83.83686025160073,9.299153911707918,3.4679902564128713,6.6314667619619625,8.614451450074737
ARG,-60,-30,6,216,0.027777777777777776,-71.41556885695525,-63.9340236589076,-175.74293729020297,-160.33544458674785,16.38365576753309,6.808221418414779,10.7419219405238,13.533129963574146
ARG,-60,-30,10,216,0.046296296296296294,-1.5682836741154011,-1.5843098391233437,-2.5407131408911594,-1.6457560852206181,10.537087437445836,10.679936833934871,9.541880485743459,12.999678142686497
ARG,0,0,177,177,1.0,0.0,0.0,0.0,0.0,0.0,0.0,0.0,0.0
LYS,-90,-30,5,31,0.16129032258064516,-74.18876885058467,-178.42666874653202,175.10442041710184,-174.48209893536205,9.497010414248114,14.459069883487514,4.021984475632562,3.2874069123210017
LYS,-90,0,5,20,0.25,-61.49321073721427,-171.79307064838346,176.50840957928,-179.16853584242514,7.324849208995379,18.769235493890502,12.222945602756344,12.652791202254457
LYS,-60,-60,6,59,0.1016949152542373,177.39306276811146,-171.59173304096706,69.8099734655627,173.90228360271752,8.146366270434527,6.894864475837263,8.006343094992028,9.384380736001049
LYS,-60,-60,5,59,0.0847457627118644,-173.31265879689602,-176.28742380310143,175.1337487812933,68.62659207315966,4.9831214302478095,3.8496391965317387,10.491783686976706,3.4037597112056224
LYS,-60,-60,11,59,0.1864406779661017,-176.25882746970828,175.74400236748144,-178.853796135327,177.39357038126263,8.669934860002446,11.749028801859028,9.933917457497696,7.8084223240425965
LYS,-60,-60,5,59,0.0847457627118644,-178.37584753297062,177.9998326135807,-177.6118280691634,-74.90218299576213,8.034434587187883,9.506935180747584,7.201338703147263,5.52334499215316
LYS,-60,-60,5,59,0.0847457627118644,-77.8062411495295,164.73233672450604,62.9491684771256,-175.43506799512053,7.680853158956839,14.872068268128542,13.274520870625865,11.96758179432268
LYS,-60,-60,5,59,0.0847457627118644,-69.41111403154551,173.53102978087668,-170.51106160410222,178.55413885076814,9.038407733659533,6.433176145551773,5.323319926876457,6.633330597573217
LYS,-60,-60,5,59,0.0847457627118644,-17.406257563806527,-1.441381761433037,-1.5833865651777257,-1.5770952301712826,29.58091303197009,13.337742534702166,11.36442321105734,11.80049002498754
LYS,-60,-30,5,188,0.026595744680851064,67.18272432877578,-178.93935612846616,-167.87841544531574,-177.41841791733262,4.947738381369165,11.058042281660134,17.08982338989333,12.02819599794346
LYS,-60,-30,5,188,0.026595744680851064,-172.04347459670362,65.09741927912394,-177.03916891905038,172.40319912468155,7.540606952995644,8.863050612652662,4.330828922193846,2.937599047253594
LYS,-60,-30,20,188,0.10638297872340426,-177.71160226502573,174.49704075587,-178.40581397986148,-179.37120839535743,4.948535640183877,8.656670447359147,5.998992670579085,12.311119267959658
LYS,-60,-30,7,188,0.03723404255319149,-178.46102154283508,170.15800035154533,172.78669136302574,-72.21413752169651,5.2655923972863645,14.515800959134175,10.226376452369697,9.397460976334742
LYS,-60,-30,6,188,0.031914893617021274,-168.32191363871885,173.0561353950062,-75.99854987448124,-176.9534901964476,13.190457950188405,14.635113093222332,10.00450493477535,9.845658846953095
LYS,-60,-30,6,188,0.031914893617021274,-169.704489987011,-173.1059270646898,-61.33471803741796,-68.76763745119744,8.231546247783678,12.798670162437263,21.091131350318587,16.218216176129072
LYS,-60,-30,5,188,0.026595744680851064,-88.85594790892767,93.99136156114987,-164.24577882160182,166.98604413414859,3.385864429052163,19.79601692357777,26.197858929961697,20.52244208838034
LYS,-60,-30,7,188,0.03723404255319149,-54.903667086565015,-178.8441304671049,75.06338330495554,175.00808182563296,9.793364447198668,8.705542742083372,13.130510948951446,25.579986787316557
LYS,-60,-30,5,188,0.026595744680851064,-68.72436506284119,-175.507187580461,177.87051499540178,66.24557961512859,2.4311789069671628,3.0385143804904606,5.353837286417953,3.980611528894069
LYS,-60,-30,44,188,0.23404255319148937,-71.45121212564867,178.34445850647208,-178.31966699542878,-178.22794085375978,6.982908806017885,8.91007142835008,9.46070195775466,6.544034129582812
LYS,-60,-30,7,188,0.03723404255319149,-62.14640406353937,-168.7154618928676,179.42168537548753,-68.68844083331203,7.816697569765399,7.03208992693561,4.725799435043213,18.02110472080318
LYS,-60,-30,8,188,0.0425531914893617,-59.43570799873987,-60.03661065146852,-176.34039834853087,179.20879931501872,7.248699160216543,15.105775838603495,7.122143254203034,11.191592711275531
LYS,-60,-30,14,188,0.07446808510638298,-0.004771276450198708,0.0,0.0,0.0,0.625629963253996,0.0,0.0,0.0
LYS,0,0,178,178,1.0,0.0,0.0,0.0,0.0,0.0,0.0,0.0,0.0
GLU,-90,150,5,12,0.4166666666666667,-61.9142535121788,-178.86238443031692,-19.55670435768164,,9.775046924568873,14.269074219967422,12.533029043646781,
GLU,-60,-60,5,33,0.15151515151515152,175.96061063169367,179.79874057723964,53.69454335070167,,7.755545514963713,13.062009372839022,27.2725578044027,
GLU,-60,-60,5,33,0.15151515151515152,-85.8794055686843,-176.64456308219408,47.541830932023686,,14.834424010090618,7.880351652561372,21.324069358850874,
GLU,-60,-60,6,33,0.18181818181818182,-74.74262750549677,-57.46056990890809,-63.57640714438496,,12.82878318863369,10.645543691019284,19.894523316376404,
GLU,-60,-30,7,98,0.07142857142857142,58.38471099488111,-86.34863990600228,48.14287468221245,,9.908739947097397,3.6785161826181767,15.946948476592036,
GLU,-60,-30,7,98,0.07142857142857142,-170.06050647284061,68.90568131018244,27.989141996320775,,14.723299205674685,8.34460358853171,19.286303072199072,
GLU,-60,-30,12,98,0.12244897959183673,-172.47206112028323,171.76209835862494,30.191147261194242,,7.2658191130508385,11.414376196257486,20.51454500916149,
GLU,-60,-30,9,98,0.09183673469387756,-179.42043414799988,179.2330869017272,-55.88593751367259,,8.931876859382935,13.687706994468263,14.643445343248567,
GLU,-60,-30,10,98,0.10204081632653061,-64.84297917274328,90.8567309726775,-24.68273366346007,,6.3312541587323,5.95225369860769,16.27769946154053,
GLU,-60,-30,13,98,0.1326530612244898,-71.31098135188506,-175.54245566592098,18.254741465717306,,10.157803627008143,13.074836265227376,14.452432385175555,
GLU,-60,-30,8,98,0.08163265306122448,-70.47805203199074,177.050210607878,-21.837688355160395,,7.026938578208406,5.44549258354833,9.954502247806051,
GLU,-60,-30,23,98,0.23469387755102042,-65.33453580837104,-51.718237736265756,-40.370502021127756,,23.574094083804294,19.661526558169097,21.468693147890484,
GLU,0,0,71,71,1.0,0.0,0.0,0.0,,0.0,0.0,0.0,
GLN,-60,-60,5,34,0.14705882352941177,-176.4921184038243,54.592257152426356,42.387821521216644,,12.39886837355746,8.114783111624927,8.264715512748062,
GLN,-60,-60,6,34,0.17647058823529413,-66.14812836573608,-166.24109397248156,-47.217220300082275,,10.906884678195151,9.105551508769432,26.925623751825338,
GLN,-60,-30,8,106,0.07547169811320754,-176.45552960441862,61.426645765633424,33.87473523072877,,5.944997906443236,7.237367136464787,20.552488996906714,
GLN,-60,-30,8,106,0.07547169811320754,-178.8983916533621,178.56263020284607,44.6985553253854,,10.245796971245205,7.790031887080675,19.827721552777746,
GLN,-60,-30,8,106,0.07547169811320754,-163.90706654154087,-168.50466852885424,-44.86253368398953,,9.74385683648008,12.557644977875178,31.256032468737953,
GLN,-60,-30,29,106,0.27358490566037735,-70.19833860790473,-176.54369530086035,50.615196489199676,,6.891124126977904,10.87524711001633,18.27521035130024,
GLN,-60,-30,6,106,0.05660377358490566,-67.98754229484105,-72.67346901928043,106.56983830586542,,6.613028429155216,21.417292422391757,9.153507848145146,
GLN,-60,-30,17,106,0.16037735849056603,-60.649477944992974,-50.68772723115441,-44.02658988266323,,9.504259447289453,11.513678829451758,11.265895229228823,
GLN,0,0,60,60,1.0,0.0,0.0,0.0,,0.0,0.0,0.0,
MET,-60,-30,7,37,0.1891891891891892,-75.67408152885652,-171.41719649496125,-61.42078535562926,,6.431544905731819,5.421999685039765,21.24009858526456,
MET,-60,-30,7,37,0.1891891891891892,-64.73802897850958,-48.62962934534238,-62.02079115208734,,7.811615978359143,18.710250828070155,26.597555999871386,
MET,0,0,16,16,1.0,0.0,0.0,0.0,,0.0,0.0,0.0,
ASP,-150,150,6,11,0.5454545454545454,-174.38296797586315,44.53503162815459,,,6.374233912685951,17.894540966723216,,
ASP,-120,120,9,17,0.5294117647058824,-64.91660625317368,-32.09687485503328,,,8.52724603488281,18.609530581106227,,
ASP,-90,-30,6,11,0.5454545454545454,-54.68023747793743,-40.586332716672494,,,11.632196176758294,18.090894578093174,,
ASP,-90,0,8,17,0.47058823529411764,57.41991176719271,18.880004389452957,,,4.397939552551326,16.485183743395613,,
ASP,-90,120,5,11,0.45454545454545453,-172.85315681118618,-17.95107753495591,,,7.046726654666547,10.556996063415491,,
ASP,-90,120,5,11,0.45454545454545453,-61.06772287432227,-40.95196829894507,,,3.599842556913309,17.23313991657961,,
ASP,-60,-60,12,23,0.5217391304347826,-69.03259878409914,-17.13291360754046,,,11.529757516931971,14.039508854592935,,
ASP,-60,-30,7,57,0.12280701754385964,-171.09277726645576,52.82952277451524,,,8.929735298577555,8.182152529427649,,
ASP,-60,-30,5,57,0.08771929824561403,-66.75974352870904,19.899067002539415,,,13.032967192877923,10.977893196996673,,
ASP,-60,-30,40,57,0.7017543859649122,-70.66117981282578,-23.867356819918392,,,7.657484803179276,12.259010517606985,,
ASP,-60,120,5,10,0.5,-175.1449975397444,-25.46712381669073,,,4.659804235013867,33.437669668667624,,
ASP,-60,150,8,22,0.36363636363636365,-79.50972379147974,16.72124013139318,,,8.250406853806965,15.13369708949671,,
ASP,-60,150,8,22,0.36363636363636365,-60.82878532354216,-20.78213781661724,,,4.663623386570278,11.562138560897965,,
ASP,0,0,71,71,1.0,0.0,0.0,,,0.0,0.0,,
ASN,-120,90,6,13,0.46153846153846156,-173.84215067775085,12.649966810816135,,,5.271865282412675,12.477013016455349,,
ASN,-120,90,5,13,0.38461538461538464,-174.05983980374418,-13.991055037230343,,,4.313275691690046,6.710940535202405,,
ASN,-120,120,6,10,0.6,-172.28651412122457,-52.003387965530145,,,4.01384954116008,15.680899864389685,,
ASN,-90,-30,10,12,0.8333333333333334,-71.28433606910711,-39.13249929198455,,,7.206859236292356,13.448968592561286,,
ASN,-90,0,12,22,0.5454545454545454,-67.66636131525837,-30.32512479277261,,,13.85930004369146,11.848622165127631,,
ASN,-90,90,5,12,0.4166666666666667,-172.71023221633666,15.801713841062465,,,9.988802332919066,12.861607118895352,,
ASN,-90,120,5,26,0.19230769230769232,179.88758287363166,28.98559886097806,,,12.332850395813846,17.272137442921615,,
ASN,-90,120,10,26,0.38461538461538464,-175.28571404702984,-28.223969656764154,,,3.220812420605744,18.765013755876474,,
ASN,-60,-60,5,23,0.21739130434782608,-175.04674457669702,-99.89110698267488,,,7.361726732449255,10.971711734117575,,
ASN,-60,-60,9,23,0.391304347826087,-72.455245021236,-20.1949118026804,,,2.4799762504643277,2.28178338227285,,
ASN,-60,-30,9,81,0.1111111111111111,78.535469011264,86.37690760229525,,,4.2961096237090635,10.160766649061049,,
ASN,-60,-30,14,81,0.1728395061728395,-165.62125345772378,40.24508763531686,,,9.604708066944914,15.699339704423798,,
ASN,-60,-30,8,81,0.09876543209876543,-79.58257253359707,75.43429865843383,,,11.415654012185225,28.082950623826896,,
ASN,-60,-30,5,81,0.06172839506172839,-71.483128879977,161.47681706374206,,,5.247034097275138,7.3713584907566565,,
ASN,-60,-30,38,81,0.4691358024691358,-73.02073545344174,-26.61796542244868,,,8.86357788398938,15.882958380237598,,
ASN,0,0,66,66,1.0,0.0,0.0,,,0.0,0.0,,
ASN,60,30,7,14,0.5,-156.22710069074827,38.279612952498375,,,9.176658085773674,4.280684514374899,,
HIS,-90,120,5,13,0.38461538461538464,-174.05253149666154,56.73789122424848,,,4.032476784182062,27.97226902708414,,
HIS,-60,-60,6,15,0.4,179.82177601808814,70.75211264783115,,,5.881294176281243,13.827469237399363,,
HIS,-60,-30,5,51,0.09803921568627451,54.85505707939705,82.47965908029542,,,3.8210814620234346,2.652176183579038,,
HIS,-60,-30,6,51,0.11764705882352941,63.89275165900718,-128.8846747118187,,,0.8509489005154429,1.8219953262465713,,
HIS,-60,-30,10,51,0.19607843137254902,71.76229529937058,-76.99923228318356,,,8.94115292155765,4.1830220312441995,,
HIS,-60,-30,7,51,0.13725490196078433,174.50714884384325,-99.39306495600002,,,4.254327214201383,5.845519322540771,,
HIS,-60,-30,6,51,0.11764705882352941,-68.63984154058727,168.77570106360994,,,3.6388259452113876,12.441876248584176,,
HIS,-60,-30,11,51,0.21568627450980393,-71.38376817687386,-62.19963889598895,,,7.980381902688657,7.168219584854851,,
HIS,0,0,52,52,1.0,0.0,0.0,,,0.0,0.0,,
LEU,-150,150,5,9,0.5555555555555556,-68.10821601039632,170.42592648885127,,,5.3912317668885255,2.0651671606012703,,
LEU,-120,0,5,6,0.8333333333333334,-51.91611098229435,-179.10206426025846,,,16.662827399168478,4.732981159322059,,
LEU,-120,150,16,17,0.9411764705882353,-62.89604112434809,174.93384473696693,,,6.240248187154195,6.244319688175974,,
LEU,-90,-30,8,12,0.6666666666666666,-66.40352098120553,171.442370080327,,,5.584461797252214,2.1597857090632466,,
LEU,-90,0,15,21,0.7142857142857143,-62.71611503074984,178.82839546629958,,,6.724421477802949,7.585708372878615,,
LEU,-90,120,6,12,0.5,-65.89688706502976,178.3913246718105,,,7.25422523566796,4.731504494330732,,
LEU,-90,150,19,28,0.6785714285714286,-61.58409740085092,173.60996780557113,,,5.660458752327216,8.565787448035111,,
LEU,-60,-60,13,23,0.5652173913043478,179.22194235251513,62.45867856907297,,,5.619484085080795,4.439939969941037,,
LEU,-60,-60,9,23,0.391304347826087,-66.98694467063363,176.64028087992145,,,4.112262433199641,3.0705911913737327,,
LEU,-60,-30,27,85,0.3176470588235294,-175.87344390407677,59.74555411040933,,,8.170786481558368,5.740774957941416,,
LEU,-60,-30,8,85,0.09411764705882353,-97.17310153660884,38.30334828683858,,,7.216954166072942,19.42063126236936,,
LEU,-60,-30,43,85,0.5058823529411764,-64.37666588959476,177.22976754171285,,,5.361371901004218,5.786907550460284,,
LEU,-60,0,7,8,0.875,-64.53406776227705,177.8203874539662,,,3.773647340941595,2.9470555142985613,,
LEU,-60,120,5,15,0.3333333333333333,-175.49916437580714,66.31193829874262,,,4.707553172665871,4.3767236849701465,,
LEU,-60,120,5,15,0.3333333333333333,-66.77221262468218,174.02065628072026,,,10.091442183885983,7.104635037045987,,
LEU,-60,150,12,15,0.8,-64.81163646547972,174.21387456754192,,,5.623424089194599,9.607147570209902,,
LEU,0,0,82,82,1.0,0.0,0.0,,,0.0,0.0,,
ILE,-120,-180,5,8,0.625,52.68013844434605,172.30614306354948,,,31.16383013750155,3.1486096420564724,,
ILE,-120,120,17,22,0.7727272727272727,-58.08668114523696,177.3410680193973,,,3.096197607862114,7.998043588189564,,
ILE,-120,120,5,22,0.22727272727272727,-50.82629232692386,-65.60571128062232,,,7.322359201111517,13.391253550446383,,
ILE,-120,150,6,16,0.375,58.44276588796813,169.93028391365172,,,4.594636762672251,7.840380907530291,,
ILE,-120,150,5,16,0.3125,-46.279334304897475,-56.4179943070663,,,14.826158625296054,12.101332383931869,,
ILE,-90,-30,5,6,0.8333333333333334,-68.37107339557994,-176.32354177751736,,,7.603765096265166,12.443346824644596,,
ILE,-90,120,18,24,0.75,-60.72831721551483,177.7104746156986,,,4.407542671141948,5.177864324165141,,
ILE,-60,-60,21,29,0.7241379310344828,-66.23106640191672,170.36464882113458,,,4.559737405772102,6.6116326014806,,
ILE,-60,-60,7,29,0.2413793103448276,-57.94082574876448,-60.62651394362498,,,7.8649200828600305,4.640478439507369,,
ILE,-60,-30,9,64,0.140625,-163.59928512571176,70.8533041134336,,,7.434850570713388,7.544196868051242,,
ILE,-60,-30,5,64,0.078125,-168.86350495953343,163.62853007642045,,,4.170711273380511,7.019001717736986,,
ILE,-60,-30,35,64,0.546875,-70.77473451309586,172.0543778193689,,,4.752113120065281,6.600645877932483,,
ILE,-60,-30,7,64,0.109375,-57.93011073069804,-62.87356294281305,,,14.42394732185094,9.493059424194707,,
ILE,0,0,71,71,1.0,0.0,0.0,,,0.0,0.0,,
PHE,-150,-180,8,8,1.0,68.41090521455938,-82.02094259330093,,,3.9118128552327955,4.24852691546998,,
PHE,-150,150,5,12,0.4166666666666667,66.24269494498341,-78.99650918734251,,,4.432523635297453,8.636620678269358,,
PHE,-120,-30,5,7,0.7142857142857143,-60.657263038487486,-75.24989191422019,,,4.835569308999943,9.805879563937948,,
PHE,-120,120,5,13,0.38461538461538464,-64.99920334171323,-76.13565509246446,,,11.021369413730268,7.4507161588973805,,
PHE,-120,150,5,19,0.2631578947368421,-62.04193526425422,86.92468607642,,,5.682514732425288,2.118991794931556,,
PHE,-120,150,11,19,0.5789473684210527,-62.329159686816915,-72.67901119564205,,,4.771523233803919,10.795777627593498,,
PHE,-90,0,7,13,0.5384615384615384,-67.60206474157097,-77.13735998816244,,,11.693857882526464,9.346388866018463,,
PHE,-90,120,9,15,0.6,177.85065939276657,77.67602601169651,,,5.934353491718368,9.142416062510765,,
PHE,-60,-60,12,16,0.75,-178.89226028152058,72.0857465195652,,,8.017346484150524,5.594098216173551,,
PHE,-60,-30,20,54,0.37037037037037035,179.87248081150426,76.3026849937688,,,5.847929587438827,4.501370898360486,,
PHE,-60,-30,5,54,0.09259259259259259,-87.03094719543247,57.72120936096957,,,4.852235605564011,28.73199182354265,,
PHE,-60,-30,24,54,0.4444444444444444,-69.30239700109713,-70.93138925179616,,,7.124443453964107,18.376402631288375,,
PHE,-60,150,10,15,0.6666666666666666,-66.38440497871737,-43.024294613413765,,,5.370741324178721,26.251151890201093,,
PHE,0,0,59,59,1.0,0.0,0.0,,,0.0,0.0,,
PRO,-90,-180,5,5,1.0,34.51876927129807,-39.29716652846562,,,1.6955104186666519,2.5577522332036087,,
PRO,-90,0,9,12,0.75,32.348900110693464,-39.37656002160013,,,2.44431988603534,4.000150286404173,,
PRO,-90,150,11,12,0.9166666666666666,33.31448782354329,-38.52517685160988,,,2.845588402788261,6.439641601992434,,
PRO,-60,-60,9,9,1.0,-29.175346753278212,38.09774944744603,,,5.086276257594715,4.634449662671889,,
PRO,-60,-30,30,81,0.37037037037037035,23.064357681862827,-33.46122558210315,,,4.312847289271608,4.2164699138151205,,
PRO,-60,-30,51,81,0.6296296296296297,-28.297559695546987,38.48753871274473,,,4.697594793711039,5.186081832540545,,
PRO,-60,0,7,9,0.7777777777777778,25.300893169595646,-35.54672425580927,,,4.4791225991099095,3.970685375174043,,
PRO,-60,120,6,17,0.35294117647058826,21.694094471998163,-33.112263453645774,,,3.996089597931445,1.9304453618159299,,
PRO,-60,120,10,17,0.5882352941176471,-27.732125587006234,40.956469012592756,,,4.278482279808377,4.000981455659879,,
PRO,-60,150,33,78,0.4230769230769231,24.05444626594191,-33.755108709910765,,,3.454530634486934,4.040265386899116,,
PRO,-60,150,44,78,0.5641025641025641,-24.06567479691051,35.31840435927237,,,4.961524805889374,4.850404318405813,,
PRO,0,0,70,70,1.0,0.0,0.0,,,0.0,0.0,,
TRP,-60,-60,6,7,0.8571428571428571,-178.27020727202105,86.13715657087026,,,7.398438796771351,5.766621407445582,,
TRP,0,0,16,16,1.0,0.0,0.0,,,0.0,0.0,,
TYR,-150,-180,5,7,0.7142857142857143,65.49939078725653,-77.78087792787963,,,4.873244523532005,2.7853065987821073,,
TYR,-150,150,6,12,0.5,57.23465934337614,81.16664077172486,,,6.482624635643646,1.882366302098165,,
TYR,-120,-30,7,7,1.0,-57.90625493335943,-62.85669543433613,,,3.5930258728886444,6.488797492771061,,
TYR,-120,150,5,22,0.22727272727272727,-65.7024233577267,87.12174048413608,,,5.695134342427886,2.2417434374476075,,
TYR,-120,150,15,22,0.6818181818181818,-62.73892070811697,-81.50754114482457,,,5.341057700404332,4.970787584087972,,
TYR,-90,-30,7,11,0.6363636363636364,-63.28316191013908,-63.92205536895436,,,11.551007222255171,21.12492004766846,,
TYR,-90,120,11,17,0.6470588235294118,-75.21802132265336,-73.2374058092011,,,6.852549540836537,6.740222657703514,,
TYR,-60,-60,23,39,0.5897435897435898,176.2255081101575,77.45418432866816,,,5.392037408830385,10.580164594424291,,
TYR,-60,-60,10,39,0.2564102564102564,-178.67946428056143,-87.68182001974095,,,4.984749973350491,2.0963555590326495,,
TYR,-60,-30,24,52,0.46153846153846156,-177.87688562858295,63.20187659332141,,,5.55000018200003,15.966017692013036,,
TYR,-60,-30,5,52,0.09615384615384616,-81.80274567865463,68.46903288166256,,,12.161000153794067,13.398872022849863,,
TYR,-60,-30,21,52,0.40384615384615385,-71.04255175883985,-62.94237785134627,,,7.485727992965925,11.849876755952206,,
TYR,-60,150,5,12,0.4166666666666667,175.88964318504625,79.09681470954213,,,4.950996960650288,7.9235500189785695,,
TYR,-60,150,5,12,0.4166666666666667,-69.12976227894116,-64.99840447006122,,,13.493965761280371,15.113580230632786,,
TYR,0,0,78,78,1.0,0.0,0.0,,,0.0,0.0,,
TYR,60,30,5,6,0.8333333333333334,-47.4556624854972,-69.05262732400931,,,10.573638750953526,6.900055140849299,,
CYS,-90,-180,5,5,1.0,68.14594504352492,,,,11.829063833706948,,,
CYS,-90,120,9,10,0.9,-176.51231795693897,,,,2.5467846477729217,,,
CYS,-60,-30,6,13,0.46153846153846156,-65.57900167161378,,,,11.668169465241235,,,
CYS,0,0,7,7,1.0,0.0,,,,0.0,,,
SER,-150,-180,7,11,0.6363636363636364,67.28702806808727,,,,5.94117381029011,,,
SER,-150,150,13,20,0.65,67.76716333098773,,,,6.245568344154181,,,
SER,-150,150,6,20,0.3,173.4462494851958,,,,5.951363291464139,,,
SER,-120,150,6,12,0.5,58.91411149402025,,,,7.633215701331262,,,
SER,-90,-180,9,11,0.8181818181818182,79.8879366951365,,,,7.454037404383494,,,
SER,-90,0,15,19,0.7894736842105263,62.47198700964136,,,,6.527983314633583,,,
SER,-90,150,10,24,0.4166666666666667,66.21867082165265,,,,8.447241720757367,,,
SER,-90,150,9,24,0.375,178.82800970481873,,,,5.9424953835004075,,,
SER,-90,150,5,24,0.20833333333333334,-59.33770670094525,,,,4.958045123370147,,,
SER,-60,-60,14,36,0.3888888888888889,-178.849831861323,,,,7.000816364948978,,,
SER,-60,-60,19,36,0.5277777777777778,-60.3848293819318,,,,18.252897701750776,,,
SER,-60,-30,49,104,0.47115384615384615,71.05975735175254,,,,10.59686853635275,,,
SER,-60,-30,15,104,0.14423076923076922,-179.85979479885518,,,,9.899647795747567,,,
SER,-60,-30,40,104,0.38461538461538464,-65.61525732630996,,,,9.220216827702911,,,
SER,-60,0,13,13,1.0,64.57674811768882,,,,9.900973796479063,,,
SER,-60,120,7,9,0.7777777777777778,176.42678866918985,,,,6.270701947245526,,,
SER,-60,150,22,45,0.4888888888888889,66.32780885888592,,,,6.743828460416384,,,
SER,-60,150,14,45,0.3111111111111111,171.9703951617902,,,,6.6094705891830445,,,
SER,-60,150,9,45,0.2,-60.982171826633966,,,,6.060599025398673,,,
SER,0,0,89,89,1.0,0.0,,,,0.0,,,
SER,60,30,5,7,0.7142857142857143,-62.21084825544662,,,,8.089808030287278,,,
THR,-150,-180,5,9,0.5555555555555556,-166.7604224213457,,,,3.474418005626833,,,
THR,-150,150,7,17,0.4117647058823529,59.16880970619989,,,,5.206115030883392,,,
THR,-150,150,7,17,0.4117647058823529,-170.80414617018727,,,,8.034627254949894,,,
THR,-120,-180,14,14,1.0,71.08440399043744,,,,6.175661587338652,,,
THR,-120,0,7,8,0.875,58.621565702301766,,,,5.243415436282082,,,
THR,-120,120,8,12,0.6666666666666666,-61.24168870617646,,,,2.5365111919578642,,,
THR,-120,150,19,26,0.7307692307692307,61.006762286469495,,,,7.44777495288021,,,
THR,-90,-180,16,18,0.8888888888888888,60.938160315885085,,,,5.1677102401516715,,,
THR,-90,-30,6,8,0.75,62.03714644860843,,,,5.616073737237385,,,
THR,-90,0,21,21,1.0,59.62812559812876,,,,5.30247916509481,,,
THR,-90,120,8,9,0.8888888888888888,-65.84973651121246,,,,7.524637904970766,,,
THR,-90,150,17,20,0.85,57.83347179008108,,,,6.033446707220043,,,
THR,-60,-60,5,34,0.14705882352941177,45.650067325009324,,,,6.581649146726277,,,
THR,-60,-60,28,34,0.8235294117647058,-59.42652555625702,,,,4.918363876309971,,,
THR,-60,-30,17,66,0.25757575757575757,62.09789311620641,,,,6.647498376656595,,,
THR,-60,-30,46,66,0.696969696969697,-58.097939958447434,,,,7.258642813140856,,,
THR,-60,0,5,5,1.0,69.23215584027174,,,,4.073824866851302,,,
THR,-30,-60,6,6,1.0,-56.444295707951724,,,,3.316848934011894,,,
THR,0,0,73,73,1.0,0.0,,,,0.0,,,
VAL,-120,120,6,29,0.20689655172413793,46.45149113794131,,,,7.3312877345291145,,,
VAL,-120,120,22,29,0.7586206896551724,179.8021863157566,,,,4.150655047753262,,,
VAL,-120,150,6,18,0.3333333333333333,-178.6036957704173,,,,3.6208368853110287,,,
VAL,-120,150,10,18,0.5555555555555556,-60.9555068390049,,,,3.01035392066962,,,
VAL,-90,-30,5,10,0.5,174.16558333939184,,,,11.876851274264082,,,
VAL,-90,120,26,27,0.9629629629629629,178.0854622091789,,,,4.064474833323636,,,
VAL,-90,150,9,11,0.8181818181818182,178.36838113829444,,,,6.438914476553608,,,
VAL,-60,-60,19,20,0.95,170.6563122300156,,,,6.441820120521515,,,
VAL,-60,-30,11,60,0.18333333333333332,64.36234579737774,,,,11.07866649075505,,,
VAL,-60,-30,40,60,0.6666666666666666,178.76359317548994,,,,8.18434513734549,,,
VAL,-60,-30,9,60,0.15,-50.781275686997844,,,,24.512353664815404,,,
VAL,-60,120,9,9,1.0,178.55184066222645,,,,4.162124430681859,,,
VAL,-60,150,5,12,0.4166666666666667,67.92858370328449,,,,8.840483056508328,,,
VAL,-60,150,5,12,0.4166666666666667,177.59159758063336,,,,9.946883251242493,,,
VAL,0,0,74,74,1.0,0.0,,,,0.0,,,
