AA,_COUNT,COUNT,PROB,CHI1,CHI2,CHI3,CHI4,CHI1Sig,CHI2Sig,CHI3Sig,CHI4Sig
ARG,7,3569,0.001961333706920706,55.244937891108236,94.71746798116958,173.54176027478286,174.98391404016752,10.54013755766998,12.895306033718073,15.102035049492489,10.912630477423404
ARG,17,3569,0.0047632390025217144,64.87592456656571,177.0980321895385,68.41857711018157,88.37155714158854,13.052381331410857,9.906937139894932,11.968311678398198,11.879303752989713
ARG,29,3569,0.008125525357242926,69.1360585230968,-176.22395093303527,61.11995470567215,-171.7055366879469,9.04306465177349,11.928673498910909,11.952955935471616,11.58905118473851
ARG,11,3569,0.0030820958251611096,67.60795931212027,-175.40912081963182,74.60128895726048,-107.12093063902897,9.1527275926679,17.758842233138452,14.18256818860459,8.577970921116174
ARG,54,3569,0.015130288596245448,67.1234388762068,-177.8228194672983,178.52779712072692,86.17361213027681,9.034912261600873,9.988913725597246,8.379905151212986,7.741895445577042
ARG,70,3569,0.019613337069207062,63.41751353470662,-178.2558547903884,178.93086367386252,-176.84609456574762,9.59009808996489,10.843949225104657,11.949969006724526,12.202186774498543
ARG,28,3569,0.007845334827682824,63.49700246295443,-176.01614220208938,-175.57371195582076,-84.03731975994715,3.857055183648448,12.013915437180671,7.774725120699666,8.875789603964023
ARG,32,3569,0.008966096945923228,63.2420201891879,179.16564210244601,-62.116309283649095,174.76699774483626,11.018278692986271,13.280061255625498,10.730614339515443,11.583467180583659
ARG,22,3569,0.006164191650322219,65.40252892262224,-179.53359987957825,-55.60991609635391,-83.0177928047112,10.497821872658687,15.581383246898742,19.291367081353997,20.104925691506182
ARG,6,3569,0.0016811431773606051,65.20932136308178,-87.47963236265649,-175.7832198958321,175.86753572777405,11.590931917729124,10.185359482280692,13.702269316602367,21.719495656528924
ARG,20,3569,0.005603810591202018,-175.60649205408777,67.36911968397997,62.70074971550427,83.453250453373,9.079938867913045,8.12874725732762,13.936316568928726,8.161412779471888
ARG,32,3569,0.008966096945923228,-178.96742085732322,76.58169783333442,62.77874382793283,-175.80543898128963,10.98197161447395,15.579214481962403,9.054369989151242,11.252719726640988
ARG,43,3569,0.012048192771084338,-175.60655168556545,69.4530127904575,177.81588549117785,89.27231176750888,11.698298627291258,10.48832970180272,11.49659218929701,11.87290228572826
ARG,65,3569,0.018212384421406557,-176.3478119252515,64.8147486596999,178.73760791588305,174.7799388443396,9.99958969570354,9.24888302588145,12.195822767208986,13.282572274376625
ARG,32,3569,0.008966096945923228,-177.2423655187462,69.98112005229957,-174.14817273162674,-79.41426387330084,9.484269634949102,10.8821932694167,14.122535141651495,14.973454548418276
ARG,13,3569,0.0036424768842813113,-175.7582295956593,75.28733865114904,-82.05089242148283,170.8724031240911,7.486894848980525,10.19677815793712,12.425276847231798,9.042523666240735
ARG,7,3569,0.001961333706920706,176.5059744319332,79.60968807032452,-88.44645853809357,-95.02545278520947,4.722022468434973,3.8170866695154033,13.760137415960116,18.833611345162687
ARG,124,3569,0.034743625665452506,-176.88585204068494,176.24051173665305,65.7355418075668,82.3637868279679,9.065085225270696,12.843260537337502,9.485069637979041,10.560036898571143
ARG,130,3569,0.036424768842813114,-173.46535296363743,177.76530001744803,63.791626757949125,-165.93692347628289,11.101085459319881,13.591070238414432,9.56275615373203,19.120734564333837
ARG,54,3569,0.015130288596245448,-172.56284325150557,176.23615974911564,69.78253661491269,-105.85815453817756,8.33688007063221,14.706011620554435,14.275262481708003,7.648671683558239
ARG,97,3569,0.027178481367329786,-178.926182178121,177.54248290161698,176.3246692517018,83.33733302420633,8.87978281950743,13.10786627580297,12.355034274847343,10.47959109031144
ARG,167,3569,0.04679181843653685,-176.72586919379447,178.08873976605543,179.4913284875503,-177.7481453357758,8.991825694452878,10.616200259226053,9.985254582184112,12.33394539597021
ARG,112,3569,0.031381339310731296,-175.12020572248116,-179.16726279079487,178.71378176167343,-85.9025145291853,8.813185642473004,10.950194803076279,13.655865855479542,11.119955617191904
ARG,63,3569,0.017652003362286353,-176.7761384392833,177.1864363191243,-67.07612908923682,107.59256551731623,11.950288122009825,8.128946854160239,12.861816468437237,5.879151485627553
ARG,125,3569,0.03502381619501261,-176.53720836591003,177.11945006016933,-65.07853365823556,171.12235307239845,10.596298016567752,13.587857061265678,11.688362466909352,17.690146238344095
ARG,105,3569,0.02942000560381059,-175.7668561733489,178.87821289256888,-61.75543830166784,-83.63483426789678,9.017128847310579,9.500324146771323,13.191917839168868,11.407696044558405
ARG,10,3569,0.002801905295601009,-172.42947008225832,-93.80258727941718,-170.87626068279488,59.03374158227449,11.418546207739968,3.6622892550856747,15.45610473797946,11.823257079109274
ARG,17,3569,0.0047632390025217144,-163.43249645601253,-79.61376643664507,179.391964891445,-169.56852167678866,22.57829569823353,17.14099927794116,14.407463418997935,12.048691257191374
ARG,5,3569,0.0014009526478005044,-140.44695773619375,-85.1479608934617,175.7030458582694,-81.47402473621214,14.83614607315691,19.225707342640426,14.332340589060358,14.61757445133758
ARG,21,3569,0.005884001120762118,-155.9851882315643,-95.30825765087879,-69.44378816532044,177.01015261494544,14.449786873095903,13.010226209123898,16.214351448163807,15.585050465084318
ARG,8,3569,0.002241524236480807,-169.84167939929605,-74.1840234707403,-39.1738239438428,-61.92388399077669,4.871990186698531,41.49998165067917,27.30671385417135,34.612326101646545
ARG,6,3569,0.0016811431773606051,-69.92884081182441,84.71291243762762,56.69191972985091,71.51631275611982,14.636929341965542,6.760497152632249,11.660771687620786,9.740284363122763
ARG,10,3569,0.002801905295601009,-84.88644013753112,108.39337549108346,76.0144240854021,-179.71983821573733,18.129437877859967,7.661857202676556,14.792165108318564,15.316468541889902
ARG,9,3569,0.0025217147660409078,-93.57461517456743,65.64730974051552,178.2637460143775,93.92468589042764,13.037515467041601,21.86975289560059,14.598675248006096,17.89279322701333
ARG,18,3569,0.0050434295320818156,-79.64671811387382,77.93798061478934,177.34627451241133,167.4528979386046,12.809236359564947,16.520047713826,9.223513288578443,9.648387535888514
ARG,7,3569,0.001961333706920706,-86.36388282415979,98.92338426247738,-156.5599070971584,-79.0789799600664,18.740174535965167,7.764114547917844,20.354404177740346,8.591616536186073
ARG,123,3569,0.03446343513589241,-68.13027596496028,176.33960153099986,65.02739462918159,83.38189065133028,8.911034560483575,9.05852975919246,11.390485776590586,9.2616278249117
ARG,211,3569,0.059120201737181285,-65.84476465368094,179.7108978315387,64.80816625316868,-173.29619762571505,8.936109345404196,12.851030601847356,9.757615366014868,14.504166738024049
ARG,34,3569,0.009526478005043429,-65.3998655200839,-178.55146755983813,73.81760923465893,-104.60290912849024,10.672360220398621,10.419483688407277,12.715706058845262,8.243603840490826
ARG,187,3569,0.052395629027738866,-68.41719759150003,-174.39576741420524,-178.43689896590362,88.4619809470058,7.9593907442699825,12.961273115314558,13.06996167400789,11.734386889870047
ARG,304,3569,0.08517792098627067,-65.8766224087509,-178.84789503844883,-179.8015097625542,178.49566168964748,7.539943698356496,9.600851085120423,9.949462258776029,13.012187821085709
ARG,176,3569,0.04931353320257775,-67.72041524957628,179.89299026770726,-179.3772822016339,-84.01622321153047,7.376599092400084,10.649695539504217,12.850020667686504,11.260339947132897
ARG,47,3569,0.01316895488932474,-71.4067286392017,-172.34035935940958,-79.39152081857763,105.46320260422371,8.752827202823713,6.848464257888992,15.106473693895085,7.489041769736111
ARG,199,3569,0.055757915382460076,-69.34936998179307,-178.9561617467241,-69.77887469821226,171.5961763863035,11.442329213825259,13.368073655670994,11.897204737063912,18.00139130101049
ARG,151,3569,0.04230876996357523,-70.52947905126211,-168.48350350943937,-63.6870792101753,-86.50815540685649,8.631520337895848,7.706833579934571,12.863752395576677,11.876285101787914
ARG,16,3569,0.004483048472961614,-65.56625629204652,-81.8931305463245,70.40936579855845,85.08180326274417,7.340319086337108,14.640324908939506,14.209708799733534,9.148358872640076
ARG,19,3569,0.005323620061641917,-62.86716769505257,-63.95137293067302,86.03664199439284,-154.86041889254298,4.396611934230632,12.833387418243749,13.088396745006394,14.19166001886867
ARG,37,3569,0.010367049593723731,-63.663169275834704,-67.66513546321076,178.805712267732,83.5846571762101,10.051692731160184,10.690222220414908,16.726655680206136,10.615563551643001
ARG,90,3569,0.025217147660409077,-64.16998761961311,-68.80554430637058,179.79331462297844,-177.3999253657666,9.906776607659982,10.989004162615542,13.120909523828107,12.70075746919312
ARG,64,3569,0.017932193891846457,-66.37054707395009,-69.01150197768416,-176.57454305412048,-87.7461396998645,6.883421458047718,7.654003702702589,8.108684172445626,9.310891603817968
ARG,7,3569,0.001961333706920706,-64.59967598994078,-75.13310256552433,-72.2884558745343,102.41443937014758,10.930693394094643,9.020544737751013,10.429064216238377,9.408853814215387
ARG,58,3569,0.016251050714485852,-62.05358405603012,-67.18672444196721,-63.31939114889813,171.65042955762425,9.75674731101779,16.007665902305497,10.70270202804407,10.988800802322098
ARG,228,3569,0.06388344073970299,-6.766264141468622,-5.902563476649528,-5.183252099827551,-4.812517506903154,19.931180563521295,20.11312607139128,17.203378760490132,21.218181416521862
LYS,9,4387,0.0020515158422612263,65.84805957393263,90.95646122876114,176.06519924493543,177.4413963830234,8.867504438680147,14.137651327090323,9.213175086035147,4.38540849024009
LYS,13,4387,0.0029633006610439937,62.11514386477648,172.39529812735424,64.30479957652375,64.35344592232596,11.135828722617658,9.92339181397182,7.3507328699135055,9.788047716688984
LYS,38,4387,0.008661955778436288,55.535650121266244,-179.7222633586251,64.06381277133109,175.9550618046672,16.280744089628335,10.588782724828114,7.361119122053965,8.979125146631004
LYS,24,4387,0.0054707089126966035,61.53501976082022,-179.42682390017063,179.77627691023557,60.638533068292965,14.74930014424839,11.077915243522222,9.658507784256148,10.862082838132164
LYS,99,4387,0.02256667426487349,62.694699153462096,179.92145204796944,-178.87286840166513,179.7798977962423,9.445164693405795,7.322935138157388,7.113744779987966,7.57110964696466
LYS,32,4387,0.007294278550262138,63.30915451832907,176.9830350697945,-175.9140152491826,-66.41802854605604,7.478490450116211,8.418914570004828,10.32715628297104,9.090395051540577
LYS,30,4387,0.006838386140870754,64.18079756936795,-175.8147763229797,-66.88458456191768,-172.0590115760406,9.578090935814075,13.696503517499817,9.67966446210665,11.00224822171417
LYS,11,4387,0.00250740825165261,61.179983697984184,-174.70547838521168,-78.94421836400116,-53.16596732236942,12.438470017734248,13.885054434459098,21.275970520749674,23.154707887937498
LYS,10,4387,0.0022794620469569183,-174.46034019362077,64.89701533827926,63.67193685084278,66.62189403174224,8.693347603984058,14.298697302279768,9.336542033506932,7.192503812796281
LYS,28,4387,0.0063824937314793705,-177.96618151826956,64.38334415728802,67.54176499930166,179.33912749034496,7.2723603299482065,14.13739988115816,6.229026009658701,8.355537021752044
LYS,33,4387,0.00752222475495783,-175.2396612522067,71.79659157907234,178.87938378368196,62.68507263413057,10.852248284923059,14.365668720550117,15.943089714411375,8.33651337832048
LYS,112,4387,0.025529974925917482,-175.86631734650697,66.65246126617055,178.72296422593706,179.02615498819063,11.450841396120817,8.575759186464142,8.404451740153172,8.731086266692802
LYS,40,4387,0.009117848187827673,-175.45821203436736,65.94456627790052,178.5130112379296,-62.941979432394426,9.204020182885554,11.683968099968732,7.565880090107788,8.915708522550618
LYS,7,4387,0.0015956234328698426,-161.56710111216185,82.68688268220245,-78.19204427951547,174.36880360820717,15.800391519300334,17.1076027604145,8.159590410993808,5.86123293329498
LYS,27,4387,0.006154547526783679,-171.84557960104988,171.1151022951821,67.73338729940014,66.26375312375609,10.853616522914793,13.984682290244773,15.016427060903842,7.004536119801462
LYS,100,4387,0.02279462046956918,-171.8499894582917,174.41772027710007,68.74825515110476,176.0485132263231,10.227308631416518,11.797901296465229,10.544161711124577,9.908609026472254
LYS,9,4387,0.0020515158422612263,-174.82304193551548,161.07707567857219,78.4593426044464,-72.93442458624983,7.346550235270971,13.800237551822343,13.836720246182535,12.517122853504704
LYS,113,4387,0.025757921130613176,-175.07173854867457,179.94369928891558,177.2631096836267,64.26457037026391,8.178147782690802,10.173345112043096,10.378149491995801,10.750134240030722
LYS,448,4387,0.10211989970366993,-175.8155930233568,178.27603519624492,179.51850124527104,-179.3433018020781,8.339909939557026,9.335686086144092,8.08604479780016,8.862006950409219
LYS,148,4387,0.03373603829496239,-174.2463000702825,178.58405630988065,-178.18214437676403,-64.19900862684791,10.417052263328015,11.353693652121393,11.523047373785483,10.534509166037452
LYS,11,4387,0.00250740825165261,-175.67837697657393,173.8885413001193,-71.68143713460103,68.34847920656156,10.229369583755407,9.55488184652706,8.905786091568261,11.396885517032993
LYS,123,4387,0.028037383177570093,-171.19258809262593,-176.5189605624223,-66.27354767081616,-179.60530403936795,10.798152240141512,14.408976655324738,11.328238122670001,9.55377759501399
LYS,54,4387,0.012309095053567358,-176.7035098651445,-178.26613073281234,-64.00807980071278,-60.13490766601567,8.633551580249074,11.877002011472149,26.091910160888673,26.70440101745787
LYS,19,4387,0.004330977889218144,-157.51700066797537,-81.86575363367666,-174.97499153080545,67.25951187673958,14.891212578609519,12.242874428019395,10.011767551272708,11.82136046475485
LYS,21,4387,0.004786870298609528,-153.6863358212462,-77.99268225253468,-178.4493916811574,-178.41939412978317,15.20988161607171,14.958089377091985,6.829190083466356,4.723818297327334
LYS,10,4387,0.0022794620469569183,-154.37238936494344,-84.33597751159367,-173.46114977089476,-65.26185353236271,14.036530132622472,15.030410262426523,8.941574847474568,6.199615751889888
LYS,5,4387,0.0011397310234784591,-163.64785933086523,-103.8844709838997,-72.21505558386107,171.0163172306083,12.766439913006012,7.977281319488756,6.223857837690749,20.014797619197992
LYS,18,4387,0.004103031684522453,-172.22588597963647,-0.11928859112485814,-0.24929095135975576,-0.7212059543412859,8.491288931861371,3.7158537447004156,3.6438324844214764,4.175626036518374
LYS,9,4387,0.0020515158422612263,-90.92195615543912,77.39832454205809,65.32805683090875,-171.85021350904577,10.572375007765302,20.198810405273232,7.991670786456697,14.095275421900782
LYS,19,4387,0.004330977889218144,-85.08837590401721,71.19734427360451,174.0055072257936,58.93221260813902,7.200686621810218,19.949625531807335,12.494723521106387,13.985436767388265
LYS,55,4387,0.01253704125826305,-85.91084298901397,76.90652795207528,-177.46666055601196,175.232623268641,17.28725955077175,15.847831995096456,8.901559183443403,8.626508832866948
LYS,15,4387,0.003419193070435377,-97.54794631511682,66.34723480056361,174.732794276163,-59.0757030698298,7.068199265595832,12.121352487426416,12.671117661679782,13.408940113452527
LYS,70,4387,0.015956234328698426,-67.75581883961624,173.7047797977606,70.807244332882,66.0498498113623,8.962111377165762,12.66699747254412,10.37016863508014,9.093344935864033
LYS,157,4387,0.035787554137223614,-68.14989064874894,175.28066219644748,69.0578889603876,176.368636828847,10.657991392053043,14.791990835079567,11.321238948928409,10.0458619923211
LYS,20,4387,0.0045589240939138366,-65.6219581445034,175.82763345257564,77.8203394647367,-71.00098507810402,11.17543572598628,12.512874989019819,10.868715596366297,8.216236669024708
LYS,178,4387,0.040574424435833145,-69.61699010895381,-174.93789483243765,175.82699902858496,65.45809497649509,8.42696049292262,11.232878585604311,13.165873051337496,10.410357450282158
LYS,810,4387,0.18463642580351036,-67.5338910219902,-178.84392068744955,179.66333905333158,179.16479042021194,8.010666641492772,9.078512302009285,8.886749633585362,9.280403646618144
LYS,202,4387,0.04604513334852975,-66.50415388144022,-179.3343386191173,-179.42375349275238,-63.48100172957137,7.5304152392495345,10.563749083115136,11.821677386103504,10.944575083403423
LYS,17,4387,0.0038750854798267607,-68.94289238875997,-176.34874142852692,-80.06639218021141,68.04469879252241,12.934992668126823,13.880378830774726,11.914631595330459,8.840775833816108
LYS,155,4387,0.03533166172783223,-66.89547886899712,-171.73983847136154,-68.71184753669833,-177.26318792324082,8.527214245117479,11.907664940503025,12.008134837400386,11.937580170228314
LYS,79,4387,0.018007750170959652,-66.15188839560285,-174.06563532551584,-58.64060282964435,-54.8163556167512,8.347264482766908,11.794967867553318,24.753449401731064,26.81958025181844
LYS,13,4387,0.0029633006610439937,-59.6926108915491,-88.263113806059,75.40917469382174,171.7636004178187,9.703410671658293,13.419580026486832,9.045692163566493,10.502493650251116
LYS,5,4387,0.0011397310234784591,-80.94641343165253,-80.42950595562914,78.89653256562923,-47.57232419461438,13.749953332153353,11.798078654034915,6.685290945189135,33.93385691391882
LYS,89,4387,0.020287212217916573,-63.9477017666655,-67.582828764733,-178.52293683204823,62.82716151597369,8.580114918518857,12.427234334264794,12.164515612405614,10.085287175408306
LYS,221,4387,0.05037611123774789,-64.57251543613353,-66.35219862798535,179.73040975739306,-178.41316555943337,9.879932673725959,11.048538945080015,9.754088182900858,9.064825412407464
LYS,98,4387,0.0223387280601778,-61.707850543075594,-64.17765424888744,-178.35132992019686,-61.63508734274993,8.02533080038867,9.786750949562089,11.63487254363813,10.102383605731236
LYS,6,4387,0.0013676772281741509,-53.95084278104194,-70.08225377008712,-100.0064745188787,61.56399837979645,13.727087739879156,12.543727635406748,9.233963033362732,5.654916063108581
LYS,52,4387,0.011853202644175975,-60.55698196112988,-66.46288495630925,-71.91386132361845,-178.14629052528406,10.096035802161037,12.147541649802344,9.831123879900424,8.34037336594013
LYS,484,4387,0.11032596307271483,-0.25769873046517283,-0.01541422935632976,-0.0009392509909022267,-0.0010916895020804621,3.875075979402431,0.9522939568978656,0.24017639971734714,0.24057341211555452
GLU,14,5011,0.0027938535222510478,62.916072760864026,93.75444692643708,30.58049196121666,,20.671139018595788,10.230954913481535,23.495145779566947,
GLU,157,5011,0.03133107164238675,57.92704985328059,-177.14022885058208,40.810156530759556,,12.25100691146243,10.238108304909545,21.32580579931088,
GLU,157,5011,0.03133107164238675,60.791866739662034,-179.5731062005158,-37.47238765054168,,10.553044414121443,10.902760369812414,20.5121247433162,
GLU,59,5011,0.011774096986629415,62.88662034373758,-89.6253168226208,31.800189251138434,,9.630143549972654,7.733119651727344,17.44117181057223,
GLU,62,5011,0.01237277988425464,53.754812392735346,-74.04501328972181,-39.247833489662504,,16.589048515894703,13.334206004990593,17.061658911773968,
GLU,357,5011,0.07124326481740172,-169.37785131264846,64.62987904542827,36.121316462834145,,12.374771701708477,8.978158155460173,16.731227660734962,
GLU,90,5011,0.017960486928756736,-170.77980332650407,73.97133570225607,-38.49293846241025,,13.839018579973809,11.12140598105281,23.576631297319597,
GLU,495,5011,0.09878267810816205,-176.20404431080283,177.47446431737688,33.11828002616703,,10.052924056773335,10.114558867058783,19.755433890521076,
GLU,565,5011,0.11275194571941728,-174.01953293966335,-179.96647038617863,-32.62845070284296,,9.883459355237497,9.86045632214161,18.970681350147945,
GLU,15,5011,0.0029934144881261227,-158.92587611300615,-94.77921284934968,44.63381345007645,,18.276261584635208,10.61613028811578,24.68226501532499,
GLU,98,5011,0.019556974655757335,-165.47537593808278,-82.88951990255032,-29.49573568800929,,16.04018305510788,15.780702940140293,20.603849338820922,
GLU,188,5011,0.03751746158451407,-67.7056791003198,76.50705466479837,35.57139311626406,,12.62166657672063,8.995859979149396,19.58821640999867,
GLU,138,5011,0.027539413290760328,-66.29870728490118,85.9986804610955,-35.81296443113776,,10.712893518869407,8.087342309663738,22.65540934912755,
GLU,786,5011,0.15685491917780883,-68.55497195643638,176.6925332030808,31.337184475941562,,9.866593525640653,11.058373487653979,19.386218461302978,
GLU,814,5011,0.16244262622231093,-66.91591681504295,-179.7759349292185,-30.19605200076419,,8.141804937734896,9.765980911049432,18.79495260777099,
GLU,137,5011,0.027339852324885252,-66.82840932090369,-75.89190710493686,36.39967844956724,,10.957772556886447,10.857469600206494,23.490893242253666,
GLU,876,5011,0.17481540610656557,-53.808354549579796,-50.70404255450605,-23.926199731395812,,27.0900997980152,26.89083306436068,22.187803172786023,
GLN,7,2295,0.0030501089324618735,66.67129246177522,81.86892621945003,42.10051973210789,,6.226539203508795,6.428350662663858,13.777205415634645,
GLN,49,2295,0.021350762527233117,64.88410114171185,-176.29638446819013,53.83662992982772,,7.077781277325601,11.877634076554283,21.323238718712602,
GLN,19,2295,0.008278867102396514,58.47424680361197,-173.22562538148128,164.2023760924146,,16.286438122976186,10.270607323191363,14.796367173122508,
GLN,51,2295,0.022222222222222223,60.854462898118214,-179.63937584791282,-47.33799820255473,,8.449108567968686,8.551177521187759,18.675591634452775,
GLN,17,2295,0.007407407407407408,61.68897659726672,-84.07338064688938,22.01365456583774,,14.092850412349534,7.294040045973086,17.621228740677196,
GLN,14,2295,0.006100217864923747,63.2725489812388,-74.5270582495301,-41.14355071105539,,13.359853890084235,9.44312196949042,15.240652938120078,
GLN,180,2295,0.0784313725490196,-173.14856782751198,64.80822662609845,49.506280055650016,,9.895518361866678,8.862445845526185,14.165108398360568,
GLN,38,2295,0.016557734204793027,-172.77622438050102,67.17942448776968,-147.24109648514892,,12.674925478676762,8.678912385870428,18.325274409092223,
GLN,55,2295,0.023965141612200435,-174.75101733254502,69.11228842661238,-73.5783506904679,,11.005600606400714,8.574498952042013,25.60319911493212,
GLN,152,2295,0.06623093681917211,-175.71423789852912,177.53013917957122,49.84236589585838,,8.956952266152552,9.348692566012472,19.711162916759317,
GLN,56,2295,0.024400871459694988,-175.92270014975267,176.8230987696689,177.5253795288991,,9.843810976795792,8.485525367629334,24.234245609449477,
GLN,189,2295,0.08235294117647059,-174.91763667269993,179.8213130790458,-36.071480880098086,,9.052450491847694,9.392931488110856,20.85951658782967,
GLN,12,2295,0.00522875816993464,-165.2192163683405,-87.96899220400101,55.625688909200456,,16.662166842704963,18.225181651486793,31.674743351115666,
GLN,29,2295,0.012636165577342049,-171.06086558736126,-86.64808532887899,-38.78144371422023,,12.980180968810561,11.367149412375584,13.242878986592162,
GLN,47,2295,0.020479302832244008,-68.97365180784539,78.320927417392,48.79771849611836,,9.92895175845551,10.364995285617242,16.53914999778231,
GLN,9,2295,0.00392156862745098,-74.39731719928673,80.86656122563167,-152.588364341633,,15.815218499836282,10.921151528042138,20.78141624848288,
GLN,45,2295,0.0196078431372549,-73.30062580469355,87.48139312556945,-54.684115675550686,,15.59690221690864,14.618096498654236,28.259188907908964,
GLN,334,2295,0.14553376906318083,-66.83311728112635,178.53098198168357,43.9869012955158,,7.957329520079207,10.462957791896601,20.85944254651127,
GLN,103,2295,0.044880174291938996,-65.88086497625414,178.3941727506588,-171.4137849587983,,9.631718827774202,10.582057062425534,20.488998934357717,
GLN,388,2295,0.1690631808278867,-68.05069313338778,178.20917592334627,-41.59329853465348,,7.22078383828059,8.071512216827976,19.131007068342488,
GLN,91,2295,0.03965141612200436,-65.47420474414669,-70.41417904850199,77.94099790393638,,9.684876221550478,12.547999689655823,28.5731847269942,
GLN,54,2295,0.023529411764705882,-64.98196973554084,-65.03318631160792,144.23730040227608,,8.036521201176706,7.994031972582549,18.58471911458117,
GLN,346,2295,0.15076252723311548,-60.740817884475234,-55.90263556985034,-36.77865051691369,,17.79532106849538,19.3050756768239,21.393607026708896,
MET,5,1287,0.003885003885003885,69.90295259322868,87.11361041884474,71.71899003637304,,5.322087790114915,4.483108180499623,8.601509116495045,
MET,33,1287,0.02564102564102564,63.028945425734534,-177.94261297862127,73.39446841147306,,9.175482167925354,9.488754683362732,13.099521501656984,
MET,17,1287,0.01320901320901321,62.3664111023236,-175.6557386041995,-167.79688922774918,,11.971016310705606,5.9638298332201165,22.39168453964486,
MET,32,1287,0.024864024864024864,64.28757429558296,178.38973940441085,-70.1436837393247,,9.05891882767568,10.696477376870476,12.597820501001623,
MET,10,1287,0.00777000777000777,63.40322456853331,-0.030988139976942386,-0.051339483130829054,,13.825868124457404,2.7787480884779345,1.859276576614575,
MET,55,1287,0.042735042735042736,-172.17622183194433,63.32053173553638,73.39007010230843,,9.566139480403594,6.48496278037629,12.576699009813781,
MET,27,1287,0.02097902097902098,-168.87409993090563,59.07806050837758,-171.91458748501395,,10.603787656715165,7.160463463106337,16.618060119017848,
MET,12,1287,0.009324009324009324,-162.3778042353481,71.25255559976594,-93.43291673133817,,15.107364977814056,8.42605713319855,17.959649745687777,
MET,85,1287,0.06604506604506605,-177.81646989470204,-178.41830835112987,71.11076452258033,,7.646269975667605,11.649937375893348,12.48569353093352,
MET,30,1287,0.023310023310023312,-170.29529062405248,177.77616438842483,177.39068515590634,,10.57053005646608,7.670860641655128,13.736761273475093,
MET,77,1287,0.05982905982905983,-171.61925235081688,177.73163460575702,-70.64533637666645,,11.216123542685759,9.139121609388225,11.84184733438417,
MET,57,1287,0.04428904428904429,-173.04442882956724,-3.3360248891336837,-3.3707274715439675,,11.560495743402566,19.89960656399733,15.834486443510102,
MET,197,1287,0.15306915306915306,-67.79294140990112,178.5385734769726,70.64284536943511,,7.550096650307101,8.793169492600866,10.771903493844572,
MET,75,1287,0.05827505827505827,-67.45455966595024,-177.00813380665502,177.3375018849497,,7.606101099099542,7.2704565255603875,17.31235796772206,
MET,129,1287,0.10023310023310024,-68.26739780367951,-173.9930558061087,-67.52686512302509,,8.233938789966892,8.162281375703753,13.936262576548962,
MET,60,1287,0.046620046620046623,-63.99266042120265,-64.44727435371544,95.67122171340682,,4.936862782892348,7.624490644367549,7.651617915724761,
MET,36,1287,0.027972027972027972,-67.36354995520108,-59.255557137199006,162.28233239793988,,8.211072061084186,11.151612849679672,18.06399755791661,
MET,329,1287,0.2556332556332556,-65.99145082921552,-46.910791904947324,-51.738188769836164,,9.867781461806146,25.952592232410705,30.094575157061417,
ASP,238,3698,0.06435911303407248,57.920296352744174,26.997847165693543,,,8.342420805707931,19.018059192111416,,
ASP,292,3698,0.07896160086533262,61.118613194780934,-31.688887152957086,,,7.810631297607125,18.110409837570195,,
ASP,646,3698,0.1746890210924824,-173.8882964374823,38.56216774631893,,,8.2223004055389,21.400512672296706,,
ASP,528,3698,0.1427798810167658,-170.26702633602892,-30.61478782883519,,,7.697838500722922,20.52800645846324,,
ASP,374,3698,0.10113574905354246,-72.87015068261863,26.78771825320392,,,10.240374816527481,19.342611684986913,,
ASP,1620,3698,0.43807463493780424,-67.71334245937554,-27.626931457071098,,,9.036575200663215,15.772624277646548,,
ASN,169,2591,0.0652257815515245,61.263957575072254,37.690477413761826,,,7.942586814666916,22.202853166631375,,
ASN,23,2591,0.00887688151292937,61.37231388350967,-172.30304034046165,,,10.824276552546843,25.875615491652194,,
ASN,142,2591,0.05480509455808568,62.22483753305354,-38.570357551000036,,,7.139582780510098,17.69319018818933,,
ASN,328,2591,0.12659204940177538,-170.70462975657227,39.64616506223459,,,9.515728993304979,16.81406280775398,,
ASN,55,2591,0.021227325357005018,-168.6144475607537,-158.8522509420842,,,8.88310931406928,25.559703883526492,,
ASN,326,2591,0.12582014666152064,-170.2980703374705,-51.16087031801195,,,8.551174646793692,26.73719465000671,,
ASN,265,2591,0.10227711308375145,-70.41826408181748,58.96602178948547,,,12.158113371706168,32.00694633546966,,
ASN,185,2591,0.07140100347356233,-68.97083577043733,150.29468342582769,,,9.072767131713517,17.51247387090855,,
ASN,1098,2591,0.4237746043998456,-67.83567935249835,-37.877927234843256,,,10.108375110713522,19.177112937018094,,
HIS,60,1435,0.041811846689895474,60.13805605159199,84.05319759088036,,,6.943005926261025,13.113892691583983,,
HIS,7,1435,0.004878048780487805,61.25540101090254,-163.0528154760634,,,6.958032214165717,36.903661566940585,,
HIS,92,1435,0.06411149825783972,66.15734632402612,-81.18802755559423,,,7.887059260512801,10.789244556267342,,
HIS,202,1435,0.14076655052264808,-178.5371796155822,72.03629002243478,,,8.567714856003134,11.94609192065065,,
HIS,63,1435,0.04390243902439024,-172.64236582810707,-160.2015520369221,,,8.00417335986127,23.593042279814096,,
HIS,186,1435,0.12961672473867597,-172.500245246353,-86.14744174728085,,,8.128998591553298,15.360087637917513,,
HIS,239,1435,0.16655052264808362,-66.28384731216583,84.05119643382444,,,7.794890240104761,13.886039713939764,,
HIS,144,1435,0.10034843205574913,-68.66154013041785,161.07084503208833,,,5.926995258082119,19.687161057707932,,
HIS,442,1435,0.30801393728223,-61.39245400185324,-70.76060181036809,,,8.83213053805565,15.264408942183922,,
LEU,50,6101,0.008195377806916898,59.839430995848566,81.65472661677799,,,10.89350004168091,12.504834740153802,,
LEU,37,6101,0.006064579577118505,70.09341554409993,164.46750513052942,,,11.461825541460257,12.628804481275507,,
LEU,7,6101,0.0011473528929683658,58.630280689676695,-56.934012216091844,,,12.70734548908035,16.47673821727877,,
LEU,1508,6101,0.24717259465661368,-178.12842326801328,61.500843371002546,,,8.343083169991901,7.106215723697312,,
LEU,266,6101,0.0435994099327979,-157.11750583710977,176.12173608314993,,,15.305735046932455,22.88275235905539,,
LEU,71,6101,0.011637436485821996,-161.6909009207239,-76.99189642271499,,,12.6311653568533,18.92029854367841,,
LEU,410,6101,0.06720209801671857,-88.85494111119884,50.73051281942046,,,11.513686961619614,17.837891102027196,,
LEU,3548,6101,0.5815440091788231,-66.40080482842119,175.61010890532958,,,7.299167964578373,7.212382558956789,,
LEU,204,6101,0.033437141452220945,-56.17751321757676,-24.480494937932644,,,36.84272960733537,25.179890919334174,,
ILE,73,3636,0.020077007700770078,59.36237377918014,92.99988628070791,,,10.687752387310304,8.805047035974022,,
ILE,429,3636,0.11798679867986799,63.11943055828062,172.3145922218386,,,6.312086004553173,7.518295082972474,,
ILE,8,3636,0.0022002200220022,67.1293616012685,-72.83943139733182,,,10.4622830815005,14.805330279523941,,
ILE,105,3636,0.028877887788778877,-169.401085449223,64.50386268312012,,,7.786393087765134,8.09495650222346,,
ILE,186,3636,0.05115511551155116,-171.43189918986633,170.1090851799491,,,7.6604132362719515,8.355249301812934,,
ILE,7,3636,0.0019251925192519251,-172.5547906692462,-86.94269675022588,,,10.03436251171284,9.993985968275474,,
ILE,136,3636,0.0374037403740374,-70.39376325721373,82.85019993998509,,,10.486543478651813,12.782504874347637,,
ILE,2022,3636,0.5561056105610561,-63.92110171463006,172.97752536731096,,,6.0983442986314165,7.6036816948990715,,
ILE,670,3636,0.18426842684268427,-57.5257690503896,-60.9142375809832,,,7.7287482919819945,9.616669658311782,,
PHE,119,2594,0.045875096376252894,60.89136466283261,81.9731003918549,,,8.548012040758813,4.991313113898582,,
PHE,140,2594,0.05397070161912105,63.235495480489114,-82.22506830759626,,,6.166155215284397,5.04319884547887,,
PHE,753,2594,0.2902852737085582,-179.82703777657065,72.00359613549602,,,7.362019518842821,9.516159365059922,,
PHE,115,2594,0.04433307632999229,-171.10272274680463,-80.71919898141884,,,8.361583656772199,7.085605324522025,,
PHE,449,2594,0.1730917501927525,-69.56147430039341,79.05214890638338,,,8.490728411028499,9.017126487147667,,
PHE,1018,2594,0.39244410177332306,-65.8529535096371,-68.61743215829628,,,8.2914556883423,15.122267284709558,,
PRO,26,2995,0.008681135225375626,5.236162407315551,11.140660773971486,,,2.682590930101477,4.921934204207545,,
PRO,1310,2995,0.4373956594323873,27.393559342721,-35.351572954546455,,,5.199594592282211,4.719421170968878,,
PRO,1636,2995,0.5462437395659432,-25.828069125715214,36.33818587449282,,,5.000707253307659,4.592556070151122,,
PRO,23,2995,0.007679465776293823,-2.3415462445989044,-1.9346703946903683,,,3.901940404055135,3.372142671606055,,
TRP,31,756,0.041005291005291,58.06318734392315,87.56786552443694,,,7.9300202366878665,8.234474349036487,,
TRP,79,756,0.10449735449735449,62.32460801613253,-90.55341714806252,,,8.3563671185902,8.280836868801417,,
TRP,148,756,0.19576719576719576,179.6120708864047,80.06383468104706,,,6.8153266379813955,9.706065947713224,,
TRP,21,756,0.027777777777777776,-178.3595929403115,-128.35693138986147,,,8.496307672473518,5.613024470076187,,
TRP,105,756,0.1388888888888889,-176.4288310384011,-96.32626162460028,,,9.893196247019135,12.054988708580472,,
TRP,255,756,0.3373015873015873,-69.77764353292163,93.47107051777522,,,8.295261400066456,15.75774636804221,,
TRP,14,756,0.018518518518518517,-66.11940453360421,127.17572697992131,,,8.81917447117554,5.537687922310258,,
TRP,103,756,0.13624338624338625,-68.37041101815092,-42.443862273122036,,,9.136020844420127,32.817442324398364,,
TYR,118,2285,0.05164113785557987,62.74534659153599,81.59177767334154,,,7.930013014723844,5.794280453506103,,
TYR,109,2285,0.04770240700218818,65.64368784151624,-81.22773590453652,,,7.860053956342197,6.489601613822784,,
TYR,695,2285,0.3041575492341357,-179.85472825466178,73.68403141163641,,,7.474021282676907,8.885734192090144,,
TYR,159,2285,0.06958424507658643,-176.8049394240537,-81.56521959547194,,,7.59781196451532,6.039091651593433,,
TYR,376,2285,0.16455142231947484,-68.48163024698852,79.38363740519362,,,8.748301662665698,8.678191756405488,,
TYR,828,2285,0.362363238512035,-64.9250297809069,-68.19674117838984,,,9.669727255639367,15.266800229506874,,
CYS,168,783,0.21455938697318008,64.81778770565832,,,,7.563152138401761,,,
CYS,202,783,0.25798212005108556,-176.82819944214165,,,,7.452665333655569,,,
CYS,413,783,0.5274584929757343,-65.72690955475902,,,,8.258333566437516,,,
SER,1470,3431,0.42844651705042264,64.74430594668227,,,,8.776046051174259,,,
SER,944,3431,0.27513844360244827,177.7558066671815,,,,9.314241796948604,,,
SER,1017,3431,0.2964150393471291,-61.08647018349591,,,,10.40557396388215,,,
THR,1478,3080,0.4798701298701299,61.82294663116691,,,,7.585608395104567,,,
THR,289,3080,0.09383116883116883,-179.1126736240714,,,,10.15970708799889,,,
THR,1313,3080,0.4262987012987013,-58.048432903894266,,,,7.8360354233379805,,,
VAL,374,3996,0.0935935935935936,61.47655394422741,,,,10.344104222687152,,,
VAL,2779,3996,0.6954454454454454,175.9062735522556,,,,6.6048391477908055,,,
VAL,843,3996,0.21096096096096095,-60.403929544616055,,,,9.230993861875447,,,
