AA	_COUNT	COUNT	PROB	CHI1	CHI2	CHI3	CHI4	CHI1Sig	CHI2Sig	CHI3Sig	CHI4Sig
ARG	7	4454	0.001571621014818141	55.244937891108236	94.71746798116958	173.54176027478286	174.98391404016752	10.54013755766998	12.895306033718073	15.102035049492489	10.912630477423404
ARG	26	4454	0.0058374494836102376	67.24247848528466	178.02518868020354	65.47571809011966	89.57227076719613	13.016783660722025	9.593306613593748	12.958590656067953	9.54514077206191
ARG	39	4454	0.008756174225415357	68.00839359725396	-178.12712477092745	61.75627919741176	-174.9285371403629	10.780130065944544	12.870744213485997	12.582010351113443	11.536693193472525
ARG	15	4454	0.003367759317467445	66.05371781455223	-173.00243755128974	74.93408057114969	-105.68002483879178	9.673437169516957	14.47422735238711	13.763770409758566	7.789914424790597
ARG	68	4454	0.015267175572519083	66.29963424276977	-179.27523242293202	177.1235538352558	86.56914922201007	8.85429651213686	10.012210470528734	9.355122193496339	8.324372908011915
ARG	78	4454	0.017512348450830714	63.485477962575075	-179.50680125367805	178.7650325002234	-177.22092107793972	9.264722692180266	10.627813319746688	11.455652265998266	12.006296470423251
ARG	42	4454	0.009429726088908847	63.26782359423564	-176.3720431401294	-176.54701834879697	-85.06627032918325	4.523628344865809	10.039805647116435	9.40916766329103	8.123315659602762
ARG	44	4454	0.009878760664571173	59.55015359080052	178.259643690427	-62.66674842196752	175.83032211072654	11.00103092282272	12.726642191724123	11.098468655860746	14.206531630415606
ARG	24	4454	0.005388414907947912	64.84637214588427	-179.16178418441888	-56.661433726567196	-84.59780791451361	10.614115083726576	14.653688990519255	19.134929112189255	18.006443922116294
ARG	5	4454	0.001122586439155815	52.381314101102234	-84.6014329541271	-166.44412603180413	71.55055318362167	22.238301050902606	8.429836574481678	8.866923704118213	8.326605606759413
ARG	7	4454	0.001571621014818141	68.45381604173062	-90.73741427119583	179.60343751456998	177.64582764069743	11.436079257388696	10.721402164464681	15.605423663882133	18.43542545645661
ARG	27	4454	0.006061966771441401	-174.86220276070898	66.05516611469525	63.76360090355777	83.11029848203823	9.626136097238073	8.286711473514362	12.9938262451894	8.84206536790269
ARG	39	4454	0.008756174225415357	-178.08955951352192	77.88683725975717	64.06206402731789	-177.1872713448076	11.774597054244856	13.936520108387791	9.651425274538711	11.453232869837516
ARG	49	4454	0.011001347103726987	-176.47072685391342	69.22509075297484	176.47581915682593	89.43590101730642	11.229754242671369	10.21206701663549	11.075840806950099	12.262608877976568
ARG	76	4454	0.01706331387516839	-176.81046007633236	64.60740174977661	177.31637750140203	175.34158655382063	10.527399362084312	8.765685677920969	11.58539403800623	14.193450358601359
ARG	43	4454	0.009654243376740009	-177.97206699548966	72.03557463865886	-175.74420147396052	-81.44979431950561	9.135347592369545	12.347059788818603	14.700988306991015	12.925395269744724
ARG	21	4454	0.004714863044454423	-174.44129320388964	76.26032572253106	-80.66175346591476	169.8113531848754	9.62697600221859	13.151764580538861	15.688892654060686	9.978422631972322
ARG	10	4454	0.00224517287831163	174.9347332699113	81.32572892534894	-81.9653086449655	-93.36733990578247	4.65586682688539	4.2698019063722725	25.402287466609557	22.467089119768737
ARG	153	4454	0.03435114503816794	-177.3427190909364	175.91664883739273	65.05189414083839	82.37675997276983	9.156092412921021	12.271820891924094	9.680333544529743	10.903386789450382
ARG	165	4454	0.03704535249214189	-173.53091590604376	178.06423700367222	63.71978639466755	-166.0964197089107	11.095589186095681	14.377230271274128	9.677666925130664	19.256079261414836
ARG	67	4454	0.015042658284687921	-172.64108927117564	175.3513300441159	70.16425883612148	-106.06955158882371	7.803171408808032	13.706552986977233	13.599234001106755	7.828810627137198
ARG	111	4454	0.024921418949259092	-178.09129571196874	178.27814980328318	175.63421660104757	83.44567261741223	9.344596669609114	12.962506725307282	13.2804625834152	10.640345458228882
ARG	206	4454	0.046250561293219576	-176.76370891755545	177.75138653247467	179.84650203397922	-178.43491529094368	9.321164491725305	11.220577890446489	10.806939676896967	12.516668618415519
ARG	139	4454	0.031207903008531657	-175.1867287928751	-179.54151393813177	-179.94257874030532	-86.38859420566521	8.905874982845393	11.322861863432164	13.903984806730831	11.157228375465094
ARG	78	4454	0.017512348450830714	-176.02092543017247	177.32027097103187	-67.13014904054627	107.2971413597968	11.746134381895727	8.82893915099585	12.494078598174648	5.812029209146006
ARG	168	4454	0.03771890435563539	-176.4937716713623	178.03002744676374	-65.92146659156646	170.42678845880408	10.2363719133851	14.042879562475939	11.720117041368196	18.266624024169726
ARG	130	4454	0.02918724741805119	-175.8307012639007	-179.69008808156735	-61.90776664560516	-83.6220326854699	9.239340853603418	9.756497654628465	13.120142683450647	11.311495418397636
ARG	10	4454	0.00224517287831163	-172.42947008225832	-93.80258727941718	-170.87626068279488	59.03374158227449	11.418546207739968	3.6622892550856747	15.45610473797946	11.823257079109274
ARG	21	4454	0.004714863044454423	-165.7652398166644	-83.2768213067022	178.31755789747078	-174.85741577942042	21.48923844983675	15.491924970395022	14.35680118245406	14.256971130441535
ARG	6	4454	0.001347103726986978	-137.6984163782112	-81.62653939026936	174.78969563565303	-80.27932120903372	12.58887083767376	16.652021124831307	11.752495903477742	12.324536482312928
ARG	26	4454	0.0058374494836102376	-155.02946610131343	-93.77800643251865	-67.46136121427291	173.32776723597715	13.405803582416358	12.422696141287052	16.406409715105408	15.618290045023947
ARG	12	4454	0.002694207453973956	-172.1251095687072	-78.10114758624104	-42.68145720998762	-64.99940638434197	5.156858908114782	35.49447400205301	23.728561060594235	29.499970586179604
ARG	7	4454	0.001571621014818141	-71.8954114515788	81.9078062734335	54.38394802101913	74.46204155257213	13.159377629132347	8.790022494067259	13.703533060510622	11.0060160075567
ARG	13	4454	0.0029187247418051188	-83.45016003867578	102.81518218703967	71.00124887218139	175.99114812218536	14.36447053350988	10.177615486472506	13.513090142132315	13.367949114376925
ARG	13	4454	0.0029187247418051188	-94.07443809810714	74.49506871754299	177.28415213900365	88.29223391175884	16.344942230939335	20.484685248656657	14.94240060072892	19.73601371297104
ARG	21	4454	0.004714863044454423	-82.29669040821587	76.14489762082457	176.78648780381224	168.97107968308373	12.553888477685273	16.259647925634205	10.170311030704111	11.17903820422758
ARG	9	4454	0.002020655590480467	-78.58704234591477	98.91986735497792	-150.54518597616467	-78.73834094079913	16.771601018541617	9.96833542848461	18.30434439668754	11.370746292051187
ARG	148	4454	0.03322855859901212	-68.02213692450385	176.98088094698534	64.57897603269225	83.38900487071781	8.854969988188408	8.94943777849814	10.748727731671506	9.244543718242852
ARG	259	4454	0.05814997754827122	-66.10811338731835	178.73909045783367	64.5313638087365	-172.5700675843672	9.071738368057094	12.840079068780486	10.059735816719272	14.668592407587637
ARG	44	4454	0.009878760664571173	-64.42824144214616	179.54816548929693	74.07981929308028	-103.93437107495029	9.657160828405377	10.516362059418682	12.002622452714167	10.421126158273598
ARG	223	4454	0.05006735518634935	-67.87576876655406	-174.57804581071775	-179.3000452010207	87.83337467676888	7.742957537468206	12.609557872392756	12.6855229547712	11.542417199897729
ARG	397	4454	0.08913336326897171	-66.64507119417001	-179.41000060640383	-179.257118569875	177.94089568856782	7.780117411642697	10.049799476734522	10.591833243427113	13.064297123327847
ARG	217	4454	0.048720251459362374	-67.83220177048308	179.5985706356918	-178.8944468233532	-83.91823594637093	7.450352919147355	10.570294532934794	12.109535524357653	11.178776158272893
ARG	56	4454	0.012572968118545127	-71.87987973097246	-172.50456975528027	-78.65722442247286	106.14263806691717	9.255245190231845	7.441374953857228	15.146163740420661	7.596101206397585
ARG	251	4454	0.056353839245621914	-69.44305112977395	179.95283694698958	-69.63853814242538	171.366114547517	10.903774021160269	13.5041906544502	11.861171932679474	17.946128073921923
ARG	189	4454	0.042433767400089806	-70.0675344522655	-168.89821409585124	-63.73368061341395	-86.26523231617203	8.810845391408122	8.28156642225829	12.658695866620269	12.191622396171699
ARG	19	4454	0.004265828468792097	-65.20001790487072	-77.73504807950256	73.3703998290345	85.66302808276	7.3750662764694335	14.080282890894887	14.069720283559098	9.41156635332393
ARG	22	4454	0.004939380332285586	-62.72066674706274	-62.89011007220841	87.03895362405758	-156.20065197785706	4.850495248470375	15.06095274752414	14.718770383397747	14.568604958762263
ARG	50	4454	0.01122586439155815	-60.42923870590977	-66.63526800095045	179.7566007042346	82.9606346659272	9.694898693612382	12.647500104702125	15.567227381533822	10.796569740997434
ARG	118	4454	0.026493039964077234	-63.628409644017204	-69.91862293986964	179.61385823260716	-179.64250209429431	9.345926372011206	10.136194694613685	12.502947276289804	13.252300616789816
ARG	81	4454	0.018185900314324203	-66.29213823015715	-69.47460353877081	-176.97609532054153	-86.49450257159205	6.773644762018759	7.405292639604473	8.643423877549788	9.722317690143816
ARG	10	4454	0.00224517287831163	-58.34617247160462	-72.70994835037091	-75.5017276907229	98.69016035814585	11.641631725926954	6.869069634052882	15.430736190586833	13.425463671372484
ARG	72	4454	0.016165244723843737	-61.41096697058882	-68.65168613291215	-63.94674609704361	171.4559133543949	10.036177536606468	16.418332752869524	11.416193778410827	11.730968681013959
ARG	276	4454	0.06196677144140099	-7.560222357973979	-6.799787986648432	-6.110459310187294	-5.839829451529447	20.868317481765278	21.190093119122434	18.549912103884818	23.20086373984041
LYS	11	5141	0.0021396615444466056	67.83020263662375	94.56285095897633	174.82330686381326	177.91517289043952	8.912356475721843	12.85016510258556	9.873534069250688	6.071479739098222
LYS	14	5141	0.0027232056020229526	62.930825416800175	174.13254585911514	65.44154257232132	65.07543658148721	10.419148416849655	11.430401752870997	7.73615446622638	9.204807594196598
LYS	46	5141	0.008947675549503988	58.52761697108659	178.86628990979324	64.91714692891173	175.2173978390226	17.053976496622756	11.011468623591854	8.130960843409953	10.272894333812657
LYS	25	5141	0.004862867146469559	61.89905497484896	-178.71897364785104	179.04826410975184	61.61867060551088	14.197251020142375	11.072859124815784	9.815001726905711	11.869088027046004
LYS	120	5141	0.02334176230305388	62.977331255746414	179.90743646544556	-179.33029231455316	179.0575753288191	9.003822842268352	7.52606258999939	7.74444718907202	7.6827053340110405
LYS	38	5141	0.007391558062633729	63.574302208013066	178.24208101014662	-175.6078439291891	-66.70023602633296	7.887268636884476	9.612210454191668	10.777905411031515	9.748165550108679
LYS	36	5141	0.007002528690916164	65.34980916172549	-176.21983414013107	-68.32214867440369	-170.89297401757048	9.953045326584052	13.116770360120697	11.353545541082507	12.485808730702045
LYS	17	5141	0.0033067496595992995	59.068583477866405	-176.09506009892968	-75.47354179537574	-60.92885222548475	13.576285371512926	11.503639989487391	18.52569618626228	20.123170293426952
LYS	12	5141	0.002334176230305388	-174.29278816259594	66.06649870358095	64.84876265149151	68.54156929978906	9.566506768924636	14.924681092533062	10.996125489312094	7.372266699435218
LYS	32	5141	0.0062244699474810344	-176.6036898539304	64.57248815948445	68.47276476350645	179.34280410300357	8.283838558987242	13.50630375562421	7.792929226922126	8.544518455179595
LYS	40	5141	0.007780587434351294	-175.91503264894558	70.157231115155	177.43167283565242	61.26943099388815	9.928008385193095	13.650769177600345	15.161986183493182	8.160978035028368
LYS	132	5141	0.02567593853335927	-175.74922081686458	66.80060438169639	179.11559127899102	179.3007660721864	11.535432073881722	8.432300215192399	8.757651094649566	8.60433012225815
LYS	49	5141	0.009531219607080334	-176.25343875783875	66.21241453993414	178.26705926693714	-64.23728105681057	9.567690433358457	12.279999943644512	9.220811732588741	10.403476289576659
LYS	8	5141	0.0015561174868702586	-164.8658089571063	78.38733057535529	-80.58407701921843	172.1767328191137	14.804785246150761	16.81625334514548	9.124841628568582	7.711949961635614
LYS	34	5141	0.006613499319198599	-173.20124367140073	168.74626780635862	70.24711951702517	66.40732329565328	10.717228597110248	13.343012658174725	16.412717979104368	6.488369942678285
LYS	120	5141	0.02334176230305388	-172.36839479870576	174.64943216122117	68.08946190841756	175.66017926315507	10.526755798848162	11.90769049808597	11.08552711096923	10.785244639546299
LYS	10	5141	0.0019451468585878235	-175.18949015055315	159.32220510684022	75.67837360110661	-75.11171830614262	6.620353995874128	12.73502277265445	13.959134400705754	12.640642363169132
LYS	146	5141	0.02839914413538222	-175.38699431581233	179.12421723119024	176.48502339220755	63.742976426345244	7.795655173082127	9.822294214234457	10.53572553605067	10.616489488069716
LYS	541	5141	0.10523244504960125	-175.79095712640643	178.12115362839072	179.65084239004875	-179.61639214073062	8.200943036294953	9.230710504622413	8.078898651401921	8.84869500060676
LYS	163	5141	0.031705893794981524	-174.63030346855479	177.96549306023593	-178.1217438564869	-64.53753761101561	10.32842067582132	11.082274885625239	11.500110047530576	10.930238683511034
LYS	11	5141	0.0021396615444466056	-175.67837697657393	173.8885413001193	-71.68143713460103	68.34847920656156	10.229369583755407	9.55488184652706	8.905786091568261	11.396885517032993
LYS	152	5141	0.029566232250534917	-171.56847837520237	-177.38060807441218	-66.87590412877292	-178.83854707964255	10.423217507284695	13.605362754404608	11.225581388767086	10.174318158339602
LYS	61	5141	0.011865395837385722	-176.88908885518953	-177.32376871712214	-63.13446083362969	-59.86223813971152	8.889536525280157	11.920243336560523	25.759909581709998	26.255932926934864
LYS	22	5141	0.004279323088893211	-155.8901419168309	-82.25833117916432	-174.92061435093865	65.87859329052428	16.100853628228172	11.994225491102728	10.253196242630521	11.570311218472925
LYS	27	5141	0.005251896518187123	-153.85943408941463	-79.24773613859686	-178.65598326554462	-178.60023108831487	14.055833789864659	16.128393178657454	8.565850437657915	6.4277405187441135
LYS	11	5141	0.0021396615444466056	-157.6469083033202	-86.70225625356174	-172.13726995389004	-63.95151937387314	16.17101998050753	14.440851801088918	8.887519763947918	6.888206888898935
LYS	6	5141	0.001167088115152694	-159.4058309876899	-106.69095015563799	-70.73574600022033	178.15288511030502	16.117679727497134	7.9918030093065	9.643508784445796	20.815229616343288
LYS	19	5141	0.0036957790313168646	-171.7007944668187	-0.5829159292616675	-0.9582664770643333	-1.171901475487422	8.245564199187507	8.590118814572019	7.577884077548016	5.879946439615372
LYS	5	5141	0.0009725734292939117	-94.56503718022454	88.698695180444	68.14590194174365	71.65256292753273	11.416379866320288	10.452113361890968	9.90204968723405	12.046111659708222
LYS	10	5141	0.0019451468585878235	-89.72572318353812	83.1438987824588	64.31982986232941	-170.64767338206613	9.820299891362428	23.079735293862136	7.4930492721840105	12.84899169812668
LYS	23	5141	0.004473837774751994	-86.19851812137524	67.92565761186498	176.2051033558965	58.99861677161379	7.966274524936491	17.30819929292689	13.060301186306022	13.423938302546516
LYS	62	5141	0.012059910523244505	-85.31326440162393	75.60053009644409	-178.02295605966177	175.92390901217752	16.173576923732703	15.467577848540982	8.467136908494137	8.493221921849786
LYS	19	5141	0.0036957790313168646	-96.46713555821567	66.68571308038631	178.42016027515157	-58.97723983603257	7.505274732634117	11.527573955782236	11.153945142366592	10.948713922943881
LYS	83	5141	0.016144718926278934	-67.80958355147911	174.60284734383885	71.96664884688686	65.28920792438414	9.060374303058223	13.15211817108216	11.176673284578674	9.76527343149017
LYS	185	5141	0.03598521688387473	-68.4175709176848	174.60299503056294	68.697919730392	176.59510287818668	10.682863962840685	15.05951389227418	11.201814208207594	9.731682348927453
LYS	21	5141	0.004084808403034429	-66.72234863565555	174.5759446559019	77.19624865722122	-71.4603817382014	11.482028186642268	13.39740915593675	10.469976485338757	7.995854225391604
LYS	221	5141	0.042987745574790896	-69.19731777726318	-174.24274571305585	176.52821321116	65.0820461359843	8.411922337258263	11.603235147709352	13.397884405728446	10.739089704674532
LYS	938	5141	0.18245477533553783	-67.63364613614054	-178.81097011057747	179.7228858245849	179.09742750863316	7.986954787258813	8.87706981748608	8.804391510970854	9.2302722467964
LYS	231	5141	0.04493289243337872	-66.36814824261936	-179.62637779007827	-178.50879680826776	-63.48972194936916	7.812174909583216	10.545842589075626	11.872591254902922	10.746640633376929
LYS	17	5141	0.0033067496595992995	-68.94289238875997	-176.34874142852692	-80.06639218021141	68.04469879252241	12.934992668126823	13.880378830774726	11.914631595330459	8.840775833816108
LYS	176	5141	0.03423458471114569	-67.2149751974424	-171.53902383293592	-69.13505468145189	-177.1878255034323	8.50488616614366	11.752684511640709	11.661906759243273	11.518716842406397
LYS	91	5141	0.017700836413149193	-66.93656163226386	-173.58557738178962	-60.72635508261775	-57.31351625236553	8.665811495251951	11.523619007785722	22.82694642877639	24.44644031052813
LYS	15	5141	0.002917720287881735	-58.59466518191236	-87.78853149237362	77.65439254808923	173.80826779060703	8.748278982744809	14.274354943793382	9.589834801820135	10.615069827273505
LYS	5	5141	0.0009725734292939117	-80.94641343165253	-80.42950595562914	78.89653256562923	-47.57232419461438	13.749953332153353	11.798078654034915	6.685290945189135	33.93385691391882
LYS	100	5141	0.019451468585878234	-63.366933341952006	-68.694460012721	-179.39237466305104	62.6192387703027	8.908969148964704	12.713509094242122	12.086931972745859	10.299862285554857
LYS	263	5141	0.05115736238085976	-64.12433848033005	-66.26537152702669	-179.72273596918134	-178.41926053660302	9.30358548936867	10.495717982356856	9.232126202486734	8.902903334039678
LYS	115	5141	0.02236918887375997	-61.53928484312349	-64.07422695866285	-178.56048391344825	-62.1661797938704	8.449396874517074	9.593166214485727	11.258132739269849	9.825265151353387
LYS	7	5141	0.0013616028010114763	-56.15957661741239	-68.29621538146105	-103.23232166541825	60.775663354914876	12.145729774634782	11.101962832446613	10.016364797204227	5.057156514295184
LYS	59	5141	0.011476366465668159	-60.382523159964265	-65.08986817739118	-71.65623429898362	-177.56749161108556	10.782232552026855	12.34567816992894	9.437323402994771	8.802663072607729
LYS	545	5141	0.10601050379303638	-0.3268170135790243	-0.01642278728893152	-0.0006803595839858939	-0.0008678560834680554	4.428198299285495	0.9766651850510888	0.20433287166774078	0.2142795289065365
GLU	15	5369	0.002793816353138387	59.66253952878923	92.2317075656833	34.47473055544895		21.770990065524582	11.08376594343944	25.659702355795076	
GLU	174	5369	0.03240826969640529	58.75098137394916	-177.81630003121012	40.44307595545083		12.259977485730536	10.483240678970319	21.011821465546824	
GLU	166	5369	0.030918234308064816	61.029178060527535	-179.2021497901845	-37.79296225344611		10.834342741565834	10.840941140021199	20.324815087669773	
GLU	66	5369	0.012292791953808902	62.41142292606057	-89.07906364078967	31.64335631492442		9.708861753250538	7.6024534444114025	16.717142706335206	
GLU	63	5369	0.011734028683181226	53.27418655381477	-74.44974479824644	-39.7905983615417		16.60479082806081	13.561038118509494	17.269552270011463	
GLU	385	5369	0.07170795306388526	-169.7218962632921	64.68185843486602	35.958140786101595		12.343644982571291	9.040768301425345	16.662562851057636	
GLU	95	5369	0.017694170236543117	-171.36638820893512	73.94927516501492	-39.12510626482702		13.781863125813022	11.046200646420964	24.26679556877295	
GLU	527	5369	0.09815608120692866	-176.0991873150879	177.59259784369388	32.74219133791174		10.097941431837196	10.07617534328638	19.847745461478507	
GLU	602	5369	0.1121251629726206	-173.99342716684876	-179.86342231673245	-32.31053397432428		9.781488676210955	9.865827519692123	18.99585642660049	
GLU	17	5369	0.003166325200223505	-162.37864913505626	-95.66354763898238	43.078160704917174		20.080258882290106	9.417779292559581	24.037025117792147	
GLU	108	5369	0.020115477742596387	-166.66718978634583	-83.56429091869033	-30.70039464493189		16.080095358396758	15.192434763047846	20.37320187346042	
GLU	201	5369	0.03743713913205439	-68.33246885450195	76.63906463383003	34.73193731928156		13.153443671454907	9.183837994260207	19.356133837250216	
GLU	159	5369	0.029614453343266903	-66.05498764220609	86.51748041632575	-32.84917154064197		10.47645634009554	7.672082840962637	21.89221484556272	
GLU	839	5369	0.15626746135220712	-68.34202347695157	176.57792087970535	31.740031427265958		9.840992267874343	11.13906976526321	19.55356464704927	
GLU	867	5369	0.16148258521139877	-66.68205516378215	-179.9342421537054	-30.346199771100398		8.16332791585867	9.769259239116645	18.72367457606346	
GLU	154	5369	0.028683181225554105	-66.13305199846566	-76.84751624501105	34.97093251407912		10.609012232250603	10.881530750533274	23.61139183928245	
GLU	928	5369	0.17284410504749487	-54.15835430868198	-51.231766201321875	-24.277086347881472		26.658705060398624	26.583584998478763	22.125233965016065	
GLN	8	2604	0.0030721966205837174	64.76496266108134	83.53840913794858	38.174197005549395		7.09387723990705	9.452774683185819	14.582891866931178	
GLN	51	2604	0.019585253456221197	64.65666700148208	-175.94696314041627	53.33950020635436		7.2751915055941065	11.491482108112006	21.505247058992076	
GLN	23	2604	0.008832565284178187	55.188387830368704	-173.90744060222008	163.48180923260503		15.932751889064612	10.32176881486038	13.261445164934146	
GLN	58	2604	0.02227342549923195	61.28154572735014	-178.655272087894	-49.68563392870598		8.354869225969004	7.989338572363076	19.758268692585457	
GLN	19	2604	0.007296466973886329	63.09644590006788	-83.89801315470733	22.075348202484026		12.96270142529996	6.602606965027795	17.656103808180323	
GLN	15	2604	0.00576036866359447	63.522202186512686	-73.15306335000506	-43.26316699351978		12.499516747502051	10.355535482414846	15.691694691926774	
GLN	210	2604	0.08064516129032258	-173.43165238231887	64.98410079239486	48.136173147179164		9.666308742562869	8.43866646604144	15.043964032128592	
GLN	42	2604	0.016129032258064516	-171.15169201289862	68.11683618948065	-148.82658788794126		13.405646271159592	8.983522589553033	18.35819714951837	
GLN	62	2604	0.023809523809523808	-173.43718442400498	69.27476751764371	-74.08824138859602		11.490576794850705	8.357559817917377	25.919800756822887	
GLN	182	2604	0.06989247311827956	-176.04715904735698	177.52774543715645	48.60549676798886		8.752030406628904	9.5284335003553	19.95151895532894	
GLN	62	2604	0.023809523809523808	-176.36028698459958	177.73615730603564	176.63545416389627		9.292794347952618	8.157858601403674	23.74578594269365	
GLN	211	2604	0.08102918586789555	-174.8993289971859	-179.8978856432207	-37.16785029942657		9.563445532102095	9.316404745486661	20.903674735993736	
GLN	13	2604	0.0049923195084485405	-166.65265044214664	-90.08565692694324	52.1722512839031		15.69982090766084	17.230342913477035	30.06302590649927	
GLN	33	2604	0.012672811059907835	-170.28868026574608	-87.1879815221532	-35.412511733057514		11.785268034987116	11.670535378847779	14.821966308976137	
GLN	55	2604	0.021121351766513058	-70.25120643052361	76.78926781173342	46.23843567439091		9.58593392122889	10.127206105463072	17.13282719952392	
GLN	11	2604	0.004224270353302612	-70.09090222096866	80.78961091183751	-156.7168694183856		14.091191571472333	8.940957086796633	18.69537943655464	
GLN	53	2604	0.020353302611367127	-72.60816061130828	87.80943420624737	-52.38327084026615		15.244554747597617	13.47914417591522	26.508508518042202	
GLN	395	2604	0.15168970814132104	-66.7313186407782	178.80564270717605	44.22707671302961		8.079470058298847	10.668974762161339	20.753225968865703	
GLN	117	2604	0.044930875576036866	-64.92387008855523	177.75455439433975	-171.46978131846728		10.12707552728443	10.522959831972491	20.769622990459222	
GLN	426	2604	0.16359447004608296	-68.08605228611225	178.57526951094317	-41.654970137050306		7.306692724665467	8.244143854626016	19.60711482086175	
GLN	98	2604	0.03763440860215054	-64.98000371352207	-70.18754254845342	77.20048054779532		9.647061488737037	12.244251438899523	28.640422481776167	
GLN	60	2604	0.02304147465437788	-65.32592441340533	-65.22406353521517	143.96515368257425		8.037489996779065	8.3416044352856	19.230067830181234	
GLN	388	2604	0.1490015360983103	-60.687756791205935	-56.34421291155359	-36.7964719297563		17.73381925680135	19.043316594546166	21.156796629672883	
MET	5	1428	0.0035014005602240898	69.90295259322868	87.11361041884474	71.71899003637304		5.322087790114915	4.483108180499623	8.601509116495045	
MET	34	1428	0.023809523809523808	63.077594153646565	-177.90507411343708	72.71709670070275		8.933727976238231	9.235152748101672	13.039114677829712	
MET	20	1428	0.014005602240896359	62.97949836374481	-174.89000750239416	-167.17981969942574		11.907507692756074	6.988949003420402	20.315279983967173	
MET	38	1428	0.02661064425770308	63.06170349005839	179.83240521156696	-69.45859741895991		9.656570906123967	11.285182820963866	11.343841664489702	
MET	10	1428	0.0070028011204481795	63.40322456853331	-0.030988139976942386	-0.051339483130829054		13.825868124457404	2.7787480884779345	1.859276576614575	
MET	58	1428	0.04061624649859944	-172.55626766681766	63.335066751974075	73.07620886466746		9.422128484090083	6.56802812658177	12.097336194548758	
MET	29	1428	0.02030812324929972	-169.19380786169563	59.72545924615595	-172.13919556705838		10.006104135599621	7.280434388760812	15.460031059090543	
MET	12	1428	0.008403361344537815	-162.3778042353481	71.25255559976594	-93.43291673133817		15.107364977814056	8.42605713319855	17.959649745687777	
MET	91	1428	0.06372549019607843	-177.47979870658708	-178.88036749760772	71.53908576500054		8.043507778701667	11.705382629636624	12.635283195422456	
MET	31	1428	0.021708683473389355	-170.89922964689183	178.31305118817258	177.6554695418443		10.553623308794208	8.04676065118863	13.360236887352142	
MET	88	1428	0.06162464985994398	-172.0960110861898	177.6367780510871	-70.79734658588129		10.935489085291444	9.016351787163172	11.848188493324052	
MET	5	1428	0.0035014005602240898	-158.51574645317766	-75.12046378809627	164.1635103958739		14.35587375818335	12.228324419843112	20.215963494661608	
MET	64	1428	0.04481792717086835	-173.08211695054356	-2.798569137222664	-2.8993756783533944		11.335211584098356	18.36932944311145	14.827311168041845	
MET	6	1428	0.004201680672268907	-70.70523775652177	77.49105975159065	167.0313304554093		19.487267770065706	14.041120172892683	16.135602078152413	
MET	222	1428	0.15546218487394958	-67.9747018318215	178.54066943614907	70.67768441404813		7.5073998930643695	8.633082653212359	10.861899038684015	
MET	85	1428	0.05952380952380952	-67.58508491748746	-177.00044223347894	178.8578743118739		7.604001921912585	7.198691963869733	16.38335027438688	
MET	142	1428	0.09943977591036414	-68.12873466201677	-173.7690368632246	-67.65640548369888		8.149432323484115	8.521791320909218	13.863966772634052	
MET	69	1428	0.04831932773109244	-63.910373572820156	-64.75760212068765	95.61785517003507		5.17603680337811	8.789001707816583	8.050708749482096	
MET	42	1428	0.029411764705882353	-65.82768629555446	-59.29188731723483	164.1049591126217		8.511322136305004	10.176739720137466	18.405850656176856	
MET	361	1428	0.25280112044817926	-65.92316247304564	-45.99581055352971	-51.60312255578459		9.944625902644798	26.458587339404854	30.709938120075897	
ASP	273	4062	0.0672082717872969	58.449813147740535	25.939040072299907			8.102769846517145	18.248103436733974		
ASP	328	4062	0.08074839980305268	61.31391271494927	-32.4676393904655			7.843917233040842	18.609894070863987		
ASP	704	4062	0.17331363860167406	-173.6081658638545	38.93916905508371			8.20941029949131	21.42171879063384		
ASP	570	4062	0.14032496307237813	-170.10108425538294	-30.471963799749904			7.741128375601918	20.8539901875769		
ASP	429	4062	0.10561299852289513	-72.9596626095821	26.857668233273763			9.99061076120374	19.41844045273319		
ASP	1758	4062	0.4327917282127031	-67.69916833846449	-27.549976507414065			8.999068777433997	15.830053088020087		
ASN	207	2987	0.06930030130565785	61.94915898761727	42.10274252770012			8.478214379528264	22.89548833266937		
ASN	27	2987	0.009039169735520589	61.68705296813912	-173.1460182391277			11.032469347910139	26.228916431821546		
ASN	162	2987	0.05423501841312354	62.167612294860305	-38.565338034050455			7.2212526319813	17.636982127021405		
ASN	399	2987	0.1335788416471376	-170.60100183511813	39.27471815729628			9.753044261842867	16.788820047498074		
ASN	66	2987	0.022095748242383664	-166.98487164550556	-159.62255523015358			9.892250722071488	24.71328522218323		
ASN	375	2987	0.12554402410445262	-170.36515435504154	-49.447193865993796			8.56400744213195	26.226925365273782		
ASN	307	2987	0.10277870773351189	-70.31124460806885	56.21840697764468			11.949372134693517	32.784419722741575		
ASN	205	2987	0.06863073317710076	-69.19408681491375	151.33979190052392			9.126010378100585	17.648877513330525		
ASN	1239	2987	0.4147974556411115	-68.07621015161925	-37.577060306670276			9.904600907344188	19.02159982137401		
HIS	70	1687	0.04149377593360996	60.02689723310022	82.72465033364419			6.810767657485264	13.104104278598511		
HIS	17	1687	0.01007705986959099	60.39853200854047	-146.63856185262833			5.145470045517622	27.06592240100296		
HIS	114	1687	0.06757557794902193	65.98081563458477	-81.33893997515561			7.5794460137435316	11.271310111437867		
HIS	236	1687	0.13989330171902786	-178.39121603466756	71.29630160455379			8.378429644587682	12.33593673403148		
HIS	77	1687	0.04564315352697095	-172.7257945656041	-159.92911982345316			8.140597762525708	23.90382505870087		
HIS	224	1687	0.13278008298755187	-172.06643943468123	-85.39691831032312			7.961636658785601	15.33254360256029		
HIS	263	1687	0.15589804386484885	-66.66465832006268	84.081974794796			7.741865253315018	14.150179023154717		
HIS	169	1687	0.1001778304682869	-68.61444292436428	161.55465884083378			6.007847572523262	19.415863366951285		
HIS	517	1687	0.3064611736810907	-61.42918994236654	-70.51427714860998			8.910556244554297	15.504860961619954		
LEU	55	6495	0.008468052347959968	58.65059393209501	80.84498085257674			11.770965758930524	12.989822821303509		
LEU	41	6495	0.006312548113933795	70.33360128045851	164.45612496923025			10.803271880382288	12.10227790543748		
LEU	7	6495	0.001077752117013087	58.630280689676695	-56.934012216091844			12.70734548908035	16.47673821727877		
LEU	1612	6495	0.24819091608929947	-178.07387053940556	61.534583311179624			8.361289200436605	7.144403987091108		
LEU	280	6495	0.04311008468052348	-157.68258838869681	175.38542641079917			15.189149666103818	22.845399507307103		
LEU	76	6495	0.01170130869899923	-161.56523747237762	-78.48321480251983			12.560730271889618	18.411862367359216		
LEU	444	6495	0.06836027713625865	-89.01555496014092	50.00486795914251			11.604068051626223	17.600208007331474		
LEU	3760	6495	0.5789068514241724	-66.28199284478939	175.57875213150993			7.280974660051773	7.219304796733213		
LEU	220	6495	0.03387220939183987	-56.02196033844489	-23.787974018517556			37.12126572019146	25.32028323146974		
ILE	78	3944	0.01977687626774848	58.68183684781472	93.04381157646334			11.3535348556003	9.004858697202343		
ILE	467	3944	0.1184077079107505	63.237029950560554	172.38118478953075			6.38306687650608	7.53701055125046		
ILE	9	3944	0.002281947261663286	67.3658679282366	-71.4794952452906			9.206180227041829	13.133172073834636		
ILE	118	3944	0.029918864097363083	-168.6581082246971	64.62972506400688			8.181437895874108	7.8394714762146736		
ILE	211	3944	0.053498985801217036	-171.34198980176862	169.97685009950047			7.444115869635788	8.165857228109902		
ILE	7	3944	0.0017748478701825558	-172.5547906692462	-86.94269675022588			10.03436251171284	9.993985968275474		
ILE	148	3944	0.037525354969574036	-70.60967559779024	82.45479040839791			11.083653693810938	13.009853407345526		
ILE	2178	3944	0.5522312373225152	-63.84141175780885	172.9969831160122			6.204975845816803	7.599746974590223		
ILE	728	3944	0.1845841784989858	-57.76599033615514	-60.68109547528369			7.675457864979047	9.89861473993262		
PHE	139	2889	0.04811353409484251	61.207137302058406	82.344817467544			7.987068071841435	4.884713689353052		
PHE	159	2889	0.055036344755970926	63.67441452942201	-82.16436615414737			6.654688512615017	5.139872346466413		
PHE	832	2889	0.2879889235029422	-179.8588500653703	72.07101747508361			7.312722544834079	9.53005572706755		
PHE	132	2889	0.04569055036344756	-171.7294143447808	-80.79086265497841			8.011620902931764	7.206821124049254		
PHE	483	2889	0.1671858774662513	-69.66389163846429	78.76646758072629			8.665382718502022	9.337946716752656		
PHE	1144	2889	0.3959847698165455	-65.6544057515988	-68.73348754219323			8.355575640391452	15.04748646433935		
PRO	35	3315	0.010558069381598794	5.175484915167469	9.885842407394136			3.1089333858079518	4.915708692173395		
PRO	1444	3315	0.43559577677224737	27.414384780751412	-35.36647249727049			5.189780391009194	4.725815131120184		
PRO	1813	3315	0.5469079939668176	-25.78817200923629	36.37739268568048			5.0539670446888625	4.641352679192707		
PRO	23	3315	0.0069381598793363496	-2.3415462445989044	-1.9346703946903683			3.901940404055135	3.372142671606055		
TRP	35	826	0.0423728813559322	57.7825212112379	87.17277981186915			7.607460290647266	8.100059227447899		
TRP	90	826	0.1089588377723971	62.91848302508017	-90.59978329468935			8.272736097517031	7.992905867663807		
TRP	162	826	0.19612590799031476	179.8435676657081	80.42026499828167			7.0043838461483405	9.637370655507553		
TRP	22	826	0.026634382566585957	-177.38221945460236	-128.48277429673934			9.432802217909341	5.477525955882093		
TRP	114	826	0.13801452784503632	-176.19402260989784	-96.11337550240596			9.859134599281953	12.628231954279554		
TRP	273	826	0.3305084745762712	-69.72383776715087	93.56905542678221			8.16838949993232	15.397153494362664		
TRP	18	826	0.021791767554479417	-66.57017474598473	127.07934253508044			10.004552308688423	5.272698098869068		
TRP	112	826	0.13559322033898305	-67.8194286391423	-39.046788128027046			9.211058131086583	32.34330562645537		
TYR	140	2622	0.05339435545385202	61.65900131265588	81.64372767437864			7.813611721901854	5.714198294567993		
TYR	128	2622	0.04881769641495042	65.2754686490689	-81.29020768914553			7.89800810616738	6.451311503811431		
TYR	784	2622	0.2990083905415713	-179.88151241841697	73.62608584439121			7.22231635767404	9.051424758618209		
TYR	186	2622	0.07093821510297482	-176.5294491132454	-81.5294686241295			7.359208882623353	6.152288894802848		
TYR	416	2622	0.15865751334858885	-68.32159181557661	79.75692124777386			8.80037108696562	8.467243359174494		
TYR	968	2622	0.3691838291380625	-64.90577194449911	-68.72759368816456			9.599346116306707	14.756563777934653		
CYS	195	861	0.2264808362369338	64.82415221755606				7.63815322211791			
CYS	227	861	0.26364692218350755	-176.78769671057026				7.1167935240670985			
CYS	439	861	0.5098722415795587	-65.59632419061502				8.269882763291683			
SER	1697	3926	0.4322465613856342	64.84550033900734				8.810501877795973			
SER	1065	3926	0.27126846663270504	177.89466521008876				9.483645335956528			
SER	1164	3926	0.29648497198166074	-61.25773212752559				10.54673231338561			
THR	1679	3476	0.4830264672036824	61.80114214883676				7.592853216298393			
THR	322	3476	0.09263521288837745	-178.55304191786422				10.479540277397572			
THR	1475	3476	0.4243383199079402	-58.11269948521985				7.843244947267493			
VAL	413	4304	0.09595724907063197	61.79379943131896				10.136895330646338			
VAL	2992	4304	0.6951672862453532	175.93020032072815				6.612154818704507			
VAL	899	4304	0.20887546468401488	-60.38843887083033				9.27298716384202			
